source_center,destination_center,shipments,breach_count,breach_rate,median_delay_ratio,sla_breach_contribution
IND000000AAL,IND411033AAA,37,37,1.0,2.4166666666666665,0.02702663218944939
IND000000AAQ,IND700028AAB,4,4,1.0,6.071428571428571,0.002921798074535069
IND000000AAS,IND783370AAC,18,18,1.0,1.7112794612794613,0.013148091335407808
IND000000AAZ,IND444203AAA,3,3,1.0,4.365853658536586,0.0021913485559013016
IND000000AAZ,IND444303AAA,3,3,1.0,4.0,0.0021913485559013016
IND000000ABA,IND683565AAA,13,5,0.38461538461538464,1.0952380952380953,0.003652247593168836
IND000000ABD,IND562132AAA,144,144,1.0,1.6409012020312401,0.10518473068326246
IND000000ABG,IND501359AAF,41,40,0.975609756097561,2.3333333333333335,0.02921798074535069
IND000000ACA,IND140406AAA,6,6,1.0,1.699248120300752,0.004382697111802603
IND000000ACA,IND142001AAB,36,36,1.0,1.519091847265222,0.026296182670815616
IND000000ACA,IND142401AAA,24,23,0.9583333333333334,1.6842105263157894,0.016800338928576644
IND000000ACA,IND143001AAA,7,7,1.0,1.619718309859155,0.0051131466304363705
IND000000ACA,IND144001AAB,51,51,1.0,1.5769230769230769,0.037252925450322126
IND000000ACA,IND144514AAA,24,13,0.5416666666666666,1.2487179487179487,0.009495843742238974
IND000000ACA,IND147301AAA,6,6,1.0,1.6851851851851851,0.004382697111802603
IND000000ACA,IND152026AAA,7,7,1.0,1.514018691588785,0.0051131466304363705
IND000000ACA,IND160002AAC,303,300,0.9900990099009901,1.9361702127659575,0.21913485559013016
IND000000ACB,IND000000AEL,138,135,0.9782608695652174,1.6229096989966556,0.09861068501555857
IND000000ACB,IND110024AAA,36,36,1.0,2.098148148148148,0.026296182670815616
IND000000ACB,IND110030AAD,135,125,0.9259259259259259,1.6734693877551021,0.0913061898292209
IND000000ACB,IND110037AAK,158,139,0.879746835443038,1.5384615384615385,0.10153248309009363
IND000000ACB,IND110043AAA,67,61,0.9104477611940298,1.7142857142857142,0.0445574206366598
IND000000ACB,IND110043AAC,45,45,1.0,1.8,0.032870228338519526
IND000000ACB,IND110052AAA,14,14,1.0,1.3333333333333333,0.010226293260872741
IND000000ACB,IND110064AAA,286,225,0.7867132867132867,1.4555335968379448,0.16435114169259762
IND000000ACB,IND110085AAB,165,156,0.9454545454545454,1.5454545454545454,0.11395012490686769
IND000000ACB,IND110092AAC,35,33,0.9428571428571428,1.627906976744186,0.02410483411491432
IND000000ACB,IND110095AAB,266,152,0.5714285714285714,2.0,0.11102832683233262
IND000000ACB,IND121002AAB,341,319,0.9354838709677419,1.6,0.23301339644417174
IND000000ACB,IND121004AAB,185,176,0.9513513513513514,1.5806451612903225,0.12855911527954303
IND000000ACB,IND122001AAA,224,162,0.7232142857142857,1.3944444444444444,0.11833282201867028
IND000000ACB,IND122015AAC,8,8,1.0,1.95,0.005843596149070138
IND000000ACB,IND124103AAA,29,29,1.0,1.9565217391304348,0.021183036040379247
IND000000ACB,IND124112AAA,35,34,0.9714285714285714,1.9634146341463414,0.02483528363354809
IND000000ACB,IND125001AAA,105,104,0.9904761904761905,2.1875,0.07596674993791179
IND000000ACB,IND125005AAA,28,28,1.0,1.7626641651031894,0.020452586521745482
IND000000ACB,IND125033AAA,12,12,1.0,2.264397689768977,0.008765394223605207
IND000000ACB,IND127021AAA,10,10,1.0,2.0081092616303886,0.007304495186337672
IND000000ACB,IND131028AAB,741,667,0.9001349527665317,1.75,0.4872098289287227
IND000000ACB,IND160002AAC,656,637,0.9710365853658537,1.8590322580645162,0.4652963433697097
IND000000ACB,IND201001AAC,36,33,0.9166666666666666,1.5454545454545454,0.02410483411491432
IND000000ACB,IND201007AAA,63,44,0.6984126984126984,1.5625,0.03213977881988576
IND000000ACB,IND201301AAF,62,38,0.6129032258064516,1.4010741510741511,0.027757081708083154
IND000000ACB,IND201301AAM,304,300,0.9868421052631579,1.9852941176470589,0.21913485559013016
IND000000ACB,IND209304AAA,269,263,0.9776951672862454,2.303448275862069,0.1921082234006808
IND000000ACB,IND282002AAD,72,72,1.0,1.9532710280373833,0.05259236534163123
IND000000ACB,IND301001AAB,24,6,0.25,1.0227272727272727,0.004382697111802603
IND000000ACB,IND301705AAA,3,3,1.0,3.588235294117647,0.0021913485559013016
IND000000ACB,IND302014AAA,270,270,1.0,2.029827662395051,0.19722137003111714
IND000000ACB,IND302022AAD,180,180,1.0,1.7249096748293857,0.1314809133540781
IND000000ACB,IND328001AAA,50,44,0.88,1.7418941784424018,0.03213977881988576
IND000000ACB,IND382430AAB,557,557,1.0,1.8881278538812785,0.4068603818790083
IND000000ACB,IND390022AAA,385,361,0.9376623376623376,1.7955271565495208,0.26369227622679
IND000000ACB,IND411033AAA,1120,1110,0.9910714285714286,1.7577352472089314,0.8107989656834816
IND000000ACB,IND421302AAG,1617,1617,1.0,1.8706467661691542,1.1811368716308015
IND000000ACB,IND462022AAA,458,458,1.0,1.7523526385862986,0.33454587953426534
IND000000ACB,IND474003AAA,13,13,1.0,2.1970443349753697,0.009495843742238974
IND000000ACB,IND501359AAE,1639,1637,0.9987797437461867,1.8243243243243243,1.1957458620034769
IND000000ACB,IND521225AAB,686,686,1.0,1.9303796518607443,0.5010883697827643
IND000000ACB,IND562132AAA,4976,4961,0.9969855305466238,1.6844001999514844,3.623760061942119
IND000000ACB,IND600056AAB,1015,1015,1.0,1.7717842323651452,0.7414062614132738
IND000000ACB,IND712311AAA,2862,2859,0.9989517819706499,2.026579314094646,2.0883551737739405
IND000000ACB,IND751002AAB,853,843,0.9882766705744431,1.930795847750865,0.6157689442082658
IND000000ACB,IND821115AAB,665,665,1.0,2.1115537848605577,0.48574892989145524
IND000000ACB,IND834002AAB,729,727,0.9972565157750343,1.9363636363636363,0.5310368000467487
IND000000ACB,IND842001AAA,720,720,1.0,1.9097730209562336,0.5259236534163124
IND000000ACK,IND501359AAF,94,93,0.9893617021276596,2.486842105263158,0.06793180523294036
IND000000ACN,IND501359AAF,32,32,1.0,2.2287581699346406,0.02337438459628055
IND000000ACT,IND000000ACB,314,257,0.8184713375796179,1.5205254515599342,0.18772552628887818
IND000000ACT,IND131028AAB,175,110,0.6285714285714286,1.3333333333333333,0.08034944704971439
IND000000ACT,IND160002AAC,210,206,0.9809523809523809,1.7976190476190477,0.15047260083855604
IND000000ADM,IND683511AAA,3,3,1.0,1.4545454545454546,0.0021913485559013016
IND000000ADV,IND600044AAC,72,72,1.0,1.6666666666666667,0.05259236534163123
IND000000AEL,IND000000ACB,102,96,0.9411764705882353,1.7192118226600983,0.07012315378884165
IND000000AEM,IND110037AAB,51,48,0.9411764705882353,2.076923076923077,0.035061576894420826
IND000000AEM,IND110064AAB,66,66,1.0,1.9645989974937343,0.04820966822982864
IND000000AET,IND000000AAS,24,24,1.0,2.4680272108843537,0.017530788447210413
IND000000AFF,IND734203AAA,3,3,1.0,4.842105263157895,0.0021913485559013016
IND000000AFG,IND673027AAB,2,2,1.0,1.7648953301127213,0.0014608990372675344
IND000000AFG,IND673632AAA,6,6,1.0,2.176245210727969,0.004382697111802603
IND000000AFJ,IND695121AAA,40,7,0.175,1.0769230769230769,0.0051131466304363705
IND000000AFJ,IND695572AAB,2,2,1.0,2.111111111111111,0.0014608990372675344
IND000000AFR,IND683511AAA,24,24,1.0,1.9045454545454545,0.017530788447210413
IND000000AFT,IND400072AAB,20,20,1.0,2.0,0.014608990372675344
IND000000AFT,IND400701AAA,2,2,1.0,2.8903508771929824,0.0014608990372675344
IND000000AFT,IND400706AAA,3,3,1.0,5.222222222222222,0.0021913485559013016
IND000000AFT,IND410206AAA,5,5,1.0,2.5,0.003652247593168836
IND000000AFT,IND410206AAB,2,2,1.0,3.0588235294117645,0.0014608990372675344
IND000000AFT,IND410209AAA,80,80,1.0,2.1666666666666665,0.05843596149070138
IND000000AFT,IND410210AAA,25,25,1.0,2.875,0.018261237965844182
IND000000AFT,IND421302AAG,29,29,1.0,2.769230769230769,0.021183036040379247
IND110014AAA,IND110024AAA,20,20,1.0,3.2857142857142856,0.014608990372675344
IND110020AAB,IND110037AAM,11,11,1.0,2.739130434782609,0.00803494470497144
IND110024AAA,IND110014AAA,13,13,1.0,2.0,0.009495843742238974
IND110030AAD,IND000000ACB,34,33,0.9705882352941176,1.6631205673758864,0.02410483411491432
IND110035AAC,IND110037AAM,6,6,1.0,1.619047619047619,0.004382697111802603
IND110037AAK,IND000000ACB,177,171,0.9661016949152542,1.8421052631578947,0.1249068676863742
IND110037AAM,IND000000ACB,24,23,0.9583333333333334,1.586993970714901,0.016800338928576644
IND110037AAM,IND110020AAB,26,26,1.0,3.217391304347826,0.018991687484477947
IND110037AAM,IND110024AAA,36,36,1.0,2.6243478260869564,0.026296182670815616
IND110037AAM,IND110035AAC,72,67,0.9305555555555556,2.0513157894736844,0.0489401177484624
IND110037AAM,IND110064AAA,3,3,1.0,2.1875,0.0021913485559013016
IND110037AAM,IND110085AAB,46,45,0.9782608695652174,1.8660714285714286,0.032870228338519526
IND110037AAM,IND110092AAC,3,3,1.0,2.193548387096774,0.0021913485559013016
IND110037AAM,IND121004AAB,138,135,0.9782608695652174,1.9807692307692308,0.09861068501555857
IND110037AAM,IND125001AAA,7,7,1.0,1.734375,0.0051131466304363705
IND110037AAM,IND131028AAB,5,4,0.8,2.051282051282051,0.002921798074535069
IND110037AAM,IND201001AAC,29,23,0.7931034482758621,1.7755102040816326,0.016800338928576644
IND110037AAM,IND201007AAA,18,15,0.8333333333333334,1.964705882352941,0.010956742779506508
IND110037AAM,IND201301AAD,9,9,1.0,2.4814814814814814,0.006574045667703904
IND110037AAM,IND201301AAF,15,15,1.0,1.962962962962963,0.010956742779506508
IND110037AAM,IND202001AAB,152,151,0.993421052631579,1.6680790960451977,0.11029787731369886
IND110037AAM,IND209304AAA,449,449,1.0,1.9080459770114941,0.3279718338665615
IND110037AAM,IND226004AAC,20,20,1.0,1.8646459304841114,0.014608990372675344
IND110037AAM,IND250002AAC,8,4,0.5,1.4419642857142856,0.002921798074535069
IND110037AAM,IND282001AAA,32,32,1.0,1.9384941675503713,0.02337438459628055
IND110037AAM,IND282001AAC,8,8,1.0,2.0399234345091606,0.005843596149070138
IND110037AAM,IND282002AAD,8,8,1.0,1.9362701252236136,0.005843596149070138
IND110037AAM,IND421302AAG,815,815,1.0,1.9971014492753623,0.5953163576865204
IND110037AAM,IND781018AAB,68,68,1.0,2.84535054236484,0.04967056726709618
IND110037AAM,IND811399AAA,22,13,0.5909090909090909,1.534313725490196,0.009495843742238974
IND110039AAA,IND110085AAB,6,6,1.0,3.5589743589743588,0.004382697111802603
IND110043AAA,IND000000ACB,19,18,0.9473684210526315,3.0,0.013148091335407808
IND110043AAA,IND110078AAA,66,52,0.7878787878787878,1.4472222222222222,0.037983374968955895
IND110043AAC,IND000000ACB,5,5,1.0,1.6206896551724137,0.003652247593168836
IND110044AAB,IND000000ACB,453,403,0.8896247240618101,1.5238095238095237,0.29437115600940816
IND110044AAB,IND110030AAD,60,50,0.8333333333333334,1.4666666666666666,0.036522475931688364
IND110044AAB,IND110037AAM,7,7,1.0,2.0476190476190474,0.0051131466304363705
IND110044AAB,IND131028AAB,200,119,0.595,1.2732780612244898,0.0869234927174183
IND110044AAB,IND201007AAA,22,22,1.0,2.772727272727273,0.01606988940994288
IND110044AAB,IND201301AAF,24,21,0.875,1.5555555555555556,0.015339439891309111
IND110052AAA,IND000000ACB,70,70,1.0,1.6481481481481481,0.0511314663043637
IND110064AAA,IND000000ACB,231,191,0.8268398268398268,1.3414634146341464,0.13951585805904954
IND110064AAA,IND110005AAA,3,3,1.0,3.0,0.0021913485559013016
IND110064AAA,IND110046AAA,1,1,1.0,3.0,0.0007304495186337672
IND110077AAA,IND110043AAA,1,1,1.0,1.3333333333333333,0.0007304495186337672
IND110078AAA,IND110043AAA,28,28,1.0,2.3380681818181817,0.020452586521745482
IND110083AAA,IND110085AAB,2,1,0.5,2.042016806722689,0.0007304495186337672
IND110085AAB,IND000000ACB,49,49,1.0,2.85,0.035792026413054595
IND110085AAB,IND110039AAA,7,4,0.5714285714285714,2.076923076923077,0.002921798074535069
IND110085AAB,IND110083AAA,5,5,1.0,4.0,0.003652247593168836
IND110085AAB,IND110085AAA,1,1,1.0,2.076923076923077,0.0007304495186337672
IND110085AAB,IND110087AAA,5,3,0.6,2.0,0.0021913485559013016
IND110092AAC,IND000000ACB,41,41,1.0,1.6,0.029948430263984454
IND110092AAC,IND110093AAA,2,2,1.0,3.25,0.0014608990372675344
IND110093AAA,IND110092AAC,2,2,1.0,3.2222222222222223,0.0014608990372675344
IND110095AAB,IND000000ACB,7,7,1.0,1.4666666666666666,0.0051131466304363705
IND121001AAA,IND121004AAB,49,48,0.9795918367346939,1.9090909090909092,0.035061576894420826
IND121002AAA,IND121004AAB,1,1,1.0,19.083333333333332,0.0007304495186337672
IND121002AAB,IND000000ACB,163,147,0.901840490797546,1.75,0.10737607923916377
IND121004AAA,IND121004AAB,20,19,0.95,2.2225274725274726,0.013878540854041577
IND121004AAB,IND000000ACB,189,188,0.9947089947089947,1.8,0.13732450950314823
IND121004AAB,IND110037AAM,110,110,1.0,2.403985507246377,0.08034944704971439
IND121004AAB,IND121001AAA,45,45,1.0,1.7,0.032870228338519526
IND121004AAB,IND121002AAA,2,2,1.0,2.909090909090909,0.0014608990372675344
IND121004AAB,IND121004AAA,46,46,1.0,1.75,0.03360067785715329
IND121004AAB,IND121004AAC,18,18,1.0,2.1394230769230766,0.013148091335407808
IND121004AAB,IND121102AAA,205,205,1.0,2.0,0.14974215131992227
IND121004AAC,IND121004AAB,12,12,1.0,2.708333333333333,0.008765394223605207
IND121102AAA,IND121004AAB,52,52,1.0,3.9155172413793102,0.037983374968955895
IND122001AAA,IND000000ACB,80,67,0.8375,1.6470588235294117,0.0489401177484624
IND122001AAA,IND110037AAM,1,1,1.0,3.8666666666666667,0.0007304495186337672
IND122001AAA,IND122001AAD,6,6,1.0,3.176923076923077,0.004382697111802603
IND122001AAA,IND122050AAA,3,3,1.0,4.892857142857143,0.0021913485559013016
IND122001AAA,IND122101AAC,2,2,1.0,1.3028846153846154,0.0014608990372675344
IND122001AAD,IND122050AAA,19,16,0.8421052631578947,1.8333333333333333,0.011687192298140275
IND122001AAJ,IND507123AAA,26,0,0.0,0.747093023255814,0.0
IND122002AAD,IND122503AAA,7,7,1.0,2.1739130434782608,0.0051131466304363705
IND122004AAA,IND000000ACB,4,4,1.0,1.6176470588235294,0.002921798074535069
IND122004AAA,IND122413AAE,171,163,0.9532163742690059,1.5757575757575757,0.11906327153730406
IND122503AAA,IND122001AAA,8,8,1.0,3.949074074074074,0.005843596149070138
IND123001AAA,IND123401AAB,26,26,1.0,1.6714285714285715,0.018991687484477947
IND123401AAB,IND000000ACB,9,9,1.0,2.0,0.006574045667703904
IND123401AAB,IND123106AAB,30,30,1.0,1.97,0.021913485559013016
IND124001AAB,IND126102AAA,12,12,1.0,2.3014705882352944,0.008765394223605207
IND124103AAA,IND127021AAA,27,27,1.0,1.8846153846153846,0.019722137003111716
IND124112AAA,IND125001AAA,6,6,1.0,2.8616473616473614,0.004382697111802603
IND124112AAA,IND125005AAA,6,6,1.0,2.6171171171171173,0.004382697111802603
IND124112AAA,IND125033AAA,8,8,1.0,1.7823529411764705,0.005843596149070138
IND124141AAA,IND000000ACB,39,34,0.8717948717948718,1.8113207547169812,0.02483528363354809
IND124507AAA,IND131028AAB,18,18,1.0,2.150974025974026,0.013148091335407808
IND124507AAA,IND131028AAE,6,6,1.0,2.4585166561910747,0.004382697111802603
IND125001AAA,IND000000ACB,70,70,1.0,1.8910463861920173,0.0511314663043637
IND125001AAA,IND110037AAM,77,76,0.987012987012987,2.146067415730337,0.05551416341616631
IND125001AAA,IND125047AAB,14,14,1.0,2.0424603174603173,0.010226293260872741
IND125001AAA,IND125051AAA,3,3,1.0,2.2115384615384617,0.0021913485559013016
IND125001AAA,IND335501AAA,4,4,1.0,2.0676544590438914,0.002921798074535069
IND125001AAA,IND335513AAA,51,51,1.0,1.6818181818181819,0.037252925450322126
IND125001AAA,IND335523AAB,20,18,0.9,3.176470588235294,0.013148091335407808
IND125001AAA,IND335524AAA,30,25,0.8333333333333334,1.8879233511586453,0.018261237965844182
IND125005AAA,IND000000ACB,35,35,1.0,1.7755102040816326,0.02556573315218185
IND125005AAA,IND125047AAB,6,6,1.0,2.208235294117647,0.004382697111802603
IND125005AAA,IND335513AAA,21,21,1.0,1.7321428571428572,0.015339439891309111
IND125005AAA,IND335523AAB,5,4,0.8,2.5274725274725274,0.002921798074535069
IND125005AAA,IND335524AAA,13,11,0.8461538461538461,1.5555555555555556,0.00803494470497144
IND125033AAA,IND125001AAA,3,3,1.0,2.0,0.0021913485559013016
IND125033AAA,IND125005AAA,2,2,1.0,2.0620915032679736,0.0014608990372675344
IND125047AAB,IND125050AAA,2,2,1.0,2.857142857142857,0.0014608990372675344
IND125047AAB,IND125051AAA,29,29,1.0,2.1551724137931036,0.021183036040379247
IND125050AAA,IND125051AAA,3,3,1.0,1.6363636363636365,0.0021913485559013016
IND125051AAA,IND125111AAA,4,0,0.0,1.0489583333333332,0.0
IND125104AAA,IND125005AAA,7,7,1.0,2.5871559633027523,0.0051131466304363705
IND125111AAA,IND125121AAA,4,3,0.75,3.295866935483871,0.0021913485559013016
IND125121AAA,IND125001AAA,6,6,1.0,3.9833333333333334,0.004382697111802603
IND126102AAA,IND126116AAA,10,10,1.0,2.2426470588235294,0.007304495186337672
IND126102AAA,IND131301AAA,4,4,1.0,1.9873015873015873,0.002921798074535069
IND126112AAA,IND131028AAB,64,60,0.9375,1.9603174603174602,0.04382697111802603
IND126116AAA,IND131301AAA,20,20,1.0,2.846753246753247,0.014608990372675344
IND127021AAA,IND127201AAA,24,24,1.0,1.810672514619883,0.017530788447210413
IND127201AAA,IND124141AAA,8,8,1.0,2.41875,0.005843596149070138
IND131021AAA,IND131028AAA,111,92,0.8288288288288288,1.5833333333333333,0.06720135571430658
IND131028AAB,IND000000ACB,760,591,0.7776315789473685,1.4819264069264069,0.43169566551255645
IND131028AAB,IND110037AAM,30,30,1.0,2.8173076923076925,0.021913485559013016
IND131028AAB,IND124001AAB,12,12,1.0,1.6095238095238096,0.008765394223605207
IND131028AAB,IND124507AAA,20,20,1.0,1.8215369059656217,0.014608990372675344
IND131028AAB,IND132103AAA,6,6,1.0,2.891025641025641,0.004382697111802603
IND131028AAB,IND136118AAA,102,102,1.0,1.8518518518518519,0.07450585090064425
IND131028AAB,IND160002AAC,240,239,0.9958333333333333,1.6479568926807364,0.17457743495347036
IND131028AAB,IND201204AAA,27,27,1.0,2.0952380952380953,0.019722137003111716
IND131028AAB,IND244001AAA,152,145,0.9539473684210527,1.630532706619663,0.10591518020189625
IND131028AAB,IND244235AAA,126,89,0.7063492063492064,1.4965252525252524,0.06501000715840528
IND131028AAB,IND247667AAA,30,30,1.0,1.6695275821596245,0.021913485559013016
IND131028AAB,IND247667AAB,90,89,0.9888888888888889,1.7578817733990149,0.06501000715840528
IND131028AAB,IND248001AAA,18,14,0.7777777777777778,1.4589539887454483,0.010226293260872741
IND131028AAB,IND248001AAD,9,8,0.8888888888888888,1.6395348837209303,0.005843596149070138
IND131028AAB,IND249407AAA,7,7,1.0,2.336448598130841,0.0051131466304363705
IND131028AAB,IND250002AAA,3,3,1.0,1.8983050847457628,0.0021913485559013016
IND131028AAB,IND250002AAC,1,1,1.0,5.625,0.0007304495186337672
IND131028AAB,IND250609AAA,1,1,1.0,2.9545454545454546,0.0007304495186337672
IND131028AAB,IND250611AAA,6,6,1.0,3.4423076923076925,0.004382697111802603
IND131028AAB,IND251001AAA,42,41,0.9761904761904762,1.8565116768356829,0.029948430263984454
IND131028AAE,IND124507AAA,2,2,1.0,1.6597701149425288,0.0014608990372675344
IND131301AAA,IND131028AAB,6,6,1.0,2.9885290148448043,0.004382697111802603
IND132001AAA,IND131028AAB,6,6,1.0,1.8056603773584907,0.004382697111802603
IND132001AAA,IND132103AAA,2,2,1.0,2.798529411764706,0.0014608990372675344
IND132001AAA,IND132103AAB,5,5,1.0,3.25,0.003652247593168836
IND132103AAA,IND131028AAB,9,9,1.0,1.7941176470588236,0.006574045667703904
IND132103AAA,IND132001AAA,10,9,0.9,1.7266233766233765,0.006574045667703904
IND132103AAB,IND131028AAB,18,18,1.0,1.8823529411764706,0.013148091335407808
IND132103AAB,IND132001AAA,4,4,1.0,1.5142857142857142,0.002921798074535069
IND133004AAA,IND135001AAA,18,18,1.0,1.7765780730897012,0.013148091335407808
IND134102AAA,IND174103AAA,16,16,1.0,2.75,0.011687192298140275
IND134109AAA,IND160002AAC,60,30,0.5,1.2379310344827585,0.021913485559013016
IND134203AAA,IND140501AAA,56,43,0.7678571428571429,1.4935897435897436,0.03140932930125199
IND134203AAA,IND160002AAC,5,5,1.0,3.411764705882353,0.003652247593168836
IND135001AAA,IND173025AAA,36,36,1.0,2.267948717948718,0.026296182670815616
IND136027AAA,IND132039AAA,42,42,1.0,1.7100840336134453,0.030678879782618223
IND136118AAA,IND136128AAA,44,43,0.9772727272727273,1.3869047619047619,0.03140932930125199
IND136128AAA,IND136027AAA,44,44,1.0,2.0540935672514617,0.03213977881988576
IND140001AAA,IND140118AAA,38,38,1.0,1.7575757575757576,0.027757081708083154
IND140118AAA,IND160002AAC,85,72,0.8470588235294118,1.42,0.05259236534163123
IND140301AAA,IND140001AAA,42,42,1.0,1.6666666666666667,0.030678879782618223
IND140301AAA,IND140901AAA,38,38,1.0,1.9285714285714286,0.027757081708083154
IND140401AAA,IND000000ACA,12,10,0.8333333333333334,2.230884109916368,0.007304495186337672
IND140401AAA,IND142401AAA,9,9,1.0,1.5757575757575757,0.006574045667703904
IND140401AAA,IND147301AAA,2,2,1.0,1.4057971014492754,0.0014608990372675344
IND140406AAA,IND140401AAA,14,5,0.35714285714285715,1.0952380952380953,0.003652247593168836
IND140501AAA,IND160002AAC,28,19,0.6785714285714286,2.0625,0.013878540854041577
IND140901AAA,IND160002AAC,84,47,0.5595238095238095,1.2778327560613558,0.03433112737578706
IND140901AAA,IND160055AAA,40,40,1.0,1.7857142857142858,0.02921798074535069
IND141003AAB,IND000000ACA,8,6,0.75,1.7937062937062938,0.004382697111802603
IND141003AAB,IND141109AAA,2,0,0.0,0.8970588235294117,0.0
IND141003AAB,IND142026AAA,42,42,1.0,1.6774193548387097,0.030678879782618223
IND141010AAA,IND000000ACA,2,2,1.0,1.8181818181818181,0.0014608990372675344
IND141109AAA,IND000000ACA,36,16,0.4444444444444444,1.1785714285714286,0.011687192298140275
IND141115AAA,IND000000ACA,27,22,0.8148148148148148,1.4333333333333333,0.01606988940994288
IND142001AAB,IND151001AAA,4,3,0.75,1.9686147186147185,0.0021913485559013016
IND142001AAB,IND152026AAA,116,116,1.0,1.6830357142857144,0.08473214416151699
IND142026AAA,IND000000ACA,3,3,1.0,2.7,0.0021913485559013016
IND142026AAA,IND141109AAA,18,18,1.0,1.436904761904762,0.013148091335407808
IND142401AAA,IND000000ACA,12,12,1.0,1.84375,0.008765394223605207
IND143001AAA,IND144001AAB,76,76,1.0,1.9797959183673468,0.05551416341616631
IND144001AAA,IND144040AAA,30,30,1.0,1.7894736842105263,0.021913485559013016
IND144001AAB,IND000000ACA,69,69,1.0,2.2857142857142856,0.05040101678572994
IND144001AAB,IND143001AAA,68,61,0.8970588235294118,1.4903810580836108,0.0445574206366598
IND144001AAB,IND144401AAB,26,19,0.7307692307692307,1.5,0.013878540854041577
IND144001AAB,IND144601AAA,4,4,1.0,3.53125,0.002921798074535069
IND144001AAB,IND160002AAC,7,7,1.0,3.375,0.0051131466304363705
IND144001AAC,IND000000ACA,40,40,1.0,1.8987394957983192,0.02921798074535069
IND144001AAC,IND160002AAC,254,248,0.9763779527559056,2.1318840579710145,0.18115148062117428
IND144040AAA,IND144001AAB,18,18,1.0,2.057565789473684,0.013148091335407808
IND144401AAB,IND144001AAB,34,34,1.0,1.8819444444444444,0.02483528363354809
IND144514AAA,IND000000ACA,2,2,1.0,1.5495689655172413,0.0014608990372675344
IND144514AAA,IND141115AAA,10,10,1.0,1.7211538461538463,0.007304495186337672
IND144527AAA,IND141115AAA,8,8,1.0,1.8303167420814481,0.005843596149070138
IND144601AAA,IND144001AAA,2,2,1.0,2.0018382352941178,0.0014608990372675344
IND144601AAA,IND144040AAA,2,1,0.5,1.3924682395644283,0.0007304495186337672
IND145001AAA,IND176201AAA,7,7,1.0,1.7916666666666667,0.0051131466304363705
IND145001AAA,IND176303AAA,2,0,0.0,1.1538768453251762,0.0
IND147001AAB,IND147201AAA,12,10,0.8333333333333334,1.301994301994302,0.007304495186337672
IND147001AAB,IND160002AAC,14,10,0.7142857142857143,2.177865612648221,0.007304495186337672
IND147001AAD,IND147201AAA,2,2,1.0,1.4615384615384617,0.0014608990372675344
IND147001AAD,IND148023AAA,3,3,1.0,1.253968253968254,0.0021913485559013016
IND147001AAD,IND160002AAC,10,8,0.8,2.1457800511508953,0.005843596149070138
IND147101AAA,IND147105AAA,16,16,1.0,1.403985507246377,0.011687192298140275
IND147101AAA,IND160002AAC,3,3,1.0,7.017241379310345,0.0021913485559013016
IND147105AAA,IND147101AAA,2,2,1.0,1.3706293706293706,0.0014608990372675344
IND147105AAA,IND160002AAC,28,28,1.0,8.45225916453538,0.020452586521745482
IND147201AAA,IND148023AAA,13,2,0.15384615384615385,1.12,0.0014608990372675344
IND147301AAA,IND000000ACA,2,2,1.0,1.6416666666666666,0.0014608990372675344
IND147301AAA,IND140401AAA,2,1,0.5,1.2619047619047619,0.0007304495186337672
IND148023AAA,IND148001AAA,4,4,1.0,1.3908045977011494,0.002921798074535069
IND148023AAA,IND148024AAB,1,1,1.0,2.0,0.0007304495186337672
IND148028AAA,IND147001AAB,30,30,1.0,1.631578947368421,0.021913485559013016
IND148028AAA,IND147001AAD,6,6,1.0,1.7222222222222223,0.004382697111802603
IND148101AAA,IND148102AAA,5,2,0.4,1.1818181818181819,0.0014608990372675344
IND148102AAA,IND151001AAA,3,3,1.0,1.8275862068965518,0.0021913485559013016
IND151001AAA,IND148101AAA,24,7,0.2916666666666667,0.9888888888888889,0.0051131466304363705
IND151001AAA,IND151103AAA,9,7,0.7777777777777778,1.380952380952381,0.0051131466304363705
IND151001AAA,IND151302AAA,28,1,0.03571428571428571,0.7280219780219781,0.0007304495186337672
IND151001AAA,IND160002AAC,161,161,1.0,1.6,0.11760237250003652
IND151103AAA,IND151001AAA,2,2,1.0,15.672364672364672,0.0014608990372675344
IND151302AAA,IND151505AAA,33,1,0.030303030303030304,0.7714285714285715,0.0007304495186337672
IND151505AAA,IND151506AAA,5,3,0.6,1.7692307692307692,0.0021913485559013016
IND151506AAA,IND151001AAA,48,32,0.6666666666666666,1.2923850574712645,0.02337438459628055
IND152024AAA,IND152123AAA,4,3,0.75,1.3666666666666667,0.0021913485559013016
IND152026AAA,IND000000ACA,133,133,1.0,4.3,0.09714978597829105
IND152026AAA,IND151001AAA,33,2,0.06060606060606061,1.0,0.0014608990372675344
IND152026AAA,IND152024AAA,4,4,1.0,1.8761904761904762,0.002921798074535069
IND152026AAA,IND152101AAA,2,0,0.0,1.0092879256965945,0.0
IND152026AAA,IND152107AAA,2,2,1.0,2.1064425770308124,0.0014608990372675344
IND152026AAA,IND152116AAA,6,5,0.8333333333333334,1.4252657911194495,0.003652247593168836
IND152026AAA,IND160002AAC,10,10,1.0,3.614624183006536,0.007304495186337672
IND152101AAA,IND152026AAA,4,4,1.0,1.965192465192465,0.002921798074535069
IND152107AAA,IND152026AAA,2,2,1.0,3.3682065217391304,0.0014608990372675344
IND152116AAA,IND152026AAA,3,2,0.6666666666666666,2.3902439024390243,0.0014608990372675344
IND152116AAA,IND152107AAA,1,1,1.0,1.2666666666666666,0.0007304495186337672
IND152123AAA,IND152026AAA,3,3,1.0,2.2545454545454544,0.0021913485559013016
IND160002AAC,IND000000ACA,128,122,0.953125,1.9814251941911518,0.0891148412733196
IND160002AAC,IND000000ACB,716,716,1.0,2.075716625716626,0.5230018553417772
IND160002AAC,IND110037AAM,90,87,0.9666666666666667,1.701063829787234,0.06354910812113775
IND160002AAC,IND131028AAB,96,96,1.0,1.787711814195995,0.07012315378884165
IND160002AAC,IND134203AAA,5,5,1.0,1.7777777777777777,0.003652247593168836
IND160002AAC,IND135001AAA,3,3,1.0,1.930232558139535,0.0021913485559013016
IND160002AAC,IND140301AAA,42,41,0.9761904761904762,1.571256038647343,0.029948430263984454
IND160002AAC,IND140603AAA,103,95,0.9223300970873787,1.4444444444444444,0.06939270427020788
IND160002AAC,IND140901AAA,105,105,1.0,1.5384615384615385,0.07669719945654556
IND160002AAC,IND142001AAB,126,126,1.0,1.7788461538461537,0.09203663934785467
IND160002AAC,IND143001AAA,121,117,0.9669421487603306,1.9126984126984128,0.08546259368015076
IND160002AAC,IND144001AAB,90,89,0.9888888888888889,2.074497574497575,0.06501000715840528
IND160002AAC,IND147001AAB,6,6,1.0,1.9233766233766234,0.004382697111802603
IND160002AAC,IND147001AAD,14,14,1.0,1.8433014354066986,0.010226293260872741
IND160002AAC,IND147101AAA,27,27,1.0,2.1904761904761907,0.019722137003111716
IND160002AAC,IND147105AAA,12,11,0.9166666666666666,2.03125,0.00803494470497144
IND160002AAC,IND151001AAA,113,105,0.9292035398230089,1.5928571428571427,0.07669719945654556
IND160002AAC,IND160003AAA,4,4,1.0,2.3823529411764706,0.002921798074535069
IND160002AAC,IND160055AAA,63,21,0.3333333333333333,1.1282051282051282,0.015339439891309111
IND160002AAC,IND160102AAC,97,97,1.0,1.9,0.07085360330747542
IND160002AAC,IND173212AAA,56,56,1.0,2.3904761904761904,0.040905173043490964
IND160002AAC,IND174001AAA,76,76,1.0,2.3985826001955033,0.05551416341616631
IND160002AAC,IND174103AAA,3,3,1.0,1.3725490196078431,0.0021913485559013016
IND160002AAC,IND174307AAA,98,84,0.8571428571428571,1.36810806218673,0.061357759565236446
IND160002AAC,IND176041AAA,14,12,0.8571428571428571,1.4733386496544392,0.008765394223605207
IND160002AAC,IND181152AAA,30,30,1.0,1.7680250783699059,0.021913485559013016
IND160002AAC,IND184104AAA,72,71,0.9861111111111112,1.9113403327807452,0.05186191582299747
IND160002AAC,IND421302AAG,59,59,1.0,2.2549019607843137,0.04309652159939227
IND160002AAC,IND562132AAA,81,81,1.0,1.673992673992674,0.05916641100933514
IND160003AAA,IND160002AAC,4,2,0.5,1.4268115942028985,0.0014608990372675344
IND160055AAA,IND160002AAC,76,9,0.11842105263157894,0.9875,0.006574045667703904
IND160102AAC,IND160002AAC,112,79,0.7053571428571429,1.4408045977011494,0.057705511972067615
IND160102AAD,IND160002AAC,39,16,0.41025641025641024,1.1724137931034482,0.011687192298140275
IND160102AAD,IND160002AAD,12,7,0.5833333333333334,1.4611111111111112,0.0051131466304363705
IND173025AAA,IND160002AAC,44,44,1.0,2.135294117647059,0.03213977881988576
IND173212AAA,IND134102AAA,2,2,1.0,3.8484848484848486,0.0014608990372675344
IND173212AAA,IND160002AAC,1,1,1.0,2.0105263157894737,0.0007304495186337672
IND173212AAA,IND173220AAA,5,5,1.0,3.3076923076923075,0.003652247593168836
IND173212AAA,IND174103AAA,2,2,1.0,3.1875,0.0014608990372675344
IND173220AAA,IND173212AAA,1,1,1.0,3.53125,0.0007304495186337672
IND173220AAA,IND174103AAA,2,2,1.0,2.628571428571429,0.0014608990372675344
IND174001AAA,IND175018AAA,16,16,1.0,2.5284900284900287,0.011687192298140275
IND174021AAA,IND176048AAA,12,12,1.0,2.086666666666667,0.008765394223605207
IND174101AAB,IND134102AAA,2,2,1.0,2.645833333333333,0.0014608990372675344
IND174101AAB,IND160002AAC,44,37,0.8409090909090909,2.0064935064935066,0.02702663218944939
IND174103AAA,IND160002AAC,18,18,1.0,2.047575757575758,0.013148091335407808
IND174307AAA,IND176041AAA,17,5,0.29411764705882354,1.0769230769230769,0.003652247593168836
IND175001AAA,IND175101AAA,34,29,0.8529411764705882,1.7945205479452055,0.021183036040379247
IND175015AAA,IND174001AAA,49,49,1.0,7.2631578947368425,0.035792026413054595
IND175018AAA,IND175001AAA,16,16,1.0,2.9333333333333336,0.011687192298140275
IND175101AAA,IND160002AAC,32,25,0.78125,1.810522002269575,0.018261237965844182
IND176048AAA,IND175015AAA,32,32,1.0,1.8774909420289856,0.02337438459628055
IND176061AAA,IND160002AAC,18,16,0.8888888888888888,1.4683875530410184,0.011687192298140275
IND176110AAB,IND177033AAA,9,9,1.0,2.1,0.006574045667703904
IND176201AAA,IND176303AAA,18,15,0.8333333333333334,1.5035135135135134,0.010956742779506508
IND176215AAA,IND176061AAA,6,6,1.0,1.8681159420289855,0.004382697111802603
IND176303AAA,IND176310AAA,10,8,0.8,1.335704291044776,0.005843596149070138
IND176310AAA,IND145001AAA,39,15,0.38461538461538464,1.1023622047244095,0.010956742779506508
IND177001AAA,IND176110AAB,7,7,1.0,1.8095238095238095,0.0051131466304363705
IND177033AAA,IND160002AAC,142,132,0.9295774647887324,1.8419312169312168,0.09641933645965728
IND177101AAA,IND176001AAA,4,4,1.0,1.7777777777777777,0.002921798074535069
IND177101AAA,IND176001AAB,2,2,1.0,1.2657250470809793,0.0014608990372675344
IND177203AAA,IND177101AAA,3,3,1.0,1.5135135135135136,0.0021913485559013016
IND181152AAA,IND184121AAA,10,7,0.7,1.3024193548387095,0.0051131466304363705
IND181152AAB,IND160002AAC,15,12,0.8,1.703448275862069,0.008765394223605207
IND181152AAB,IND181201AAB,21,21,1.0,2.65,0.015339439891309111
IND181152AAB,IND184121AAA,8,8,1.0,1.54502688172043,0.005843596149070138
IND181201AAB,IND181152AAB,24,24,1.0,5.240384615384615,0.017530788447210413
IND184104AAA,IND160002AAC,47,38,0.8085106382978723,1.6697247706422018,0.027757081708083154
IND184104AAA,IND181152AAA,12,12,1.0,1.503420523138833,0.008765394223605207
IND184104AAA,IND181152AAB,8,8,1.0,1.4240816326530612,0.005843596149070138
IND184104AAA,IND184121AAA,6,4,0.6666666666666666,1.4065476190476192,0.002921798074535069
IND184121AAA,IND160002AAC,65,51,0.7846153846153846,1.6363636363636365,0.037252925450322126
IND184121AAA,IND181152AAA,2,2,1.0,1.3413461538461537,0.0014608990372675344
IND184121AAA,IND181152AAB,2,2,1.0,1.3696236559139785,0.0014608990372675344
IND184121AAA,IND184104AAA,6,4,0.6666666666666666,1.2216117216117217,0.002921798074535069
IND201001AAA,IND201007AAA,7,7,1.0,3.076923076923077,0.0051131466304363705
IND201001AAC,IND000000ACB,9,7,0.7777777777777778,1.574468085106383,0.0051131466304363705
IND201001AAC,IND110037AAM,8,6,0.75,1.4356060606060606,0.004382697111802603
IND201005AAA,IND201007AAA,2,2,1.0,3.2857142857142856,0.0014608990372675344
IND201007AAA,IND201001AAA,6,6,1.0,1.5833333333333333,0.004382697111802603
IND201007AAA,IND201005AAA,3,2,0.6666666666666666,2.076923076923077,0.0014608990372675344
IND201007AAA,IND201007AAB,2,2,1.0,4.898496240601504,0.0014608990372675344
IND201007AAA,IND245101AAA,10,10,1.0,2.1660377358490566,0.007304495186337672
IND201007AAA,IND245304AAA,44,43,0.9772727272727273,2.277871621621622,0.03140932930125199
IND201007AAB,IND110044AAB,30,24,0.8,1.4761904761904763,0.017530788447210413
IND201007AAB,IND201007AAA,4,4,1.0,4.035714285714286,0.002921798074535069
IND201007AAB,IND201301AAF,10,10,1.0,2.933333333333333,0.007304495186337672
IND201204AAA,IND250002AAA,6,5,0.8333333333333334,1.6428571428571428,0.003652247593168836
IND201301AAD,IND110037AAM,6,6,1.0,5.1923076923076925,0.004382697111802603
IND201301AAF,IND201301AAL,2,2,1.0,1.3511904761904763,0.0014608990372675344
IND201301AAF,IND201304AAA,16,16,1.0,1.7222222222222223,0.011687192298140275
IND201301AAF,IND203205AAA,38,37,0.9736842105263158,1.8777777777777778,0.02702663218944939
IND201301AAL,IND201301AAF,24,24,1.0,1.7884615384615383,0.017530788447210413
IND201301AAL,IND201307AAA,10,5,0.5,1.2142857142857144,0.003652247593168836
IND201301AAM,IND000000ACB,207,195,0.9420289855072463,1.894736842105263,0.1424376561335846
IND201304AAA,IND201301AAF,29,29,1.0,2.2142857142857144,0.021183036040379247
IND201306AAA,IND201301AAF,16,16,1.0,2.5618421052631577,0.011687192298140275
IND201306AAA,IND201304AAA,2,2,1.0,6.866666666666666,0.0014608990372675344
IND201307AAA,IND201301AAL,58,27,0.46551724137931033,1.1622807017543861,0.019722137003111716
IND202001AAB,IND110037AAM,6,6,1.0,2.1137362637362638,0.004382697111802603
IND202001AAB,IND205001AAB,47,47,1.0,2.111111111111111,0.03433112737578706
IND202001AAB,IND207123AAA,6,3,0.5,1.4321946169772257,0.0021913485559013016
IND202001AAB,IND282002AAD,40,40,1.0,1.7033816425120771,0.02921798074535069
IND202001AAC,IND204215AAA,16,16,1.0,3.1333333333333333,0.011687192298140275
IND203001AAA,IND203131AAA,5,5,1.0,3.6153846153846154,0.003652247593168836
IND203131AAA,IND203135AAA,32,25,0.78125,1.3480769230769232,0.018261237965844182
IND203135AAA,IND203390AAA,16,15,0.9375,1.5168539325842696,0.010956742779506508
IND203135AAA,IND203396AAB,36,36,1.0,1.5787037037037037,0.026296182670815616
IND203390AAA,IND201301AAF,100,99,0.99,2.59175155631013,0.07231450234474296
IND203396AAB,IND203390AAA,30,24,0.8,1.3009049773755657,0.017530788447210413
IND204101AAA,IND202001AAB,4,4,1.0,2.4962518740629687,0.002921798074535069
IND204101AAA,IND282002AAD,8,8,1.0,2.653225806451613,0.005843596149070138
IND204215AAA,IND207001AAA,24,24,1.0,3.0,0.017530788447210413
IND205001AAB,IND110037AAM,11,11,1.0,2.4285714285714284,0.00803494470497144
IND205001AAB,IND205135AAA,19,19,1.0,2.1578947368421053,0.013878540854041577
IND205001AAB,IND209625AAA,3,3,1.0,2.577777777777778,0.0021913485559013016
IND205001AAB,IND209721AAB,30,30,1.0,2.1732142857142858,0.021913485559013016
IND205001AAB,IND283203AAA,1,1,1.0,4.689655172413793,0.0007304495186337672
IND205135AAA,IND283203AAA,15,15,1.0,2.1176470588235294,0.010956742779506508
IND206001AAA,IND000000ACB,257,235,0.914396887159533,1.676923076923077,0.17165563687893529
IND206122AAA,IND206001AAA,58,54,0.9310344827586207,1.5075757575757576,0.03944427400622343
IND207001AAA,IND207302AAA,25,20,0.8,1.4333333333333333,0.014608990372675344
IND207123AAA,IND202001AAB,1,1,1.0,8.098039215686274,0.0007304495186337672
IND207247AAB,IND205001AAB,20,20,1.0,2.1106237816764133,0.014608990372675344
IND207302AAA,IND202001AAB,21,17,0.8095238095238095,2.5,0.012417641816774044
IND208006AAA,IND209304AAA,9,9,1.0,6.178571428571429,0.006574045667703904
IND208012AAA,IND209304AAA,33,32,0.9696969696969697,27.2,0.02337438459628055
IND208017AAA,IND209304AAA,13,13,1.0,12.181818181818182,0.009495843742238974
IND208019AAA,IND209304AAA,13,13,1.0,8.1875,0.009495843742238974
IND209101AAA,IND209111AAA,26,13,0.5,1.2086956521739132,0.009495843742238974
IND209111AAA,IND285001AAD,63,63,1.0,1.8611111111111112,0.04601831967392733
IND209206AAB,IND210301AAA,44,44,1.0,2.2,0.03213977881988576
IND209304AAA,IND000000ACB,628,610,0.9713375796178344,1.8289455942830175,0.445574206366598
IND209304AAA,IND110037AAM,91,91,1.0,2.0775193798449614,0.06647090619567281
IND209304AAA,IND206122AAA,58,52,0.896551724137931,1.5,0.037983374968955895
IND209304AAA,IND208006AAA,41,33,0.8048780487804879,2.0434782608695654,0.02410483411491432
IND209304AAA,IND208012AAA,42,30,0.7142857142857143,2.0,0.021913485559013016
IND209304AAA,IND208019AAA,36,36,1.0,5.258241758241758,0.026296182670815616
IND209304AAA,IND209101AAA,17,15,0.8823529411764706,3.0,0.010956742779506508
IND209304AAA,IND209206AAB,69,36,0.5217391304347826,1.2857142857142858,0.026296182670815616
IND209304AAA,IND209801AAA,95,90,0.9473684210526315,2.0,0.06574045667703905
IND209304AAA,IND211002AAB,189,187,0.9894179894179894,1.690909090909091,0.13659405998451446
IND209304AAA,IND212601AAA,64,62,0.96875,1.7937925170068028,0.04528787015529357
IND209304AAA,IND221313AAA,84,84,1.0,2.1146964093999765,0.061357759565236446
IND209304AAA,IND282001AAA,99,99,1.0,2.3941176470588235,0.07231450234474296
IND209625AAA,IND241124AAB,30,17,0.5666666666666667,1.3333333333333333,0.012417641816774044
IND209721AAB,IND209625AAA,20,15,0.75,1.3333333333333333,0.010956742779506508
IND209801AAA,IND209304AAA,25,24,0.96,3.347826086956522,0.017530788447210413
IND210001AAA,IND210427AAA,30,30,1.0,3.661458333333333,0.021913485559013016
IND210427AAA,IND209304AAA,49,48,0.9795918367346939,2.9915254237288136,0.035061576894420826
IND210431AAA,IND209304AAA,25,25,1.0,2.246376811594203,0.018261237965844182
IND210501AAB,IND209304AAA,141,115,0.8156028368794326,1.7678571428571428,0.08400169464288323
IND211002AAB,IND209304AAA,144,119,0.8263888888888888,1.714607170099161,0.0869234927174183
IND211002AAB,IND211011AAA,26,26,1.0,4.526785714285714,0.018991687484477947
IND211002AAB,IND211013AAA,17,17,1.0,5.222222222222222,0.012417641816774044
IND211002AAB,IND485001AAC,78,78,1.0,2.344172932330827,0.056975062453433846
IND211008AAA,IND211002AAB,18,18,1.0,8.165178571428571,0.013148091335407808
IND211010AAB,IND211002AAB,1,1,1.0,4.0,0.0007304495186337672
IND211011AAA,IND212501AAA,38,38,1.0,3.4285714285714284,0.027757081708083154
IND212402AAA,IND211002AAB,65,65,1.0,31.78787878787879,0.04747921871119487
IND212501AAA,IND212402AAA,36,35,0.9722222222222222,1.6,0.02556573315218185
IND212601AAA,IND210001AAA,64,64,1.0,2.2238186462324396,0.0467487691925611
IND221010AAA,IND221005A1A,1,1,1.0,4.166666666666667,0.0007304495186337672
IND221010AAB,IND222001AAA,3,3,1.0,2.8484848484848486,0.0021913485559013016
IND221010AAB,IND232101AAB,3,3,1.0,1.6,0.0021913485559013016
IND221010AAB,IND233001AAA,8,8,1.0,10.491071428571427,0.005843596149070138
IND221303AAA,IND231001AAA,3,3,1.0,1.625,0.0021913485559013016
IND221313AAA,IND211002AAB,36,36,1.0,3.9362461419753085,0.026296182670815616
IND221313AAA,IND221010AAA,3,3,1.0,6.375,0.0021913485559013016
IND221313AAA,IND221401AAA,1,1,1.0,16.714285714285715,0.0007304495186337672
IND221313AAA,IND222136AAA,2,2,1.0,10.39375,0.0014608990372675344
IND221313AAA,IND232101AAB,9,9,1.0,2.6842105263157894,0.006574045667703904
IND221313AAA,IND276128AAA,10,10,1.0,2.6593406593406597,0.007304495186337672
IND221401AAA,IND221303AAA,2,2,1.0,2.71875,0.0014608990372675344
IND221706AAA,IND273014AAB,56,56,1.0,3.227732793522267,0.040905173043490964
IND222001AAA,IND222136AAA,1,1,1.0,2.9166666666666665,0.0007304495186337672
IND222125AAB,IND222001AAA,2,2,1.0,2.795138888888889,0.0014608990372675344
IND223101AAB,IND222125AAB,14,14,1.0,1.96011396011396,0.010226293260872741
IND224001AAA,IND224141AAB,48,48,1.0,3.2967032967032965,0.035061576894420826
IND224141AAB,IND224122AAA,50,50,1.0,2.891812865497076,0.036522475931688364
IND226004AAA,IND226016AAA,11,10,0.9090909090909091,3.238095238095238,0.007304495186337672
IND226004AAA,IND226024AAA,2,2,1.0,2.6378205128205128,0.0014608990372675344
IND231205AAA,IND231216AAA,3,3,1.0,3.3,0.0021913485559013016
IND231208AAA,IND231217AAA,6,6,1.0,1.8070652173913042,0.004382697111802603
IND231217AAA,IND231225AAB,14,14,1.0,2.2441520467836256,0.010226293260872741
IND231225AAB,IND486886AAA,7,7,1.0,1.6296296296296295,0.0051131466304363705
IND232101AAB,IND232104AAB,13,13,1.0,1.8666666666666667,0.009495843742238974
IND232104AAB,IND221010AAB,4,4,1.0,2.333333333333333,0.002921798074535069
IND232104AAB,IND232327AAA,7,7,1.0,1.92,0.0051131466304363705
IND232104AAB,IND233221AAC,8,4,0.5,1.1241967871485943,0.002921798074535069
IND233001AAA,IND275101AAA,6,6,1.0,3.1020833333333333,0.004382697111802603
IND233001AAA,IND275503AAA,3,3,1.0,3.4523809523809526,0.0021913485559013016
IND241124AAB,IND242001AAA,4,4,1.0,2.1856617647058822,0.002921798074535069
IND242001AAA,IND242307AAB,1,1,1.0,6.230769230769231,0.0007304495186337672
IND242221AAA,IND207247AAB,15,15,1.0,2.422222222222222,0.010956742779506508
IND242307AAB,IND207247AAB,20,20,1.0,2.2151116427432216,0.014608990372675344
IND242307AAB,IND242221AAA,10,8,0.8,1.386178861788618,0.005843596149070138
IND243001AAA,IND243503AAB,26,26,1.0,2.2037037037037037,0.018991687484477947
IND243001AAA,IND244901AAB,6,6,1.0,2.070588235294118,0.004382697111802603
IND243002AAA,IND243503AAB,2,2,1.0,2.033769063180828,0.0014608990372675344
IND243201AAA,IND262001AAA,13,13,1.0,2.272727272727273,0.009495843742238974
IND243301AAB,IND244901AAB,30,19,0.6333333333333333,1.2941176470588236,0.013878540854041577
IND243301AAB,IND244901AAC,6,3,0.5,1.2666666666666666,0.0021913485559013016
IND243503AAB,IND244901AAB,41,41,1.0,2.106060606060606,0.029948430263984454
IND244001AAA,IND263153AAB,64,64,1.0,1.839657282741738,0.0467487691925611
IND244221AAA,IND131028AAB,125,123,0.984,1.873015873015873,0.08984529079195337
IND244235AAA,IND244901AAB,80,8,0.1,0.7574286554869079,0.005843596149070138
IND244301AAA,IND244412AAA,22,22,1.0,1.6100230414746544,0.01606988940994288
IND244412AAA,IND243301AAB,20,0,0.0,0.6350832266325224,0.0
IND244412AAA,IND244901AAB,8,3,0.375,1.1817951318458417,0.0021913485559013016
IND244501AAA,IND244601AAB,16,6,0.375,1.1002155172413794,0.004382697111802603
IND244601AAB,IND244901AAB,25,9,0.36,1.0987654320987654,0.006574045667703904
IND244713AAA,IND244715AAA,2,1,0.5,1.1985294117647058,0.0007304495186337672
IND244713AAA,IND263401AAA,16,16,1.0,2.0217391304347827,0.011687192298140275
IND244715AAA,IND244713AAA,32,0,0.0,0.9457875457875458,0.0
IND244715AAA,IND263401AAA,2,2,1.0,1.380327868852459,0.0014608990372675344
IND244901AAB,IND243002AAA,48,47,0.9791666666666666,1.8,0.03433112737578706
IND244901AAB,IND243201AAA,5,5,1.0,2.7636363636363637,0.003652247593168836
IND244901AAB,IND243503AAB,4,4,1.0,5.2993006993007,0.002921798074535069
IND244901AAB,IND244221AAA,60,39,0.65,1.3435314685314685,0.028487531226716923
IND244901AAB,IND244301AAA,30,8,0.26666666666666666,0.9245454545454546,0.005843596149070138
IND244901AAB,IND244921AAB,15,15,1.0,2.1818181818181817,0.010956742779506508
IND244901AAB,IND246725AAB,56,43,0.7678571428571429,1.37627197039778,0.03140932930125199
IND244901AAC,IND244921AAB,3,3,1.0,1.6363636363636365,0.0021913485559013016
IND244921AAB,IND243201AAA,6,5,0.8333333333333334,1.8675213675213675,0.003652247593168836
IND244921AAB,IND262001AAA,7,7,1.0,1.9125,0.0051131466304363705
IND245101AAA,IND201007AAA,10,10,1.0,2.541666666666667,0.007304495186337672
IND245101AAA,IND245304AAA,30,30,1.0,2.641025641025641,0.021913485559013016
IND245304AAA,IND201007AAA,52,52,1.0,2.519230769230769,0.037983374968955895
IND245304AAA,IND245101AAA,28,26,0.9285714285714286,1.6770833333333335,0.018991687484477947
IND246001AAA,IND249201AAA,12,12,1.0,1.3198924731182795,0.008765394223605207
IND246149AAA,IND249407AAA,30,30,1.0,2.992105263157895,0.021913485559013016
IND246174AAA,IND246444AAB,32,14,0.4375,1.1935707678075855,0.010226293260872741
IND246424AAA,IND246174AAA,42,19,0.4523809523809524,1.179700384826828,0.013878540854041577
IND246444AAB,IND246424AAA,15,15,1.0,1.4090909090909092,0.010956742779506508
IND246701AAA,IND246763AAA,24,24,1.0,1.8704453441295548,0.017530788447210413
IND246725AAB,IND246701AAA,20,20,1.0,1.4285714285714286,0.014608990372675344
IND246761AAA,IND244501AAA,20,0,0.0,0.39992985737666586,0.0
IND246761AAA,IND244601AAB,2,1,0.5,1.150297619047619,0.0007304495186337672
IND246761AAA,IND244901AAB,4,1,0.25,1.0616279069767443,0.0007304495186337672
IND246763AAA,IND244901AAB,18,5,0.2777777777777778,1.1058812111801242,0.003652247593168836
IND246763AAA,IND246761AAA,22,22,1.0,2.5789473684210527,0.01606988940994288
IND247554AAA,IND248001AAA,48,18,0.375,1.1487603305785123,0.013148091335407808
IND247554AAA,IND248001AAD,8,5,0.625,1.4755808440018967,0.003652247593168836
IND247667AAA,IND249407AAA,28,28,1.0,1.776061776061776,0.020452586521745482
IND247667AAB,IND249407AAA,4,4,1.0,2.7956349206349205,0.002921798074535069
IND247776AAA,IND251309AAB,14,14,1.0,1.8055555555555554,0.010226293260872741
IND248001AAA,IND131028AAB,108,108,1.0,2.0602569473537216,0.07888854801244687
IND248001AAD,IND131028AAB,131,130,0.9923664122137404,1.962962962962963,0.09495843742238974
IND248122AAB,IND248001AAA,15,15,1.0,2.210526315789474,0.010956742779506508
IND248197AAA,IND248122AAB,27,27,1.0,2.2222222222222223,0.019722137003111716
IND249201AAA,IND246174AAA,12,12,1.0,1.5218962585034013,0.008765394223605207
IND249201AAA,IND249407AAA,17,17,1.0,7.88,0.012417641816774044
IND249407AAA,IND131028AAB,117,117,1.0,2.63265306122449,0.08546259368015076
IND249407AAA,IND246149AAA,35,35,1.0,2.0526315789473686,0.02556573315218185
IND249407AAA,IND249201AAA,18,18,1.0,1.8397435897435899,0.013148091335407808
IND250002AAA,IND131028AAB,15,15,1.0,2.0,0.010956742779506508
IND250221AAA,IND251201AAA,1,1,1.0,3.125,0.0007304495186337672
IND250611AAA,IND247776AAA,22,22,1.0,2.0,0.01606988940994288
IND251001AAA,IND247554AAA,24,24,1.0,1.6733333333333333,0.017530788447210413
IND251201AAA,IND131028AAB,4,4,1.0,4.244735490498202,0.002921798074535069
IND251201AAA,IND250002AAA,2,2,1.0,1.8976480836236933,0.0014608990372675344
IND251309AAB,IND131028AAB,30,30,1.0,1.971825396825397,0.021913485559013016
IND261001AAA,IND262701AAA,59,59,1.0,2.0,0.04309652159939227
IND261201AAB,IND261001AAA,38,37,0.9736842105263158,1.959375,0.02702663218944939
IND262001AAA,IND244901AAB,7,6,0.8571428571428571,1.4666666666666666,0.004382697111802603
IND262001AAA,IND262122AAB,20,16,0.8,1.475609756097561,0.011687192298140275
IND262122AAB,IND244901AAB,40,40,1.0,2.5966202270381835,0.02921798074535069
IND262405AAA,IND263153AAB,3,3,1.0,2.75,0.0021913485559013016
IND262501AAA,IND263153AAB,40,30,0.75,1.5000216422109682,0.021913485559013016
IND262701AAA,IND262802AAA,40,40,1.0,2.1004901960784315,0.02921798074535069
IND262802AAA,IND262723AAB,63,63,1.0,2.4782608695652173,0.04601831967392733
IND263002AAA,IND263645AAA,26,9,0.34615384615384615,1.1419413919413919,0.006574045667703904
IND263139AAA,IND263153AAB,12,8,0.6666666666666666,1.3472222222222223,0.005843596149070138
IND263153AAB,IND131028AAB,187,179,0.9572192513368984,1.9344262295081966,0.1307504638354443
IND263153AAB,IND244713AAA,3,3,1.0,3.7358490566037736,0.0021913485559013016
IND263153AAB,IND244715AAA,48,33,0.6875,1.435897435897436,0.02410483411491432
IND263153AAB,IND263002AAA,37,25,0.6756756756756757,1.2475247524752475,0.018261237965844182
IND263153AAB,IND263139AAA,14,14,1.0,1.6964285714285714,0.010226293260872741
IND263153AAB,IND263401AAA,2,2,1.0,2.4299450549450547,0.0014608990372675344
IND263153AAB,IND263645AAA,4,1,0.25,1.1880896226415094,0.0007304495186337672
IND263401AAA,IND244713AAA,1,1,1.0,2.409090909090909,0.0007304495186337672
IND263401AAA,IND263153AAB,30,30,1.0,2.007803790412486,0.021913485559013016
IND263601AAA,IND262501AAA,30,29,0.9666666666666667,1.8841123125218,0.021183036040379247
IND263601AAA,IND263153AAB,4,4,1.0,1.4342105263157894,0.002921798074535069
IND263601AAA,IND263645AAA,2,2,1.0,2.0215201465201464,0.0014608990372675344
IND263645AAA,IND262501AAA,4,4,1.0,1.975531914893617,0.002921798074535069
IND263645AAA,IND263601AAA,20,20,1.0,2.0315126050420167,0.014608990372675344
IND271001AAA,IND271201AAA,25,25,1.0,2.5652173913043477,0.018261237965844182
IND271001AAA,IND271210AAA,7,7,1.0,3.1944444444444446,0.0051131466304363705
IND271201AAA,IND271210AAA,18,18,1.0,2.0,0.013148091335407808
IND271210AAA,IND271001AAA,72,72,1.0,3.111111111111111,0.05259236534163123
IND272001AAA,IND272175AAA,4,4,1.0,1.5625,0.002921798074535069
IND272001AAA,IND273014AAB,15,7,0.4666666666666667,1.1139240506329113,0.0051131466304363705
IND272155AAA,IND272001AAA,6,4,0.6666666666666666,1.2916666666666667,0.002921798074535069
IND272207AAB,IND272153AAC,7,7,1.0,3.0588235294117645,0.0051131466304363705
IND273014AAB,IND209304AAA,45,45,1.0,2.4444444444444446,0.032870228338519526
IND273014AAB,IND273155AAA,21,21,1.0,1.7407407407407407,0.015339439891309111
IND273014AAB,IND273304AAA,18,17,0.9444444444444444,1.9767441860465116,0.012417641816774044
IND273014AAB,IND274001AAA,48,48,1.0,2.7117117117117115,0.035061576894420826
IND273014AAB,IND274301AAB,3,3,1.0,2.2439024390243905,0.0021913485559013016
IND273014AAB,IND277303AAC,90,89,0.9888888888888889,1.8019607843137255,0.06501000715840528
IND273155AAA,IND273014AAB,5,5,1.0,3.04,0.003652247593168836
IND273155AAA,IND273303AAA,3,3,1.0,1.5,0.0021913485559013016
IND273303AAA,IND273304AAA,4,4,1.0,3.8779761904761907,0.002921798074535069
IND273304AAA,IND273014AAB,100,95,0.95,3.3868131868131868,0.06939270427020788
IND274001AAA,IND273014AAB,3,3,1.0,6.323529411764706,0.0021913485559013016
IND274001AAA,IND274509AAB,24,24,1.0,1.8575,0.017530788447210413
IND274301AAB,IND273014AAB,30,30,1.0,4.416666666666666,0.021913485559013016
IND274304AAA,IND274304AAB,6,6,1.0,5.038461538461538,0.004382697111802603
IND274304AAB,IND274301AAB,26,26,1.0,2.264705882352941,0.018991687484477947
IND274304AAB,IND274304AAA,1,1,1.0,2.909090909090909,0.0007304495186337672
IND274402AAA,IND274301AAB,2,2,1.0,3.0784313725490198,0.0014608990372675344
IND274402AAA,IND274304AAB,4,4,1.0,2.833333333333333,0.002921798074535069
IND274509AAB,IND274001AAA,2,2,1.0,2.166666666666667,0.0014608990372675344
IND274509AAB,IND274304AAA,6,6,1.0,2.208333333333333,0.004382697111802603
IND274509AAB,IND274402AAA,6,6,1.0,2.6222222222222222,0.004382697111802603
IND275101AAA,IND275503AAA,2,2,1.0,4.136363636363637,0.0014608990372675344
IND275303AAA,IND276140AAA,4,4,1.0,2.1525735294117645,0.002921798074535069
IND275503AAA,IND275303AAA,4,4,1.0,4.26923076923077,0.002921798074535069
IND276128AAA,IND276305AAA,12,12,1.0,1.7748868778280542,0.008765394223605207
IND276129AAA,IND221010AAB,4,4,1.0,3.7066666666666666,0.002921798074535069
IND276140AAA,IND276129AAA,2,2,1.0,2.474903474903475,0.0014608990372675344
IND276305AAA,IND223101AAB,14,14,1.0,2.058461538461539,0.010226293260872741
IND277201AAA,IND221706AAA,28,27,0.9642857142857143,2.0272727272727273,0.019722137003111716
IND277211AAA,IND277201AAA,5,5,1.0,2.5238095238095237,0.003652247593168836
IND277303AAC,IND277211AAA,12,12,1.0,1.4283333333333332,0.008765394223605207
IND281121AAB,IND110037AAM,66,66,1.0,2.0676658723190773,0.04820966822982864
IND281401AAA,IND121004AAB,21,21,1.0,2.0727272727272728,0.015339439891309111
IND281401AAA,IND321022AAA,25,11,0.44,1.1666666666666667,0.00803494470497144
IND282001AAA,IND000000ACB,40,40,1.0,1.6201923076923077,0.02921798074535069
IND282001AAA,IND110037AAM,82,81,0.9878048780487805,2.300943396226415,0.05916641100933514
IND282001AAC,IND000000ACB,16,15,0.9375,1.7117940199335546,0.010956742779506508
IND282001AAF,IND283122AAB,40,36,0.9,2.125,0.026296182670815616
IND282002AAD,IND110037AAM,8,8,1.0,1.9419277108433735,0.005843596149070138
IND282002AAD,IND204101AAA,9,9,1.0,2.0,0.006574045667703904
IND282002AAD,IND205001AAB,42,38,0.9047619047619048,1.8891941391941391,0.027757081708083154
IND282002AAD,IND281004AAA,20,12,0.6,1.3333333333333333,0.008765394223605207
IND282002AAD,IND474003AAA,49,43,0.8775510204081632,1.4285714285714286,0.03140932930125199
IND283122AAB,IND282005AAA,7,7,1.0,6.590909090909091,0.0051131466304363705
IND283122AAB,IND328001AAA,21,3,0.14285714285714285,1.0862068965517242,0.0021913485559013016
IND283203AAA,IND110037AAM,130,130,1.0,2.1070261437908497,0.09495843742238974
IND283203AAA,IND282002AAD,2,2,1.0,2.150892857142857,0.0014608990372675344
IND284001AAA,IND284403AAA,27,26,0.9629629629629629,1.5593220338983051,0.018991687484477947
IND284403AAA,IND472001AAA,4,3,0.75,1.5341995841995844,0.0021913485559013016
IND284403AAA,IND474003AAA,1,1,1.0,2.5048076923076925,0.0007304495186337672
IND285001AAD,IND285205AAB,42,30,0.7142857142857143,1.3077651515151514,0.021913485559013016
IND285205AAB,IND210431AAA,15,13,0.8666666666666667,1.9625,0.009495843742238974
IND301001AAB,IND302014AAA,12,12,1.0,2.45197628458498,0.008765394223605207
IND301001AAB,IND321001AAB,51,51,1.0,1.7142857142857142,0.037252925450322126
IND301001AAB,IND321606AAA,9,9,1.0,2.246376811594203,0.006574045667703904
IND301019AAA,IND123001AAA,8,8,1.0,2.6279178338001867,0.005843596149070138
IND301019AAA,IND301705AAA,18,18,1.0,3.2592385218365063,0.013148091335407808
IND301705AAA,IND123001AAA,2,2,1.0,2.2825361512791993,0.0014608990372675344
IND302004AAA,IND302014AAB,15,15,1.0,2.642857142857143,0.010956742779506508
IND302004AAA,IND302033AAB,2,2,1.0,2.9,0.0014608990372675344
IND302006AAA,IND302014AAB,26,26,1.0,3.0,0.018991687484477947
IND302006AAC,IND302014AAB,2,2,1.0,2.625,0.0014608990372675344
IND302014AAA,IND000000ACB,197,193,0.9796954314720813,1.625,0.14097675709631707
IND302014AAA,IND110037AAM,154,149,0.9675324675324676,1.5544117647058824,0.10883697827643131
IND302014AAA,IND301001AAB,126,109,0.8650793650793651,1.449000370233247,0.07961899753108063
IND302014AAA,IND303702AAB,21,21,1.0,2.210526315789474,0.015339439891309111
IND302014AAA,IND305001AAC,84,84,1.0,2.3611111111111107,0.061357759565236446
IND302014AAA,IND306401AAB,26,26,1.0,2.104731109598366,0.018991687484477947
IND302014AAA,IND313001AAB,179,178,0.994413407821229,1.8313253012048192,0.13002001431681057
IND302014AAA,IND332404AAA,4,3,0.75,2.406896551724138,0.0021913485559013016
IND302014AAB,IND302004AAA,51,48,0.9411764705882353,2.0,0.035061576894420826
IND302014AAB,IND302006AAA,32,32,1.0,1.912878787878788,0.02337438459628055
IND302014AAB,IND302006AAC,45,45,1.0,2.357142857142857,0.032870228338519526
IND302014AAB,IND302020AAA,36,36,1.0,2.041666666666667,0.026296182670815616
IND302014AAB,IND302023AAA,55,55,1.0,2.739130434782609,0.040174723524857195
IND302014AAB,IND302026AAA,38,38,1.0,2.175,0.027757081708083154
IND302014AAB,IND303008AAB,35,31,0.8857142857142857,1.7636363636363637,0.022643935077646785
IND302014AAB,IND303301AAB,26,15,0.5769230769230769,1.3095238095238095,0.010956742779506508
IND302014AAB,IND303303AAA,18,14,0.7777777777777778,1.3928571428571428,0.010226293260872741
IND302014AAB,IND303603AAB,7,4,0.5714285714285714,1.6944444444444444,0.002921798074535069
IND302014AAB,IND303901AAA,30,27,0.9,1.9403508771929825,0.019722137003111716
IND302014AAB,IND304001AAA,8,8,1.0,1.9642857142857144,0.005843596149070138
IND302020AAA,IND302014AAB,38,38,1.0,5.75,0.027757081708083154
IND302022AAD,IND000000ACB,153,152,0.9934640522875817,1.6326530612244898,0.11102832683233262
IND302026AAA,IND302014AAB,4,4,1.0,9.161764705882353,0.002921798074535069
IND303002AAA,IND302014AAA,20,20,1.0,1.9782608695652173,0.014608990372675344
IND303008AAB,IND303338AAB,15,12,0.8,1.4666666666666666,0.008765394223605207
IND303106AAA,IND302014AAA,7,7,1.0,2.3902439024390243,0.0051131466304363705
IND303106AAA,IND303002AAA,14,14,1.0,1.6626984126984126,0.010226293260872741
IND303108AAB,IND303106AAA,18,17,0.9444444444444444,1.524731182795699,0.012417641816774044
IND303301AAB,IND303303AAA,47,39,0.8297872340425532,1.3333333333333333,0.028487531226716923
IND303303AAA,IND322230AAA,122,63,0.5163934426229508,1.2108333333333334,0.04601831967392733
IND303338AAB,IND303603AAB,24,9,0.375,1.1666666666666667,0.006574045667703904
IND303503AAA,IND302014AAB,64,63,0.984375,1.7320574162679425,0.04601831967392733
IND303603AAB,IND302014AAB,36,34,0.9444444444444444,2.7481851179673322,0.02483528363354809
IND303603AAB,IND303338AAB,4,0,0.0,0.752895752895753,0.0
IND303702AAB,IND332001AAB,16,16,1.0,1.5528601377657982,0.011687192298140275
IND303702AAB,IND332404AAA,16,15,0.9375,1.4352941176470588,0.010956742779506508
IND303901AAA,IND304001AAA,18,18,1.0,2.05718954248366,0.013148091335407808
IND304001AAA,IND322001AAC,7,7,1.0,1.5686274509803921,0.0051131466304363705
IND305001AAC,IND305802AAA,22,22,1.0,2.087037037037037,0.01606988940994288
IND305001AAC,IND305901AAA,51,49,0.9607843137254902,1.8823529411764706,0.035792026413054595
IND305001AAC,IND306401AAB,103,102,0.9902912621359223,1.9245283018867925,0.07450585090064425
IND305001AAC,IND342602AAC,10,10,1.0,1.7048611111111112,0.007304495186337672
IND305404AAA,IND305001AAC,4,4,1.0,2.6904404404404403,0.002921798074535069
IND305404AAA,IND305601AAC,38,28,0.7368421052631579,1.365925925925926,0.020452586521745482
IND305601AAC,IND305001AAC,20,20,1.0,1.9575163398692812,0.014608990372675344
IND305624AAA,IND305404AAA,24,17,0.7083333333333334,1.4660714285714285,0.012417641816774044
IND305802AAA,IND341512AAA,12,11,0.9166666666666666,2.0165912518853695,0.00803494470497144
IND305901AAA,IND305624AAA,5,5,1.0,3.926470588235294,0.003652247593168836
IND305901AAA,IND342602AAC,18,17,0.9444444444444444,1.653718091009989,0.012417641816774044
IND306116AAA,IND306001AAA,10,10,1.0,1.9390243902439024,0.007304495186337672
IND306304AAB,IND311302AAA,2,2,1.0,2.0815217391304346,0.0014608990372675344
IND306401AAB,IND302014AAA,217,217,1.0,1.968503937007874,0.15850754554352747
IND306401AAB,IND305001AAC,331,331,1.0,3.0142857142857142,0.24177879066777697
IND306401AAB,IND342005AAD,54,52,0.9629629629629629,1.6825307950727884,0.037983374968955895
IND306401AAB,IND343001AAA,20,17,0.85,1.717142857142857,0.012417641816774044
IND306902AAA,IND306116AAA,1,1,1.0,1.5185185185185186,0.0007304495186337672
IND307001AAA,IND306902AAA,4,3,0.75,1.3482905982905984,0.0021913485559013016
IND311001AAA,IND313324AAA,10,10,1.0,1.8461538461538463,0.007304495186337672
IND311301AAA,IND305624AAA,12,12,1.0,3.2729885057471266,0.008765394223605207
IND311302AAA,IND305624AAA,6,6,1.0,4.094474153297682,0.004382697111802603
IND312001AAA,IND311001AAA,39,39,1.0,1.5853658536585367,0.028487531226716923
IND312001AAA,IND312601AAA,12,6,0.5,1.223474801061008,0.004382697111802603
IND312403AAA,IND312001AAA,27,21,0.7777777777777778,1.5813953488372092,0.015339439891309111
IND312601AAA,IND458664AAA,12,7,0.5833333333333334,1.205128205128205,0.0051131466304363705
IND312605AAB,IND313001AAB,42,40,0.9523809523809523,2.1210445468509986,0.02921798074535069
IND312605AAB,IND458001AAB,24,19,0.7916666666666666,1.5092592592592593,0.013878540854041577
IND313001AAB,IND306401AAB,118,117,0.9915254237288136,1.9391705069124425,0.08546259368015076
IND313001AAB,IND311001AAA,6,6,1.0,2.6560606060606062,0.004382697111802603
IND313001AAB,IND312001AAA,65,65,1.0,2.0759493670886076,0.04747921871119487
IND313001AAB,IND327001AAB,56,56,1.0,2.1923610041583244,0.040905173043490964
IND313001AAB,IND382430AAB,142,142,1.0,2.2377896372356956,0.10372383164599494
IND313324AAA,IND313001AAB,41,41,1.0,1.8157894736842106,0.029948430263984454
IND321001AAA,IND301001AAB,15,15,1.0,5.826086956521739,0.010956742779506508
IND321001AAA,IND321401AAB,20,9,0.45,1.1818181818181819,0.006574045667703904
IND321001AAB,IND321001AAA,12,11,0.9166666666666666,1.3426724137931034,0.00803494470497144
IND321001AAB,IND321401AAB,6,4,0.6666666666666666,1.847902097902098,0.002921798074535069
IND321022AAA,IND121004AAB,78,78,1.0,2.9511217948717947,0.056975062453433846
IND321408AAB,IND301001AAB,4,4,1.0,3.8301587301587303,0.002921798074535069
IND321408AAB,IND321606AAA,8,7,0.875,1.9154094827586206,0.0051131466304363705
IND321606AAA,IND301001AAB,18,18,1.0,2.2391304347826084,0.013148091335407808
IND321606AAA,IND321001AAA,6,5,0.8333333333333334,1.41890440386681,0.003652247593168836
IND322001AAC,IND302014AAB,36,34,0.9444444444444444,1.7619565217391304,0.02483528363354809
IND322201AAA,IND302014AAB,22,21,0.9545454545454546,1.7664335664335664,0.015339439891309111
IND322201AAA,IND303503AAA,56,56,1.0,1.6490147783251232,0.040905173043490964
IND322230AAA,IND322241AAA,55,55,1.0,1.5357142857142858,0.040174723524857195
IND322241AAA,IND322201AAA,60,60,1.0,2.279220779220779,0.04382697111802603
IND327001AAB,IND312605AAB,14,13,0.9285714285714286,1.381578947368421,0.009495843742238974
IND328001AAA,IND000000ACB,10,9,0.9,1.5217357625333086,0.006574045667703904
IND328001AAA,IND282002AAD,21,21,1.0,2.7551020408163267,0.015339439891309111
IND328001AAA,IND474003AAA,19,18,0.9473684210526315,1.4915254237288136,0.013148091335407808
IND331022A1B,IND331001A1C,3,2,0.6666666666666666,2.590909090909091,0.0014608990372675344
IND331023AAA,IND331304AAA,6,2,0.3333333333333333,1.1520737327188941,0.0014608990372675344
IND331304AAA,IND332001AAB,14,14,1.0,3.773955147808359,0.010226293260872741
IND331507AAA,IND302014AAA,24,24,1.0,2.7933732933732935,0.017530788447210413
IND331701AAA,IND125001AAA,6,6,1.0,5.484375,0.004382697111802603
IND332001AAB,IND333001AAA,9,6,0.6666666666666666,1.2666666666666666,0.004382697111802603
IND332001AAB,IND333028AAA,8,8,1.0,1.4932330827067668,0.005843596149070138
IND332001AAB,IND333031AAA,10,10,1.0,2.4404255319148938,0.007304495186337672
IND332001AAB,IND333042AAA,28,24,0.8571428571428571,1.4460847240051349,0.017530788447210413
IND332001AAB,IND334001AAB,90,89,0.9888888888888889,1.5757142857142856,0.06501000715840528
IND332001AAB,IND334001AAC,27,27,1.0,1.5739130434782609,0.019722137003111716
IND332404AAA,IND332001AAB,36,34,0.9444444444444444,1.368421052631579,0.02483528363354809
IND332713AAA,IND332709AAA,12,11,0.9166666666666666,1.4076246334310851,0.00803494470497144
IND332713AAA,IND332715AAB,2,2,1.0,1.8715213358070502,0.0014608990372675344
IND333001AAA,IND333028AAA,6,3,0.5,1.2891891891891891,0.0021913485559013016
IND333028AAA,IND333502AAA,2,1,0.5,1.221526908635795,0.0007304495186337672
IND333028AAA,IND333504AAA,2,2,1.0,2.0220306513409962,0.0014608990372675344
IND333031AAA,IND331023AAA,10,10,1.0,2.666256157635468,0.007304495186337672
IND333042AAA,IND333031AAA,39,39,1.0,1.54,0.028487531226716923
IND333504AAA,IND332713AAA,4,4,1.0,1.7126829268292685,0.002921798074535069
IND334001AAB,IND334803AAA,6,6,1.0,1.9326530612244899,0.004382697111802603
IND334001AAC,IND334803AAA,12,12,1.0,1.634640522875817,0.008765394223605207
IND334001AAC,IND341001AAC,10,10,1.0,1.6488095238095237,0.007304495186337672
IND334803AAA,IND341001AAC,9,9,1.0,1.6764705882352942,0.006574045667703904
IND335001AAA,IND125104AAA,40,38,0.95,1.6314655172413794,0.027757081708083154
IND335051AAA,IND335513AAA,82,78,0.9512195121951219,1.9212121212121214,0.056975062453433846
IND335501AAA,IND331701AAA,1,1,1.0,1.7142857142857142,0.0007304495186337672
IND335513AAA,IND335001AAA,18,17,0.9444444444444444,1.7541478129713424,0.012417641816774044
IND335513AAA,IND335803AAA,25,16,0.64,1.2857142857142858,0.011687192298140275
IND335513AAA,IND335804AAD,6,6,1.0,1.5113636363636362,0.004382697111802603
IND335523AAB,IND125001AAA,5,5,1.0,3.9363636363636365,0.003652247593168836
IND335524AAA,IND335523AAB,2,1,0.5,1.357076780758557,0.0007304495186337672
IND335701AAA,IND335051AAA,30,12,0.4,1.0434981684981686,0.008765394223605207
IND335703AAA,IND335701AAA,35,16,0.45714285714285713,1.1428571428571428,0.011687192298140275
IND335803AAA,IND335804AAD,17,10,0.5882352941176471,1.3,0.007304495186337672
IND335804AAD,IND335701AAA,16,9,0.5625,1.2132034632034632,0.006574045667703904
IND335804AAD,IND335703AAA,29,12,0.41379310344827586,1.135135135135135,0.008765394223605207
IND341001AAC,IND341030AAA,4,3,0.75,1.5261984392419174,0.0021913485559013016
IND341001AAC,IND341303AAA,28,28,1.0,1.6388888888888888,0.020452586521745482
IND341030AAA,IND341303AAA,9,9,1.0,1.558139534883721,0.006574045667703904
IND341303AAA,IND341306AAA,28,28,1.0,1.6602564102564101,0.020452586521745482
IND341306AAA,IND302014AAA,32,32,1.0,2.2247748940677967,0.02337438459628055
IND341503AAB,IND341510AAB,24,24,1.0,2.0606060606060606,0.017530788447210413
IND341505AAA,IND341503AAB,36,25,0.6944444444444444,1.7970588235294118,0.018261237965844182
IND341505AAA,IND341510AAB,4,4,1.0,1.9759803921568626,0.002921798074535069
IND341510AAB,IND305001AAC,42,42,1.0,2.4825581395348837,0.030678879782618223
IND341512AAA,IND341505AAA,6,6,1.0,1.7386363636363638,0.004382697111802603
IND342005AAD,IND342601AAA,27,27,1.0,2.0625,0.019722137003111716
IND342005AAD,IND342902A1B,4,4,1.0,1.6090909090909091,0.002921798074535069
IND342005AAD,IND342902AAA,20,20,1.0,2.0106382978723403,0.014608990372675344
IND342005AAD,IND344022AAB,18,17,0.9444444444444444,1.424924924924925,0.012417641816774044
IND342301AAA,IND342005AAD,54,51,0.9444444444444444,2.6923076923076925,0.037252925450322126
IND342601AAA,IND342902A1B,12,12,1.0,1.926065162907268,0.008765394223605207
IND342601AAA,IND342902AAA,6,6,1.0,1.8678571428571429,0.004382697111802603
IND342602AAC,IND306304AAB,2,2,1.0,2.271050521251002,0.0014608990372675344
IND342602AAC,IND311302AAA,12,12,1.0,2.0597973807758834,0.008765394223605207
IND342902A1B,IND302014AAA,90,90,1.0,2.4238000442380008,0.06574045667703905
IND342902AAA,IND302014AAA,50,50,1.0,2.5259216589861753,0.036522475931688364
IND343001AAA,IND343029AAB,6,3,0.5,1.209090909090909,0.0021913485559013016
IND343029AAB,IND307001AAA,6,3,0.5,1.1916835699797161,0.0021913485559013016
IND344001AAA,IND342301AAA,36,36,1.0,1.6042568542568543,0.026296182670815616
IND344001AAA,IND345001AAA,42,0,0.0,0.7286571116996416,0.0
IND344001AAA,IND345021AAA,21,21,1.0,1.4444444444444444,0.015339439891309111
IND344022AAB,IND342301AAA,9,9,1.0,1.684782608695652,0.006574045667703904
IND344022AAB,IND344001AAA,36,28,0.7777777777777778,1.3764705882352941,0.020452586521745482
IND345001AAA,IND342301AAA,7,6,0.8571428571428571,1.7311827956989247,0.004382697111802603
IND345001AAA,IND345021AAA,20,20,1.0,1.3305958747135218,0.014608990372675344
IND345021AAA,IND342301AAA,30,20,0.6666666666666666,1.284313725490196,0.014608990372675344
IND360003AAA,IND360311AAA,8,8,1.0,1.9722222222222223,0.005843596149070138
IND360311AAA,IND360050AAA,5,5,1.0,1.3777777777777778,0.003652247593168836
IND360370AAA,IND360410AAA,1,1,1.0,2.4615384615384617,0.0007304495186337672
IND360410AAA,IND360490AAA,2,2,1.0,2.8241758241758244,0.0014608990372675344
IND360490AAA,IND362001AAA,20,20,1.0,2.171990171990172,0.014608990372675344
IND360510AAB,IND360530AAB,37,22,0.5945945945945946,1.2222222222222223,0.01606988940994288
IND360530AAB,IND362001AAA,99,98,0.98989898989899,1.945945945945946,0.07158405282610919
IND360575AAA,IND360510AAB,41,36,0.8780487804878049,1.5121951219512195,0.026296182670815616
IND361001AAA,IND361305AAC,48,48,1.0,1.6246130030959751,0.035061576894420826
IND361305AAC,IND361315AAA,22,22,1.0,1.5393145161290323,0.01606988940994288
IND361305AAC,IND361335AAA,4,4,1.0,1.6091101694915255,0.002921798074535069
IND361315AAA,IND361335AAA,22,22,1.0,1.576036866359447,0.01606988940994288
IND361335AAA,IND360002AAB,9,5,0.5555555555555556,1.2727272727272727,0.003652247593168836
IND362001AAA,IND360370AAA,20,20,1.0,1.8920454545454546,0.014608990372675344
IND362001AAA,IND360575AAA,112,112,1.0,1.3803496081977094,0.08181034608698193
IND362001AAA,IND362220AAA,54,53,0.9814814814814815,2.0416666666666665,0.038713824487589664
IND362001AAA,IND362265AAA,16,16,1.0,1.9291101055806936,0.011687192298140275
IND362150AAA,IND362001AAA,57,48,0.8421052631578947,1.5588235294117647,0.035061576894420826
IND362220AAA,IND362225AAA,18,18,1.0,2.0,0.013148091335407808
IND362220AAA,IND362265AAA,10,10,1.0,1.7148148148148148,0.007304495186337672
IND362225AAA,IND362265AAA,24,24,1.0,1.8191721132897603,0.017530788447210413
IND362265AAA,IND362720AAA,78,77,0.9871794871794872,2.02,0.05624461293480007
IND362560AAA,IND362150AAA,65,64,0.9846153846153847,1.5714285714285714,0.0467487691925611
IND362720AAA,IND362560AAA,69,69,1.0,2.107142857142857,0.05040101678572994
IND363001AAA,IND363421AAB,28,5,0.17857142857142858,1.0909090909090908,0.003652247593168836
IND363310AAB,IND382430AAB,54,53,0.9814814814814815,1.5591185130658816,0.038713824487589664
IND363330AAB,IND363310AAB,16,12,0.75,1.6926765475152572,0.008765394223605207
IND363421AAB,IND364710AAA,39,39,1.0,1.9,0.028487531226716923
IND363520AAC,IND363001AAA,39,8,0.20512820512820512,1.1666666666666667,0.005843596149070138
IND363621AAB,IND360002AAB,8,8,1.0,1.6777777777777778,0.005843596149070138
IND363641AAA,IND360002AAB,7,7,1.0,1.3529411764705883,0.0051131466304363705
IND363641AAA,IND363621AAB,18,9,0.5,1.2062937062937062,0.006574045667703904
IND364004AAB,IND365560AAA,35,35,1.0,1.6842105263157894,0.02556573315218185
IND364270AAA,IND364001AAA,4,4,1.0,1.81656346749226,0.002921798074535069
IND364290AAA,IND365560AAB,2,2,1.0,2.1125226860254083,0.0014608990372675344
IND365560AAA,IND365560AAB,24,24,1.0,1.7321428571428572,0.017530788447210413
IND365560AAB,IND364290AAA,22,22,1.0,2.5277777777777777,0.01606988940994288
IND370001AAA,IND370110AAA,10,10,1.0,3.4872549019607844,0.007304495186337672
IND370001AAA,IND370201AAA,3,3,1.0,5.695652173913044,0.0021913485559013016
IND370001AAA,IND370615AAB,16,15,0.9375,1.613871635610766,0.010956742779506508
IND370110AAA,IND370001AAA,28,28,1.0,2.19375,0.020452586521745482
IND370110AAA,IND370615AAB,4,4,1.0,2.124868282402529,0.002921798074535069
IND370201AAA,IND363310AAB,7,7,1.0,1.608695652173913,0.0051131466304363705
IND370201AAA,IND363330AAB,48,21,0.4375,1.1426777689664287,0.015339439891309111
IND370615AAB,IND370001AAA,4,4,1.0,4.118206521739131,0.002921798074535069
IND380005AAA,IND382421AAA,12,12,1.0,2.7,0.008765394223605207
IND380005AAA,IND382430AAB,3,3,1.0,3.0,0.0021913485559013016
IND380005AAA,IND382721AAA,4,3,0.75,2.1153846153846154,0.0021913485559013016
IND380006AAA,IND382430AAB,36,35,0.9722222222222222,1.7207792207792207,0.02556573315218185
IND380006AAB,IND382430AAB,54,54,1.0,3.126923076923077,0.03944427400622343
IND380021AAA,IND382430AAB,63,63,1.0,2.5,0.04601831967392733
IND380054AAA,IND382430AAB,48,48,1.0,2.0277777777777777,0.035061576894420826
IND382421AAA,IND382430AAB,60,59,0.9833333333333333,2.3095238095238093,0.04309652159939227
IND382421AAA,IND382721AAA,28,16,0.5714285714285714,1.2727272727272727,0.011687192298140275
IND382430AAB,IND000000ACB,558,551,0.9874551971326165,1.744105335098885,0.40247768476720575
IND382430AAB,IND313001AAB,149,148,0.9932885906040269,2.0,0.10810652875779755
IND382430AAB,IND364004AAB,77,77,1.0,1.6753246753246753,0.05624461293480007
IND382430AAB,IND370201AAA,139,139,1.0,1.4680851063829787,0.10153248309009363
IND382430AAB,IND380005AAA,108,107,0.9907407407407407,1.7638888888888888,0.07815809849381308
IND382430AAB,IND380015AAB,69,69,1.0,2.5,0.05040101678572994
IND382430AAB,IND380054AAA,79,79,1.0,2.1666666666666665,0.057705511972067615
IND382430AAB,IND382345AAA,67,67,1.0,2.090909090909091,0.0489401177484624
IND382430AAB,IND384205AAA,76,44,0.5789473684210527,1.25,0.03213977881988576
IND382430AAB,IND387620AAB,6,5,0.8333333333333334,1.7467948717948718,0.003652247593168836
IND382430AAB,IND388320AAA,27,10,0.37037037037037035,1.0384615384615385,0.007304495186337672
IND382430AAB,IND389001AAA,105,105,1.0,1.6666666666666667,0.07669719945654556
IND382430AAB,IND395023AAA,300,300,1.0,1.9267389437526836,0.21913485559013016
IND382715AAA,IND382430AAB,52,52,1.0,2.090909090909091,0.037983374968955895
IND382721AAA,IND382430AAB,66,66,1.0,2.569871794871795,0.04820966822982864
IND383001AAA,IND383315AAC,26,11,0.4230769230769231,1.1726190476190477,0.00803494470497144
IND383255AAB,IND384205AAA,37,30,0.8108108108108109,1.5833333333333333,0.021913485559013016
IND383315AAC,IND383255AAB,47,14,0.2978723404255319,1.1397849462365592,0.010226293260872741
IND383315AAC,IND384205AAA,5,5,1.0,1.296875,0.003652247593168836
IND384170AAA,IND384265AAB,17,11,0.6470588235294118,1.2272727272727273,0.00803494470497144
IND384205AAA,IND382430AAB,4,4,1.0,1.923885511651469,0.002921798074535069
IND384205AAA,IND382715AAA,36,36,1.0,1.4471153846153846,0.026296182670815616
IND384205AAA,IND383001AAA,33,12,0.36363636363636365,1.148936170212766,0.008765394223605207
IND384205AAA,IND384170AAA,8,5,0.625,1.25,0.003652247593168836
IND384205AAA,IND384355AAB,26,26,1.0,1.6470588235294117,0.018991687484477947
IND384205AAA,IND385001AAA,3,3,1.0,1.6428571428571428,0.0021913485559013016
IND384265AAB,IND385320AAA,33,10,0.30303030303030304,1.0857142857142856,0.007304495186337672
IND384265AAB,IND385340AAB,3,2,0.6666666666666666,2.13953488372093,0.0014608990372675344
IND384355AAB,IND384205AAA,2,2,1.0,2.4712482468443198,0.0014608990372675344
IND384355AAB,IND385001AAA,34,34,1.0,1.5396349413298567,0.02483528363354809
IND385001AAA,IND385535AAA,19,19,1.0,1.5625,0.013878540854041577
IND385320AAA,IND385340AAB,24,0,0.0,0.7419354838709677,0.0
IND385340AAB,IND384205AAA,16,9,0.5625,1.2717627401837928,0.006574045667703904
IND385535AAA,IND384205AAA,67,67,1.0,1.9772727272727273,0.0489401177484624
IND387001AAA,IND388220AAA,42,42,1.0,1.7041666666666666,0.030678879782618223
IND387620AAB,IND389230AAB,7,7,1.0,2.0,0.0051131466304363705
IND388121AAA,IND388620AAB,54,49,0.9074074074074074,1.5125,0.035792026413054595
IND388220AAA,IND388320AAA,42,42,1.0,1.75,0.030678879782618223
IND388320AAA,IND387001AAA,29,29,1.0,1.6923076923076923,0.021183036040379247
IND388320AAA,IND388121AAA,1,1,1.0,4.25,0.0007304495186337672
IND388320AAA,IND388220AAA,3,3,1.0,1.7777777777777777,0.0021913485559013016
IND388320AAA,IND390022AAA,12,12,1.0,2.0789473684210527,0.008765394223605207
IND388620AAB,IND388320AAA,69,68,0.9855072463768116,1.8,0.04967056726709618
IND389001AAA,IND389151AAA,63,58,0.9206349206349206,1.6111111111111112,0.042366072080758495
IND389151AAA,IND457661AAA,22,22,1.0,2.8528138528138527,0.01606988940994288
IND390018AAB,IND390020AAA,1,1,1.0,2.0,0.0007304495186337672
IND390020AAA,IND390018AAB,2,2,1.0,3.3636363636363638,0.0014608990372675344
IND390020AAA,IND390022AAA,3,3,1.0,6.857142857142857,0.0021913485559013016
IND390020AAA,IND391110AAD,28,25,0.8928571428571429,1.6706766917293234,0.018261237965844182
IND390022AAA,IND382430AAB,39,39,1.0,1.6,0.028487531226716923
IND390022AAA,IND388320AAA,72,28,0.3888888888888889,1.1230195712954334,0.020452586521745482
IND390022AAA,IND390020AAA,5,5,1.0,4.416666666666667,0.003652247593168836
IND390022AAA,IND395023AAA,147,147,1.0,1.7419354838709677,0.10737607923916377
IND391110AAD,IND390020AAA,16,16,1.0,3.2142857142857144,0.011687192298140275
IND391110AAD,IND390022AAA,4,4,1.0,5.041666666666666,0.002921798074535069
IND395001AAA,IND395023AAD,18,18,1.0,9.329670329670328,0.013148091335407808
IND395004AAB,IND395023AAD,7,7,1.0,6.090909090909091,0.0051131466304363705
IND395006AAA,IND395023AAD,4,4,1.0,8.566666666666666,0.002921798074535069
IND395009AAA,IND395023AAD,21,21,1.0,9.666666666666666,0.015339439891309111
IND395010AAB,IND395023AAA,2,2,1.0,1.4375,0.0014608990372675344
IND395023AAA,IND110037AAM,773,770,0.9961190168175937,1.8255813953488371,0.5624461293480008
IND395023AAA,IND382430AAB,201,199,0.9900497512437811,1.6352201257861636,0.14535945420811966
IND395023AAA,IND390022AAA,53,52,0.9811320754716981,1.6226415094339623,0.037983374968955895
IND395023AAA,IND394221AAA,3,3,1.0,1.9090909090909092,0.0021913485559013016
IND395023AAA,IND396191AAC,40,40,1.0,1.8513603925066904,0.02921798074535069
IND395023AAA,IND411033AAA,154,144,0.935064935064935,2.7575600851840587,0.10518473068326246
IND395023AAA,IND421302AAG,30,30,1.0,2.550820707070707,0.021913485559013016
IND395023AAA,IND562132AAA,935,931,0.9957219251336898,1.7323290845886443,0.6800485018480373
IND395023AAD,IND395001AAA,12,12,1.0,2.25,0.008765394223605207
IND395023AAD,IND395004AAB,34,34,1.0,2.485294117647059,0.02483528363354809
IND395023AAD,IND395006AAA,53,53,1.0,1.8666666666666667,0.038713824487589664
IND395023AAD,IND395009AAA,8,8,1.0,3.078787878787879,0.005843596149070138
IND395023AAD,IND396445AAA,14,14,1.0,1.7777777777777777,0.010226293260872741
IND396001AAA,IND395023AAD,37,37,1.0,2.6808510638297873,0.02702663218944939
IND396105AAA,IND396191AAC,4,4,1.0,2.2232142857142856,0.002921798074535069
IND396191AAB,IND421302AAG,12,12,1.0,2.3144489795918366,0.008765394223605207
IND396191AAC,IND395023AAA,4,4,1.0,2.418657937806874,0.002921798074535069
IND396191AAC,IND396105AAA,4,0,0.0,0.6043478260869566,0.0
IND396191AAC,IND396210AAA,1,1,1.0,3.909090909090909,0.0007304495186337672
IND396191AAC,IND396232AAA,34,34,1.0,2.7142857142857144,0.02483528363354809
IND396191AAC,IND421302AAG,43,43,1.0,2.7790697674418605,0.03140932930125199
IND396232AAA,IND396191AAC,30,30,1.0,2.8571428571428568,0.021913485559013016
IND396321AAA,IND396001AAA,22,22,1.0,1.4058823529411764,0.01606988940994288
IND396321AAA,IND396580AAB,80,80,1.0,1.7165178571428572,0.05843596149070138
IND396445AAA,IND396321AAA,21,21,1.0,1.7083333333333333,0.015339439891309111
IND396580AAB,IND396321AAA,34,34,1.0,1.9494252873563218,0.02483528363354809
IND400011AAA,IND400072AAB,24,24,1.0,2.2666666666666666,0.017530788447210413
IND400011AAA,IND400072AAD,107,106,0.9906542056074766,2.642857142857143,0.07742764897517933
IND400015AAA,IND400072AAB,71,71,1.0,2.7058823529411766,0.05186191582299747
IND400015AAA,IND421302AAG,4,4,1.0,1.7329545454545454,0.002921798074535069
IND400015AAB,IND400072AAB,12,12,1.0,4.497549019607844,0.008765394223605207
IND400015AAB,IND421302AAG,88,88,1.0,2.921212121212121,0.06427955763977151
IND400016AAA,IND400015AAA,2,2,1.0,1.8,0.0014608990372675344
IND400016AAB,IND400072AAB,2,2,1.0,5.0,0.0014608990372675344
IND400016AAB,IND400072AAD,24,24,1.0,2.7916666666666665,0.017530788447210413
IND400037AAA,IND400072AAJ,14,14,1.0,3.2788461538461537,0.010226293260872741
IND400064AAB,IND400072AAB,4,4,1.0,3.083916083916084,0.002921798074535069
IND400064AAB,IND400072AAD,32,32,1.0,3.105128205128205,0.02337438459628055
IND400072AAA,IND421302AAG,3,3,1.0,4.0,0.0021913485559013016
IND400072AAB,IND000000AFT,134,134,1.0,2.2744360902255636,0.0978802354969248
IND400072AAB,IND400011AAA,4,4,1.0,3.5404411764705883,0.002921798074535069
IND400072AAB,IND400015AAA,118,118,1.0,2.888888888888889,0.08619304319878454
IND400072AAB,IND400015AAB,2,2,1.0,3.026143790849673,0.0014608990372675344
IND400072AAB,IND400701AAB,6,6,1.0,2.234210526315789,0.004382697111802603
IND400072AAB,IND401104AAA,155,154,0.9935483870967742,2.7142857142857144,0.11248922586960014
IND400072AAB,IND401104AAB,2,2,1.0,3.0904761904761906,0.0014608990372675344
IND400072AAB,IND411033AAA,40,37,0.925,1.9184883720930233,0.02702663218944939
IND400072AAB,IND421302AAG,180,180,1.0,2.547727272727273,0.1314809133540781
IND400072AAB,IND421302AAR,62,62,1.0,1.8221343873517786,0.04528787015529357
IND400072AAB,IND421302AAS,6,6,1.0,3.1157894736842104,0.004382697111802603
IND400072AAC,IND400011AAA,34,34,1.0,2.9705882352941178,0.02483528363354809
IND400072AAD,IND421302AAG,282,282,1.0,2.424812030075188,0.20598676425472237
IND400072AAI,IND000000AFS,1,1,1.0,9.416666666666666,0.0007304495186337672
IND400072AAJ,IND400037AAA,2,2,1.0,9.0,0.0014608990372675344
IND400102AAB,IND421302AAG,58,58,1.0,2.0,0.042366072080758495
IND400102AAC,IND400052AAA,11,11,1.0,4.214285714285714,0.00803494470497144
IND400102AAC,IND421302AAG,81,81,1.0,2.933333333333333,0.05916641100933514
IND400612AAA,IND421302AAR,12,12,1.0,2.700757575757576,0.008765394223605207
IND400701AAA,IND400705AAA,1,1,1.0,3.6666666666666665,0.0007304495186337672
IND400701AAA,IND410206AAA,50,50,1.0,2.343137254901961,0.036522475931688364
IND400701AAB,IND421302AAG,51,51,1.0,2.45,0.037252925450322126
IND400705AAA,IND421302AAH,35,35,1.0,2.84,0.02556573315218185
IND400706AAA,IND000000AFT,2,2,1.0,4.712121212121212,0.0014608990372675344
IND401104AAA,IND400072AAB,59,59,1.0,2.875,0.04309652159939227
IND401104AAA,IND401208AAA,74,74,1.0,2.3636363636363638,0.05405326437889878
IND401104AAA,IND401209AAA,2,2,1.0,2.4194139194139197,0.0014608990372675344
IND401104AAA,IND421302AAG,27,27,1.0,2.2857142857142856,0.019722137003111716
IND401104AAB,IND400072AAB,9,9,1.0,2.2222222222222223,0.006574045667703904
IND401104AAB,IND421302AAG,45,45,1.0,2.411764705882353,0.032870228338519526
IND401209AAA,IND401104AAA,58,58,1.0,2.804029304029304,0.042366072080758495
IND401209AAB,IND401104AAA,33,33,1.0,2.8125,0.02410483411491432
IND401209AAB,IND421302AAG,3,3,1.0,2.4,0.0021913485559013016
IND401209AAB,IND421302AAH,59,59,1.0,2.357142857142857,0.04309652159939227
IND401501AAA,IND401602AAA,51,51,1.0,1.9130434782608696,0.037252925450322126
IND401602AAA,IND401501AAA,31,31,1.0,7.344827586206897,0.022643935077646785
IND402107AAA,IND402109AAA,70,70,1.0,2.1435897435897435,0.0511314663043637
IND402109AAA,IND402301AAA,119,119,1.0,1.625,0.0869234927174183
IND402301AAA,IND402107AAA,113,112,0.9911504424778761,2.125,0.08181034608698193
IND403002AAA,IND403726AAB,3,3,1.0,1.7241379310344827,0.0021913485559013016
IND403401AAA,IND403726AAB,6,6,1.0,4.99055829228243,0.004382697111802603
IND403507AAA,IND403726AAB,9,8,0.8888888888888888,1.5172413793103448,0.005843596149070138
IND403507AAB,IND403726AAB,4,3,0.75,1.9011627906976745,0.0021913485559013016
IND403601AAA,IND403726AAB,10,10,1.0,1.7833333333333332,0.007304495186337672
IND403702AAA,IND575004AAB,96,96,1.0,2.0267562470532767,0.07012315378884165
IND403702AAA,IND581314AAA,3,3,1.0,1.4516129032258065,0.0021913485559013016
IND403726AAA,IND403702AAA,18,18,1.0,1.6569444444444446,0.013148091335407808
IND403726AAA,IND411033AAA,229,206,0.8995633187772926,1.5070422535211268,0.15047260083855604
IND403726AAA,IND416510AAA,15,15,1.0,2.1923076923076925,0.010956742779506508
IND403726AAA,IND575004AAB,28,28,1.0,1.8934883720930231,0.020452586521745482
IND403726AAA,IND581303AAA,39,39,1.0,1.6585365853658536,0.028487531226716923
IND403726AAA,IND581400AAB,4,4,1.0,2.006085686465433,0.002921798074535069
IND403726AAB,IND403002AAA,8,6,0.75,1.3791666666666667,0.004382697111802603
IND403726AAB,IND403401AAA,12,12,1.0,2.0231481481481484,0.008765394223605207
IND403726AAB,IND403507AAA,15,9,0.6,1.25,0.006574045667703904
IND403726AAB,IND403507AAB,3,0,0.0,0.896551724137931,0.0
IND403726AAB,IND403601AAA,12,11,0.9166666666666666,1.4642857142857144,0.00803494470497144
IND410206AAA,IND000000AFT,25,25,1.0,2.3636363636363638,0.018261237965844182
IND410206AAB,IND000000AFT,72,72,1.0,2.322916666666667,0.05259236534163123
IND410401AAA,IND421302AAG,33,33,1.0,2.5074626865671643,0.02410483411491432
IND410501AAF,IND411033AAA,8,8,1.0,4.423809523809524,0.005843596149070138
IND410503AAA,IND410505AAB,8,8,1.0,2.8342391304347827,0.005843596149070138
IND410505AAB,IND410501AAF,10,10,1.0,2.928571428571429,0.007304495186337672
IND410505AAB,IND411033AAA,4,4,1.0,2.189230769230769,0.002921798074535069
IND411014AAA,IND411033AAA,46,45,0.9782608695652174,2.133928571428571,0.032870228338519526
IND411014AAA,IND411043AAA,14,14,1.0,4.512820512820513,0.010226293260872741
IND411014AAA,IND411048AAA,12,12,1.0,4.285714285714286,0.008765394223605207
IND411017AAA,IND412105AAC,4,4,1.0,2.8529411764705883,0.002921798074535069
IND411021AAA,IND411033AAA,57,40,0.7017543859649122,1.5,0.02921798074535069
IND411033AAA,IND000000AAL,37,37,1.0,2.7037037037037037,0.02702663218944939
IND411033AAA,IND000000ACB,924,897,0.9707792207792207,1.6259825254974918,0.6552132182144892
IND411033AAA,IND400072AAB,40,40,1.0,1.8991307292842627,0.02921798074535069
IND411033AAA,IND403726AAA,335,335,1.0,2.2467532467532467,0.24470058874231201
IND411033AAA,IND410503AAA,13,13,1.0,2.2857142857142856,0.009495843742238974
IND411033AAA,IND410505AAB,14,13,0.9285714285714286,1.5258620689655173,0.009495843742238974
IND411033AAA,IND411014AAA,120,112,0.9333333333333333,2.3524844720496896,0.08181034608698193
IND411033AAA,IND411021AAA,73,55,0.7534246575342466,1.9230769230769231,0.040174723524857195
IND411033AAA,IND411036AAA,95,95,1.0,1.75,0.06939270427020788
IND411033AAA,IND413002AAA,324,251,0.7746913580246914,1.413322671319182,0.1833428291770756
IND411033AAA,IND413501AAA,12,12,1.0,2.766855112259732,0.008765394223605207
IND411033AAA,IND414001AAA,18,18,1.0,1.8285714285714285,0.013148091335407808
IND411033AAA,IND416012AAA,126,126,1.0,1.8771551724137931,0.09203663934785467
IND411033AAA,IND421302AAG,520,520,1.0,2.151923076923077,0.37983374968955896
IND411033AAA,IND431136AAC,120,120,1.0,1.9772784970804773,0.08765394223605207
IND411033AAA,IND431603AAA,253,253,1.0,2.1365079365079365,0.1848037282143431
IND411033AAA,IND501359AAE,263,222,0.844106463878327,1.540785498489426,0.16215979313669632
IND411033AAA,IND521225AAB,341,341,1.0,1.8399311531841653,0.24908328585411463
IND411033AAA,IND562132AAA,338,337,0.9970414201183432,1.6844058197441656,0.24616148777957958
IND411033AAA,IND580028AAA,95,95,1.0,1.9291338582677164,0.06939270427020788
IND411033AAB,IND411057AAF,2,2,1.0,4.86060606060606,0.0014608990372675344
IND411036AAA,IND411033AAA,99,99,1.0,2.260869565217391,0.07231450234474296
IND411043AAA,IND411014AAA,6,6,1.0,3.6923076923076925,0.004382697111802603
IND411048AAA,IND411014AAA,4,4,1.0,4.8125,0.002921798074535069
IND412105AAC,IND411017AAA,66,66,1.0,2.376470588235294,0.04820966822982864
IND412210AAC,IND411033AAA,8,8,1.0,2.4412698412698415,0.005843596149070138
IND412803AAB,IND421802AAA,2,0,0.0,1.1150537634408602,0.0
IND413002AAA,IND413304AAA,74,74,1.0,1.9505494505494505,0.05405326437889878
IND413002AAA,IND413307AAC,9,9,1.0,1.8333333333333333,0.006574045667703904
IND413002AAA,IND413501AAA,63,63,1.0,1.5106382978723405,0.04601831967392733
IND413002AAA,IND421302AAG,143,143,1.0,2.3949275362318843,0.10445428116462871
IND413002AAA,IND501359AAE,218,168,0.7706422018348624,1.5009293680297398,0.12271551913047289
IND413304AAA,IND413002AAA,39,37,0.9487179487179487,1.9423076923076923,0.02702663218944939
IND413304AAA,IND415301AAB,36,36,1.0,1.485837922895358,0.026296182670815616
IND413307AAB,IND413304AAA,12,12,1.0,2.263768115942029,0.008765394223605207
IND413307AAC,IND413002AAA,10,10,1.0,1.988888888888889,0.007304495186337672
IND413401AAA,IND411033AAA,187,182,0.9732620320855615,2.24468085106383,0.13294181239134562
IND413501AAA,IND411033AAA,12,12,1.0,2.333628376606347,0.008765394223605207
IND413501AAA,IND413401AAA,42,42,1.0,1.380952380952381,0.030678879782618223
IND413517AAA,IND431603AAA,10,10,1.0,1.7244897959183674,0.007304495186337672
IND413517AAA,IND431717AAA,12,12,1.0,3.0,0.008765394223605207
IND413531AAA,IND413517AAA,27,27,1.0,2.0434782608695654,0.019722137003111716
IND413709AAA,IND423109AAA,39,38,0.9743589743589743,1.75,0.027757081708083154
IND413709AAA,IND423601AAA,4,2,0.5,1.2023809523809523,0.0014608990372675344
IND413709AAA,IND423701AAB,12,12,1.0,2.360215053763441,0.008765394223605207
IND414001AAA,IND411033AAA,6,6,1.0,2.6113046844754164,0.004382697111802603
IND414001AAA,IND414203AAB,3,3,1.0,1.8235294117647058,0.0021913485559013016
IND414001AAA,IND414302AAB,2,2,1.0,1.4533248081841432,0.0014608990372675344
IND414203AAB,IND414302AAB,4,4,1.0,1.77561282212445,0.002921798074535069
IND414302AAB,IND411033AAA,8,8,1.0,2.560895756940807,0.005843596149070138
IND414302AAB,IND412210AAC,1,1,1.0,1.736842105263158,0.0007304495186337672
IND414502AAA,IND431107AAB,10,10,1.0,1.5961538461538463,0.007304495186337672
IND415003AAA,IND411033AAA,10,9,0.9,1.3292857142857142,0.006574045667703904
IND415003AAA,IND412803AAB,14,8,0.5714285714285714,1.2645348837209303,0.005843596149070138
IND415124AAA,IND415605AAA,60,12,0.2,1.1017964071856288,0.008765394223605207
IND415301AAB,IND413307AAB,14,14,1.0,1.9864864864864864,0.010226293260872741
IND415408AAC,IND416012AAA,13,13,1.0,3.857142857142857,0.009495843742238974
IND415409AAB,IND415124AAA,24,18,0.75,1.6515151515151516,0.013148091335407808
IND415605AAA,IND415709AAA,32,32,1.0,2.488095238095238,0.02337438459628055
IND415612AAA,IND415408AAC,32,32,1.0,2.4959904959904957,0.02337438459628055
IND415709AAA,IND416012AAA,35,35,1.0,2.1717791411042944,0.02556573315218185
IND415709AAA,IND416122AAA,7,5,0.7142857142857143,1.4666666666666666,0.003652247593168836
IND416012AAA,IND395023AAA,358,358,1.0,1.8040226399838286,0.2615009276708886
IND416012AAA,IND415003AAA,47,47,1.0,1.88135593220339,0.03433112737578706
IND416012AAA,IND415409AAB,8,8,1.0,1.6316287878787878,0.005843596149070138
IND416012AAA,IND415612AAA,49,49,1.0,2.5121951219512195,0.035792026413054595
IND416012AAA,IND591237AAB,20,20,1.0,1.9990530303030303,0.014608990372675344
IND416122AAA,IND395023AAA,23,23,1.0,1.8914141414141414,0.016800338928576644
IND416404AAA,IND416012AAA,16,16,1.0,2.306311413454271,0.011687192298140275
IND416510AAA,IND416602AAC,12,12,1.0,2.5375,0.008765394223605207
IND416510AAA,IND416606AAA,68,68,1.0,1.89272030651341,0.04967056726709618
IND416602AAC,IND411033AAA,82,81,0.9878048780487805,2.054127052722558,0.05916641100933514
IND416606AAA,IND416510AAA,50,50,1.0,26.880917874396133,0.036522475931688364
IND421301AAA,IND421302AAR,29,29,1.0,3.7777777777777777,0.021183036040379247
IND421302AAF,IND421302AAR,12,12,1.0,2.9444444444444446,0.008765394223605207
IND421302AAG,IND000000ACB,1269,1265,0.9968479117415288,1.8933030646992055,0.9240186410717156
IND421302AAG,IND000000AFT,100,100,1.0,2.3,0.07304495186337673
IND421302AAG,IND110037AAM,965,965,1.0,2.144144144144144,0.7048837854815854
IND421302AAG,IND131028AAB,741,736,0.9932523616734144,1.8692946058091287,0.5376108457144526
IND421302AAG,IND160002AAC,59,59,1.0,1.930921052631579,0.04309652159939227
IND421302AAG,IND382430AAB,330,329,0.996969696969697,1.8489543726235742,0.2403178916305094
IND421302AAG,IND395023AAA,107,107,1.0,2.0,0.07815809849381308
IND421302AAG,IND400015AAA,208,208,1.0,2.4,0.15193349987582358
IND421302AAG,IND400015AAB,141,141,1.0,2.4545454545454546,0.10299338212736119
IND421302AAG,IND400072AAA,83,83,1.0,2.4166666666666665,0.060627310046602684
IND421302AAG,IND400072AAB,307,307,1.0,2.35,0.22424800222056654
IND421302AAG,IND400072AAJ,110,110,1.0,2.4327485380116958,0.08034944704971439
IND421302AAG,IND400078AAB,2,2,1.0,2.4580419580419584,0.0014608990372675344
IND421302AAG,IND400102AAB,98,98,1.0,2.2188328912466844,0.07158405282610919
IND421302AAG,IND400102AAC,169,166,0.9822485207100592,2.4166666666666665,0.12125462009320537
IND421302AAG,IND400701AAB,44,44,1.0,2.3095238095238093,0.03213977881988576
IND421302AAG,IND401104AAA,155,155,1.0,2.5217391304347827,0.11321967538823392
IND421302AAG,IND401104AAB,20,20,1.0,1.9783333333333335,0.014608990372675344
IND421302AAG,IND410401AAA,44,44,1.0,2.0982357658380115,0.03213977881988576
IND421302AAG,IND411033AAA,356,337,0.9466292134831461,1.861482558139535,0.24616148777957958
IND421302AAG,IND413002AAA,113,108,0.9557522123893806,1.7555555555555555,0.07888854801244687
IND421302AAG,IND421401AAC,49,49,1.0,2.4838709677419355,0.035792026413054595
IND421302AAG,IND422011AAD,126,124,0.9841269841269841,1.6933333333333334,0.09057574031058714
IND421302AAG,IND444005AAB,419,419,1.0,2.3955223880597014,0.30605834830754847
IND421302AAG,IND462022AAA,358,357,0.9972067039106145,2.0,0.2607704781522549
IND421302AAG,IND501359AAE,671,635,0.9463487332339792,1.7708333333333333,0.4638354443324422
IND421302AAG,IND562132AAA,1131,1130,0.9991158267020336,1.7018633540372672,0.825407956056157
IND421302AAG,IND712311AAA,667,667,1.0,2.029187817258883,0.4872098289287227
IND421302AAG,IND834002AAB,246,246,1.0,2.236281919609547,0.17969058158390674
IND421302AAN,IND400072AAB,48,48,1.0,2.473684210526316,0.035061576894420826
IND421302AAR,IND400612AAA,23,23,1.0,2.4,0.016800338928576644
IND421302AAR,IND421004AAA,53,53,1.0,3.272727272727273,0.038713824487589664
IND421302AAR,IND421301AAA,34,34,1.0,4.144444444444444,0.02483528363354809
IND421302AAR,IND421302AAF,1,1,1.0,4.235294117647059,0.0007304495186337672
IND421401AAC,IND421601AAB,27,26,0.9629629629629629,2.526315789473684,0.018991687484477947
IND421502AAA,IND421302AAR,33,33,1.0,3.090909090909091,0.02410483411491432
IND421601AAB,IND421302AAG,61,61,1.0,3.25,0.0445574206366598
IND421802AAA,IND411033AAA,28,27,0.9642857142857143,1.4629629629629628,0.019722137003111716
IND422011AAD,IND413709AAA,11,11,1.0,2.078125,0.00803494470497144
IND422011AAD,IND421302AAG,106,106,1.0,1.9460912525428655,0.07742764897517933
IND422011AAD,IND422103AAC,32,16,0.5,1.2108927108927108,0.011687192298140275
IND422011AAD,IND423109AAA,15,15,1.0,1.7647058823529411,0.010956742779506508
IND422103AAC,IND422605AAA,48,48,1.0,1.796551724137931,0.035061576894420826
IND422103AAC,IND423601AAA,6,6,1.0,2.0,0.004382697111802603
IND422605AAA,IND413709AAA,54,54,1.0,1.724747474747475,0.03944427400622343
IND422605AAA,IND423109AAA,4,4,1.0,2.661111111111111,0.002921798074535069
IND423105AAA,IND423106AAA,2,1,0.5,1.241687979539642,0.0007304495186337672
IND423105AAA,IND423301AAB,14,14,1.0,1.4059561128526645,0.010226293260872741
IND423106AAA,IND423105AAA,16,16,1.0,1.5227743271221532,0.011687192298140275
IND423109AAA,IND413709AAA,3,2,0.6666666666666666,1.4074074074074074,0.0014608990372675344
IND423109AAA,IND423601AAA,24,24,1.0,2.0,0.017530788447210413
IND423109AAA,IND423701AAB,4,4,1.0,2.928571428571429,0.002921798074535069
IND423601AAA,IND413709AAA,12,11,0.9166666666666666,1.586007702182285,0.00803494470497144
IND423601AAA,IND423701AAB,36,35,0.9722222222222222,1.6833333333333333,0.02556573315218185
IND423701AAB,IND422011AAD,180,179,0.9944444444444445,1.8757716049382716,0.1307504638354443
IND424006AAA,IND421302AAG,96,96,1.0,2.2057954799731485,0.07012315378884165
IND424006AAA,IND423105AAA,2,2,1.0,4.205882352941177,0.0014608990372675344
IND424006AAA,IND423106AAA,20,17,0.85,1.2758620689655173,0.012417641816774044
IND424006AAA,IND424101AAA,51,51,1.0,1.7058823529411764,0.037252925450322126
IND424006AAA,IND424304AAC,24,24,1.0,2.0954088952654235,0.017530788447210413
IND424006AAA,IND425401AAA,5,1,0.2,1.1153846153846154,0.0007304495186337672
IND424006AAA,IND425405AAA,9,9,1.0,1.7142857142857142,0.006574045667703904
IND424006AAA,IND425412AAA,12,12,1.0,1.8465909090909092,0.008765394223605207
IND424006AAA,IND452001AAC,10,10,1.0,2.2872596153846154,0.007304495186337672
IND424101AAA,IND431103AAA,3,3,1.0,1.8333333333333333,0.0021913485559013016
IND424201AAA,IND424006AAA,1,1,1.0,10.552238805970148,0.0007304495186337672
IND424304AAC,IND424006AAA,2,2,1.0,22.313662790697673,0.0014608990372675344
IND424304AAC,IND425412AAA,18,18,1.0,1.742014742014742,0.013148091335407808
IND425109AAA,IND424201AAA,4,3,0.75,1.3250000000000002,0.0021913485559013016
IND425201AAA,IND425508AAB,36,36,1.0,1.6842105263157894,0.026296182670815616
IND425401AAA,IND425109AAA,4,3,0.75,1.5086206896551724,0.0021913485559013016
IND425405AAA,IND424006AAA,18,18,1.0,21.185586734693878,0.013148091335407808
IND425405AAA,IND425409AAA,3,3,1.0,2.3902439024390243,0.0021913485559013016
IND425406AAA,IND425405AAA,4,4,1.0,1.9484126984126984,0.002921798074535069
IND425406AAA,IND425409AAA,2,2,1.0,2.215966386554622,0.0014608990372675344
IND425406AAA,IND425412AAA,6,6,1.0,2.038095238095238,0.004382697111802603
IND425409AAA,IND424006AAA,1,1,1.0,12.08108108108108,0.0007304495186337672
IND425409AAA,IND424304AAC,3,3,1.0,2.1904761904761907,0.0021913485559013016
IND425409AAA,IND425406AAA,18,18,1.0,2.331818181818182,0.013148091335407808
IND425409AAA,IND425412AAA,2,2,1.0,2.033333333333333,0.0014608990372675344
IND425412AAA,IND424006AAA,1,1,1.0,13.835443037974683,0.0007304495186337672
IND425412AAA,IND424304AAC,2,2,1.0,1.9375,0.0014608990372675344
IND425412AAA,IND425406AAA,6,6,1.0,2.0954887218045113,0.004382697111802603
IND425412AAA,IND425409AAA,20,20,1.0,2.2129032258064516,0.014608990372675344
IND425508AAB,IND450331AAA,48,48,1.0,2.5753676470588234,0.035061576894420826
IND431001AAB,IND431136AAC,36,36,1.0,3.090909090909091,0.026296182670815616
IND431107AAB,IND431136AAC,12,12,1.0,1.835483870967742,0.008765394223605207
IND431112AAB,IND431136AAC,88,88,1.0,3.3938216796152423,0.06427955763977151
IND431122AAA,IND431127AAA,14,14,1.0,2.0952380952380953,0.010226293260872741
IND431127AAA,IND414502AAA,21,21,1.0,1.894736842105263,0.015339439891309111
IND431131AAB,IND431603AAA,14,14,1.0,10.401964020465424,0.010226293260872741
IND431136AAC,IND411033AAA,130,130,1.0,2.0708333333333337,0.09495843742238974
IND431136AAC,IND431001AAA,39,39,1.0,3.0,0.028487531226716923
IND431136AAC,IND431112AAB,8,8,1.0,1.944947209653092,0.005843596149070138
IND431136AAC,IND431122AAA,45,45,1.0,2.2,0.032870228338519526
IND431136AAC,IND431203AAA,112,112,1.0,1.7777777777777777,0.08181034608698193
IND431203AAA,IND431112AAB,70,70,1.0,2.0,0.0511314663043637
IND431203AAA,IND431136AAC,16,16,1.0,1.8249158249158248,0.011687192298140275
IND431514AAA,IND431515AAA,32,32,1.0,2.046536796536796,0.02337438459628055
IND431515AAA,IND431517AAB,14,14,1.0,2.933333333333333,0.010226293260872741
IND431517AAB,IND411033AAA,152,152,1.0,2.5931988742964354,0.11102832683233262
IND431603AAA,IND413517AAA,10,10,1.0,2.2716103554190434,0.007304495186337672
IND431603AAA,IND413531AAA,47,46,0.9787234042553191,2.142857142857143,0.03360067785715329
IND431603AAA,IND431401AAA,5,4,0.8,2.8214285714285716,0.002921798074535069
IND431603AAA,IND431708AAA,30,30,1.0,1.9565217391304348,0.021913485559013016
IND431708AAA,IND431514AAA,32,32,1.0,1.9409722222222223,0.02337438459628055
IND431717AAA,IND431603AAA,9,9,1.0,1.853658536585366,0.006574045667703904
IND441206AAB,IND441603AAA,9,9,1.0,2.2666666666666666,0.006574045667703904
IND441206AAB,IND442605AAA,41,41,1.0,2.3181818181818183,0.029948430263984454
IND441603AAA,IND442605AAA,3,3,1.0,1.875,0.0021913485559013016
IND441614AAA,IND481001AAA,18,18,1.0,2.1875,0.013148091335407808
IND441904AAB,IND441912AAA,36,34,0.9444444444444444,1.6214285714285714,0.02483528363354809
IND441912AAA,IND441107AAB,110,110,1.0,3.0675,0.08034944704971439
IND442001AAA,IND442101AAB,5,5,1.0,3.7142857142857144,0.003652247593168836
IND442101AAB,IND445001AAB,35,35,1.0,2.1666666666666665,0.02556573315218185
IND442605AAA,IND441603AAA,10,10,1.0,1.875,0.007304495186337672
IND443201AAA,IND000000AAZ,1,1,1.0,6.25,0.0007304495186337672
IND443301AAA,IND443201AAA,4,4,1.0,2.680947580645161,0.002921798074535069
IND444005AAB,IND000000AAZ,5,5,1.0,3.8275862068965516,0.003652247593168836
IND444005AAB,IND421302AAG,419,414,0.9880668257756563,1.9871794871794872,0.3024061007143796
IND444005AAB,IND443301AAA,20,20,1.0,2.177522349936143,0.014608990372675344
IND444203AAA,IND444005AAB,10,10,1.0,2.3181818181818183,0.007304495186337672
IND444303AAA,IND444203AAA,2,2,1.0,3.242424242424242,0.0014608990372675344
IND444602AAA,IND444005AAB,84,84,1.0,2.2029411764705884,0.061357759565236446
IND445101AAA,IND440014AAA,3,3,1.0,2.4444444444444446,0.0021913485559013016
IND450331AAA,IND452001AAC,115,115,1.0,2.074074074074074,0.08400169464288323
IND451666AAA,IND421302AAG,31,31,1.0,2.3675213675213675,0.022643935077646785
IND451666AAA,IND424006AAA,40,40,1.0,2.2865141187925997,0.02921798074535069
IND452001AAC,IND425201AAA,27,27,1.0,2.6666666666666665,0.019722137003111716
IND452001AAC,IND425508AAB,12,12,1.0,1.8598104793756969,0.008765394223605207
IND454001AAA,IND457001AAA,68,12,0.17647058823529413,1.08,0.008765394223605207
IND457001AAA,IND382430AAB,36,36,1.0,1.9875531201073584,0.026296182670815616
IND457001AAA,IND457226AAA,32,9,0.28125,1.0645270270270268,0.006574045667703904
IND457226AAA,IND382430AAB,208,207,0.9951923076923077,1.780484697488746,0.1512030503571898
IND458001AAB,IND458990AAA,22,17,0.7727272727272727,1.3452380952380953,0.012417641816774044
IND458664AAA,IND312403AAA,14,14,1.0,2.246153846153846,0.010226293260872741
IND458990AAA,IND312605AAB,30,30,1.0,1.9893939393939393,0.021913485559013016
IND460001AAA,IND480334AAA,84,75,0.8928571428571429,1.9714574898785426,0.05478371389753254
IND461001AAA,IND461111AAA,1,1,1.0,4.785714285714286,0.0007304495186337672
IND461111AAA,IND460001AAA,80,80,1.0,1.851947656725502,0.05843596149070138
IND462001AAA,IND462022AAA,56,56,1.0,3.547008547008547,0.040905173043490964
IND462011AAA,IND462022AAA,20,20,1.0,2.3068181818181817,0.014608990372675344
IND462021AAA,IND462001AAA,2,2,1.0,6.7272727272727275,0.0014608990372675344
IND462022AAA,IND000000ACB,674,639,0.9480712166172107,1.7184175531914894,0.46675724240697725
IND462022AAA,IND209304AAA,525,521,0.9923809523809524,2.0,0.38056419920819273
IND462022AAA,IND461001AAA,15,15,1.0,2.4901960784313726,0.010956742779506508
IND462022AAA,IND462001AAA,6,6,1.0,2.236111111111111,0.004382697111802603
IND462022AAA,IND462011AAA,49,49,1.0,2.3636363636363638,0.035792026413054595
IND462022AAA,IND462042AAA,4,4,1.0,3.6041666666666665,0.002921798074535069
IND462022AAA,IND465669AAB,39,39,1.0,1.9850746268656716,0.028487531226716923
IND462022AAA,IND466001AAA,42,42,1.0,2.6827242524916945,0.030678879782618223
IND462022AAA,IND842003AAB,96,96,1.0,2.3772916830592496,0.07012315378884165
IND462042AAA,IND462022AAA,34,34,1.0,2.8846153846153846,0.02483528363354809
IND464001AAA,IND464221AAA,2,1,0.5,1.3254643962848296,0.0007304495186337672
IND464221AAA,IND470004AAA,5,5,1.0,2.2857142857142856,0.003652247593168836
IND464668AAA,IND462022AAA,8,8,1.0,2.2745215311004783,0.005843596149070138
IND465001AAA,IND462022AAA,24,24,1.0,1.7111111111111112,0.017530788447210413
IND465001AAA,IND465333A1B,3,1,0.3333333333333333,0.6774193548387096,0.0007304495186337672
IND465001AAA,IND465333AAA,6,5,0.8333333333333334,1.3955665024630541,0.003652247593168836
IND465333A1B,IND462022AAA,4,4,1.0,1.2855969331872945,0.002921798074535069
IND465333A1B,IND465333AAA,2,0,0.0,0.6388888888888888,0.0
IND465333AAA,IND462022AAA,12,12,1.0,1.9569641523525019,0.008765394223605207
IND465669AAB,IND465683AAA,22,22,1.0,1.534159159159159,0.01606988940994288
IND465683AAA,IND465001AAA,39,34,0.8717948717948718,1.4285714285714286,0.02483528363354809
IND466001AAA,IND466116AAA,30,30,1.0,1.8055555555555554,0.021913485559013016
IND466116AAA,IND462022AAA,44,44,1.0,2.401190476190476,0.03213977881988576
IND470004AAA,IND462022AAA,7,7,1.0,2.09375,0.0051131466304363705
IND470004AAA,IND470113AAA,8,8,1.0,2.2287021154945683,0.005843596149070138
IND470004AAA,IND470117AAA,3,3,1.0,1.875,0.0021913485559013016
IND470004AAA,IND473443AAA,10,10,1.0,1.8912274166511454,0.007304495186337672
IND470113AAA,IND470117AAA,2,2,1.0,2.5142857142857142,0.0014608990372675344
IND470113AAA,IND470227AAB,5,4,0.8,1.3333333333333333,0.002921798074535069
IND470117AAA,IND470227AAB,24,22,0.9166666666666666,1.5276272207166515,0.01606988940994288
IND471001AAA,IND472001AAA,36,36,1.0,1.4557571269900036,0.026296182670815616
IND472001AAA,IND474003AAA,27,26,0.9629629629629629,2.257425742574257,0.018991687484477947
IND472001AAA,IND485001AAC,155,155,1.0,2.5211267605633805,0.11321967538823392
IND473001AAA,IND473331AAA,22,22,1.0,1.7863247863247862,0.01606988940994288
IND473226AAA,IND473001AAA,20,17,0.85,1.3205128205128205,0.012417641816774044
IND473226AAA,IND474003AAA,89,89,1.0,1.8803088803088803,0.06501000715840528
IND473331AAA,IND473226AAA,35,33,0.9428571428571428,1.8695652173913044,0.02410483411491432
IND473443AAA,IND470113AAA,14,14,1.0,1.7391304347826086,0.010226293260872741
IND474003AAA,IND000000ACB,311,285,0.9163987138263665,1.528301886792453,0.20817811281062365
IND474003AAA,IND328001AAA,3,2,0.6666666666666666,1.2884615384615385,0.0014608990372675344
IND474003AAA,IND473551AAA,5,4,0.8,1.3584905660377358,0.002921798074535069
IND474003AAA,IND475661AAB,4,4,1.0,2.719715956558062,0.002921798074535069
IND474003AAA,IND476001AAA,6,6,1.0,1.5472972972972974,0.004382697111802603
IND474003AAA,IND476111AAA,23,23,1.0,2.4038461538461537,0.016800338928576644
IND476001AAA,IND476111AAA,2,2,1.0,2.072916666666667,0.0014608990372675344
IND476111AAA,IND477001AAA,18,18,1.0,2.0098039215686274,0.013148091335407808
IND476111AAA,IND477001AAB,6,6,1.0,2.2062937062937062,0.004382697111802603
IND477001AAA,IND474003AAA,4,4,1.0,2.9284188034188032,0.002921798074535069
IND477001AAB,IND474003AAA,29,29,1.0,3.6,0.021183036040379247
IND480001AAA,IND480661AAA,30,29,0.9666666666666667,1.4638655462184875,0.021183036040379247
IND480001AAA,IND481661AAA,16,15,0.9375,1.4087235228539576,0.010956742779506508
IND480334AAA,IND480106AAA,42,39,0.9285714285714286,1.363756613756614,0.028487531226716923
IND480661AAA,IND480001AAA,6,6,1.0,1.6703296703296702,0.004382697111802603
IND480661AAA,IND481661AAA,27,18,0.6666666666666666,1.3111111111111111,0.013148091335407808
IND480886AAA,IND480001AAA,28,25,0.8928571428571429,1.5052083333333335,0.018261237965844182
IND480886AAA,IND480661AAA,6,6,1.0,1.3816526610644257,0.004382697111802603
IND481661AAA,IND842003AAB,32,32,1.0,3.2353846153846155,0.02337438459628055
IND482002AAA,IND842003AAB,4,4,1.0,14.375,0.002921798074535069
IND483225AAA,IND483501AAA,6,6,1.0,2.1034632034632033,0.004382697111802603
IND483501AAA,IND483770AAA,7,7,1.0,1.8478260869565217,0.0051131466304363705
IND483770AAA,IND842003AAB,12,12,1.0,2.733562035448828,0.008765394223605207
IND484001AAA,IND484224AAA,5,4,0.8,1.2666666666666666,0.002921798074535069
IND484001AAA,IND484446AAA,16,8,0.5,1.435441370223979,0.005843596149070138
IND484224AAA,IND484446AAA,2,0,0.0,0.9415178571428571,0.0
IND484446AAA,IND842003AAB,30,28,0.9333333333333333,2.0150490624696396,0.020452586521745482
IND484551AAA,IND484001AAA,2,2,1.0,2.1192307692307693,0.0014608990372675344
IND484661AAE,IND484001AAA,6,6,1.0,2.20273556231003,0.004382697111802603
IND484661AAE,IND484551AAA,2,2,1.0,3.541666666666667,0.0014608990372675344
IND485001AAC,IND471001AAA,56,56,1.0,2.148575223375996,0.040905173043490964
IND485001AAC,IND485771AAA,5,5,1.0,3.0606060606060606,0.003652247593168836
IND485001AAC,IND486001AAA,6,6,1.0,2.270053475935829,0.004382697111802603
IND485001AAC,IND486771AAA,25,23,0.92,5.698630136986301,0.016800338928576644
IND485001AAC,IND488001AAA,12,12,1.0,2.2330994897959187,0.008765394223605207
IND485771AAA,IND486001AAA,3,3,1.0,2.1818181818181817,0.0021913485559013016
IND485771AAA,IND486771AAA,5,5,1.0,5.285714285714286,0.003652247593168836
IND486001AAA,IND486771AAA,4,4,1.0,2.370144284128746,0.002921798074535069
IND486661AAA,IND211002AAB,21,21,1.0,4.147540983606557,0.015339439891309111
IND486771AAA,IND486661AAA,6,6,1.0,1.6875,0.004382697111802603
IND486886AAA,IND486889AAA,7,7,1.0,2.4,0.0051131466304363705
IND486889AAA,IND231205AAA,12,12,1.0,1.8692307692307693,0.008765394223605207
IND486889AAA,IND231216AAA,9,9,1.0,2.8351648351648353,0.006574045667703904
IND487001AAA,IND487551AAA,8,7,0.875,1.47,0.0051131466304363705
IND487001AAB,IND487551AAA,8,8,1.0,1.627659574468085,0.005843596149070138
IND487551AAA,IND464668AAA,21,18,0.8571428571428571,1.9253731343283582,0.013148091335407808
IND488001AAA,IND471001AAA,12,12,1.0,2.079483695652174,0.008765394223605207
IND491001AAA,IND494334AAB,5,4,0.8,1.439252336448598,0.002921798074535069
IND492001AAB,IND492007AAA,8,8,1.0,3.0,0.005843596149070138
IND493118AAC,IND495334AAB,60,60,1.0,1.5962962962962963,0.04382697111802603
IND493445AAB,IND490023AAA,1,1,1.0,14.40983606557377,0.0007304495186337672
IND494334AAB,IND493445AAB,66,62,0.9393939393939394,1.6435643564356435,0.04528787015529357
IND495004AAA,IND495671AAA,3,3,1.0,2.558139534883721,0.0021913485559013016
IND495334AAB,IND491995AAB,59,30,0.5084745762711864,1.25,0.021913485559013016
IND495677AAA,IND496001AAA,27,27,1.0,2.0,0.019722137003111716
IND500008AAC,IND500084AAB,2,2,1.0,2.101754385964912,0.0014608990372675344
IND500008AAC,IND501359AAE,25,25,1.0,2.28,0.018261237965844182
IND500008AAD,IND501359AAE,12,11,0.9166666666666666,2.15,0.00803494470497144
IND500008AAF,IND500039AAC,38,38,1.0,3.3333333333333335,0.027757081708083154
IND500010AAA,IND500055AAA,1,1,1.0,1.8235294117647058,0.0007304495186337672
IND500010AAA,IND501359AAE,35,34,0.9714285714285714,2.0,0.02483528363354809
IND500010AAA,IND501401AAC,1,1,1.0,3.8,0.0007304495186337672
IND500010AAB,IND501359AAE,175,175,1.0,2.4285714285714284,0.12782866576090926
IND500018AAA,IND500080AAB,6,6,1.0,3.041666666666667,0.004382697111802603
IND500032AAA,IND502295AAA,12,12,1.0,1.8920454545454546,0.008765394223605207
IND500035AAA,IND500039AAC,2,2,1.0,2.6931818181818183,0.0014608990372675344
IND500039AAB,IND501301AAC,4,4,1.0,2.125,0.002921798074535069
IND500039AAC,IND500035AAA,3,3,1.0,3.769230769230769,0.0021913485559013016
IND500039AAC,IND500035AAD,14,14,1.0,2.6363636363636362,0.010226293260872741
IND500039AAC,IND501359AAE,35,34,0.9714285714285714,2.9583333333333335,0.02483528363354809
IND500039AAC,IND508116AAA,26,26,1.0,2.2857142857142856,0.018991687484477947
IND500039AAD,IND501359AAE,26,23,0.8846153846153846,2.5108695652173916,0.016800338928576644
IND500050AAA,IND501218AAC,11,10,0.9090909090909091,5.566666666666666,0.007304495186337672
IND500050AAA,IND501359AAE,69,69,1.0,1.9411764705882353,0.05040101678572994
IND500055AAA,IND500010AAA,1,1,1.0,2.933333333333333,0.0007304495186337672
IND500055AAA,IND501401AAC,2,2,1.0,1.8419117647058822,0.0014608990372675344
IND500055AAC,IND501401AAC,34,33,0.9705882352941176,2.1666666666666665,0.02410483411491432
IND500080AAB,IND501359AAE,61,60,0.9836065573770492,2.1,0.04382697111802603
IND501101AAB,IND501359AAE,6,6,1.0,2.2795454545454543,0.004382697111802603
IND501101AAB,IND509216AAC,25,11,0.44,1.14,0.00803494470497144
IND501141AAA,IND501101AAB,20,20,1.0,1.6098484848484849,0.014608990372675344
IND501301AAC,IND500039AAC,4,4,1.0,3.6045454545454545,0.002921798074535069
IND501359AAE,IND000000ACB,56,53,0.9464285714285714,2.138512233893432,0.038713824487589664
IND501359AAE,IND411033AAA,480,480,1.0,2.1812332827297043,0.35061576894420826
IND501359AAE,IND413002AAA,136,132,0.9705882352941176,1.9296711707733523,0.09641933645965728
IND501359AAE,IND462022AAA,614,614,1.0,2.164803946053946,0.4484960044411331
IND501359AAE,IND500008AAC,38,38,1.0,1.753030303030303,0.027757081708083154
IND501359AAE,IND500010AAA,48,41,0.8541666666666666,1.7338638373121131,0.029948430263984454
IND501359AAE,IND500010AAB,143,142,0.993006993006993,2.0930232558139537,0.10372383164599494
IND501359AAE,IND500039AAC,33,33,1.0,2.1,0.02410483411491432
IND501359AAE,IND500039AAD,18,18,1.0,2.443548387096774,0.013148091335407808
IND501359AAE,IND500050AAA,70,61,0.8714285714285714,1.610344827586207,0.0445574206366598
IND501359AAE,IND500080AAB,71,69,0.971830985915493,1.9230769230769231,0.05040101678572994
IND501359AAE,IND501141AAA,80,79,0.9875,1.5139762403913348,0.057705511972067615
IND501359AAE,IND501218AAC,2,2,1.0,9.51388888888889,0.0014608990372675344
IND501359AAE,IND503111AAC,12,12,1.0,1.403241412675375,0.008765394223605207
IND501359AAE,IND505001AAB,16,9,0.5625,1.2152298850574712,0.006574045667703904
IND501359AAE,IND506002AAA,110,109,0.990909090909091,1.7831761006289308,0.07961899753108063
IND501359AAE,IND508252AAB,21,21,1.0,1.9777777777777779,0.015339439891309111
IND501359AAE,IND509001AAA,68,68,1.0,1.5045454545454544,0.04967056726709618
IND501359AAE,IND509358AAA,34,32,0.9411764705882353,1.417420814479638,0.02337438459628055
IND501359AAE,IND515004AAA,126,122,0.9682539682539683,1.5507188284966062,0.0891148412733196
IND501359AAE,IND518002AAA,127,127,1.0,1.7419354838709677,0.09276708886648845
IND501359AAE,IND523002AAA,143,138,0.965034965034965,1.5238095238095237,0.10080203357145988
IND501359AAE,IND533106AAA,204,204,1.0,2.3710393700787398,0.1490117018012885
IND501359AAE,IND562132AAA,110,109,0.990909090909091,1.66840755235879,0.07961899753108063
IND501359AAE,IND585104AAA,167,159,0.9520958083832335,1.4928571428571429,0.11614147346276898
IND501359AAE,IND712311AAA,110,110,1.0,1.8097367462671037,0.08034944704971439
IND501359AAE,IND751002AAB,303,303,1.0,1.7741935483870968,0.22132620414603144
IND501359AAG,IND000000ACN,22,22,1.0,2.822368421052632,0.01606988940994288
IND501401AAC,IND500010AAA,21,21,1.0,4.933333333333334,0.015339439891309111
IND502110AAA,IND502313AAA,38,26,0.6842105263157895,1.266798418972332,0.018991687484477947
IND502220AAC,IND501359AAE,110,96,0.8727272727272727,1.8456349206349207,0.07012315378884165
IND502286AAB,IND502220AAC,46,45,0.9782608695652174,1.8585714285714285,0.032870228338519526
IND502295AAA,IND500050AAA,7,7,1.0,1.88,0.0051131466304363705
IND502313AAA,IND503111AAC,18,18,1.0,1.8081494057724958,0.013148091335407808
IND503111AAC,IND501359AAE,78,78,1.0,2.4155172413793102,0.056975062453433846
IND503111AAC,IND503185AAA,60,60,1.0,1.8047619047619048,0.04382697111802603
IND503111AAC,IND505001AAB,4,4,1.0,1.429897567221511,0.002921798074535069
IND503122AAA,IND502110AAA,38,38,1.0,1.4821200510855683,0.027757081708083154
IND503185AAA,IND503187AAA,38,37,0.9736842105263158,1.4545454545454546,0.02702663218944939
IND503187AAA,IND503122AAA,40,40,1.0,1.52,0.02921798074535069
IND504201AAA,IND505001AAB,4,4,1.0,2.164984378755107,0.002921798074535069
IND504201AAA,IND505184AAC,10,3,0.3,1.0658823529411765,0.0021913485559013016
IND504208AAB,IND504251AAA,1,1,1.0,1.7894736842105263,0.0007304495186337672
IND504208AAB,IND505001AAB,18,17,0.9444444444444444,1.7631160572337041,0.012417641816774044
IND504215AAA,IND505001AAB,45,45,1.0,2.16,0.032870228338519526
IND504215AAA,IND505326AAB,3,3,1.0,1.8,0.0021913485559013016
IND504251AAA,IND504293AAA,4,4,1.0,2.5695652173913044,0.002921798074535069
IND504251AAA,IND504296AAA,6,1,0.16666666666666666,1.176356589147287,0.0007304495186337672
IND504293AAA,IND504208AAB,6,5,0.8333333333333334,1.3295454545454546,0.003652247593168836
IND504293AAA,IND505001AAB,35,35,1.0,2.081081081081081,0.02556573315218185
IND504296AAA,IND504208AAB,3,3,1.0,1.4318181818181819,0.0021913485559013016
IND504296AAA,IND504293AAA,2,0,0.0,1.1,0.0
IND504296AAA,IND505001AAB,5,5,1.0,2.046875,0.003652247593168836
IND505001AAA,IND505302AAB,18,15,0.8333333333333334,1.2941176470588236,0.010956742779506508
IND505001AAA,IND505327AAA,2,2,1.0,1.7568710359408035,0.0014608990372675344
IND505001AAB,IND501359AAE,7,7,1.0,2.0481927710843375,0.0051131466304363705
IND505001AAB,IND503111AAC,8,5,0.625,1.4152777777777779,0.003652247593168836
IND505001AAB,IND504208AAB,34,34,1.0,1.4628415300546447,0.02483528363354809
IND505001AAB,IND504251AAA,4,4,1.0,1.9757806737152692,0.002921798074535069
IND505001AAB,IND505172AAA,2,2,1.0,1.5763888888888888,0.0014608990372675344
IND505001AAB,IND505184AAC,9,9,1.0,1.5,0.006574045667703904
IND505001AAB,IND505209AAA,21,21,1.0,2.05,0.015339439891309111
IND505001AAB,IND505302AAB,8,5,0.625,1.3888888888888888,0.003652247593168836
IND505122AAA,IND506002AAA,29,29,1.0,2.55,0.021183036040379247
IND505184AAC,IND505001AAB,27,27,1.0,2.0833333333333335,0.019722137003111716
IND505184AAC,IND505209AAA,2,0,0.0,0.8941375968992248,0.0
IND505209AAA,IND504201AAA,10,10,1.0,1.438423645320197,0.007304495186337672
IND505209AAA,IND505001AAB,9,9,1.0,1.9473684210526316,0.006574045667703904
IND505302AAB,IND505325AAA,15,4,0.26666666666666666,1.1290322580645162,0.002921798074535069
IND505302AAB,IND505326AAB,8,3,0.375,1.1727272727272728,0.0021913485559013016
IND505302AAB,IND505327AAA,2,2,1.0,1.8541666666666665,0.0014608990372675344
IND505325AAA,IND505327AAA,9,9,1.0,1.411764705882353,0.006574045667703904
IND505326AAA,IND505425AAA,2,2,1.0,2.1201680672268908,0.0014608990372675344
IND505326AAB,IND505001AAB,1,1,1.0,4.389830508474576,0.0007304495186337672
IND505326AAB,IND505327AAA,2,2,1.0,1.8550724637681162,0.0014608990372675344
IND505326AAB,IND505425AAA,2,2,1.0,1.7275541795665634,0.0014608990372675344
IND505327AAA,IND505425AAA,18,17,0.9444444444444444,1.368421052631579,0.012417641816774044
IND505425AAA,IND504215AAA,1,1,1.0,3.4166666666666665,0.0007304495186337672
IND505425AAA,IND505001AAB,3,3,1.0,1.8666666666666667,0.0021913485559013016
IND505467AAA,IND505122AAA,26,26,1.0,1.4854215918045703,0.018991687484477947
IND505503AAA,IND506164AAA,3,3,1.0,2.25,0.0021913485559013016
IND506001AAC,IND505122AAA,4,4,1.0,1.6355042016806722,0.002921798074535069
IND506001AAC,IND505467AAA,26,25,0.9615384615384616,1.4545454545454546,0.018261237965844182
IND506002AAA,IND506132AAA,40,7,0.175,1.0571895424836601,0.0051131466304363705
IND506002AAA,IND506143AAA,34,34,1.0,2.0,0.02483528363354809
IND506002AAA,IND506343AAA,4,4,1.0,1.6258169934640523,0.002921798074535069
IND506132AAA,IND122001AAJ,38,38,1.0,1.788676236044657,0.027757081708083154
IND506143AAA,IND506167AAB,25,25,1.0,1.75,0.018261237965844182
IND506167AAB,IND501359AAE,76,76,1.0,1.9483333333333333,0.05551416341616631
IND506169AAB,IND505503AAA,2,2,1.0,2.125,0.0014608990372675344
IND506314AAA,IND506002AAA,29,29,1.0,3.217391304347826,0.021183036040379247
IND506343AAA,IND506169AAB,4,2,0.5,1.2642276422764227,0.0014608990372675344
IND507002AAA,IND507117AAB,5,4,0.8,1.4242424242424243,0.002921798074535069
IND507002AAA,IND507159AAA,3,3,1.0,1.9411764705882353,0.0021913485559013016
IND507002AAA,IND507167AAA,18,18,1.0,2.7976190476190474,0.013148091335407808
IND507002AAA,IND508001AAA,5,5,1.0,2.546666666666667,0.003652247593168836
IND507002AAA,IND508206AAA,24,24,1.0,1.8229166666666665,0.017530788447210413
IND507002AAA,IND508207AAB,8,8,1.0,1.9401515151515152,0.005843596149070138
IND507002AAA,IND508213AAB,42,42,1.0,1.7762923351158646,0.030678879782618223
IND507111AAA,IND507117AAB,38,36,0.9473684210526315,1.6107994389901823,0.026296182670815616
IND507111AAA,IND507303AAA,3,2,0.6666666666666666,1.8,0.0014608990372675344
IND507117AAB,IND507303AAA,72,57,0.7916666666666666,1.8448867536032942,0.04163562256212473
IND507123AAA,IND506314AAA,48,46,0.9583333333333334,1.469794010732214,0.03360067785715329
IND507159AAA,IND507002AAA,11,11,1.0,3.52,0.00803494470497144
IND507159AAA,IND508206AAA,10,3,0.3,1.1247104247104247,0.0021913485559013016
IND507303AAA,IND507002AAA,72,72,1.0,2.3125,0.05259236534163123
IND508001AAA,IND501359AAE,70,70,1.0,1.7605603448275862,0.0511314663043637
IND508116AAA,IND508223AAA,3,3,1.0,1.4516129032258065,0.0021913485559013016
IND508116AAA,IND508277AAB,28,0,0.0,1.0454780361757106,0.0
IND508206AAA,IND507002AAA,4,4,1.0,1.925,0.002921798074535069
IND508206AAA,IND507159AAA,23,15,0.6521739130434783,1.25,0.010956742779506508
IND508206AAA,IND508207AAB,11,11,1.0,2.1142857142857143,0.00803494470497144
IND508207AAB,IND507002AAA,20,20,1.0,3.178571428571429,0.014608990372675344
IND508207AAB,IND508206AAA,3,3,1.0,2.6285714285714286,0.0021913485559013016
IND508207AAB,IND521225AAB,60,60,1.0,2.01,0.04382697111802603
IND508213AAB,IND508001AAA,28,28,1.0,1.9947121034077557,0.020452586521745482
IND508223AAA,IND500039AAC,68,67,0.9852941176470589,1.7182539682539684,0.0489401177484624
IND508248AAB,IND508377AAB,38,38,1.0,1.6764705882352942,0.027757081708083154
IND508252AAB,IND508207AAB,24,10,0.4166666666666667,1.1655251141552512,0.007304495186337672
IND508277AAB,IND508223AAA,12,12,1.0,1.4038461538461537,0.008765394223605207
IND508377AAB,IND501359AAE,57,57,1.0,1.808695652173913,0.04163562256212473
IND509001AAA,IND509203AAA,38,33,0.868421052631579,1.3333333333333333,0.02410483411491432
IND509103AAB,IND509103AAC,1,1,1.0,1.9411764705882353,0.0007304495186337672
IND509103AAB,IND518002AAA,27,26,0.9629629629629629,2.2241379310344827,0.018991687484477947
IND509103AAC,IND518002AAA,17,17,1.0,2.2033898305084745,0.012417641816774044
IND509124AAA,IND509103AAB,18,18,1.0,1.8626373626373627,0.013148091335407808
IND509124AAA,IND509103AAC,8,8,1.0,1.6818181818181819,0.005843596149070138
IND509124AAA,IND518002AAA,3,3,1.0,2.0,0.0021913485559013016
IND509124AAA,IND584101AAA,6,6,1.0,1.472142857142857,0.004382697111802603
IND509203AAA,IND509301AAA,38,37,0.9736842105263158,1.468864468864469,0.02702663218944939
IND509216AAC,IND501359AAE,32,29,0.90625,1.6153846153846154,0.021183036040379247
IND509301AAA,IND501359AAE,42,41,0.9761904761904762,1.8887179487179486,0.029948430263984454
IND509301AAA,IND509216AAC,9,9,1.0,1.75,0.006574045667703904
IND509324AAA,IND508248AAB,20,20,1.0,2.1714285714285713,0.014608990372675344
IND509358AAA,IND508248AAB,24,24,1.0,2.176470588235294,0.017530788447210413
IND509358AAA,IND509324AAA,18,17,0.9444444444444444,1.6851851851851851,0.012417641816774044
IND515004AAA,IND501359AAE,237,234,0.9873417721518988,1.704225352112676,0.17092518736030152
IND515004AAA,IND515401AAB,51,49,0.9607843137254902,1.7142857142857142,0.035792026413054595
IND515004AAA,IND515411AAA,6,6,1.0,2.419642857142857,0.004382697111802603
IND515004AAA,IND515671AAA,26,26,1.0,1.7633333333333332,0.018991687484477947
IND515004AAA,IND515801AAA,6,6,1.0,2.4520833333333334,0.004382697111802603
IND515004AAA,IND562132AAA,72,72,1.0,1.7386128364389233,0.05259236534163123
IND515134AAA,IND515201AAA,90,90,1.0,1.650997150997151,0.06574045667703905
IND515134AAA,IND515591AAA,16,16,1.0,1.519675925925926,0.011687192298140275
IND515201AAA,IND515134AAA,30,27,0.9,1.535890073831009,0.019722137003111716
IND515201AAA,IND515301AAA,42,42,1.0,2.2523809523809524,0.030678879782618223
IND515301AAA,IND561202AAB,32,32,1.0,1.7573529411764706,0.02337438459628055
IND515401AAB,IND515801AAA,35,35,1.0,2.375,0.02556573315218185
IND515411AAA,IND516360AAB,6,6,1.0,1.9341221618164375,0.004382697111802603
IND515591AAA,IND516269AAA,30,30,1.0,1.6162029459901799,0.021913485559013016
IND515671AAA,IND515134AAA,26,26,1.0,1.4814814814814814,0.018991687484477947
IND515671AAA,IND515591AAA,3,3,1.0,2.1,0.0021913485559013016
IND515761AAA,IND515004AAA,57,57,1.0,1.8571428571428572,0.04163562256212473
IND515801AAA,IND515761AAA,4,4,1.0,2.075757575757576,0.002921798074535069
IND515801AAA,IND515865AAB,72,62,0.8611111111111112,1.4444444444444444,0.04528787015529357
IND515865AAB,IND515761AAA,36,36,1.0,1.6666666666666667,0.026296182670815616
IND516001AAA,IND516227AAA,4,3,0.75,1.5440729483282674,0.0021913485559013016
IND516101AAA,IND516115AAA,70,70,1.0,2.3260869565217392,0.0511314663043637
IND516115AAA,IND517501AAB,136,136,1.0,2.1666666666666665,0.09934113453419235
IND516227AAA,IND515004AAA,16,16,1.0,2.1673519736842106,0.011687192298140275
IND516269AAA,IND516390AAA,59,59,1.0,1.5,0.04309652159939227
IND516360AAB,IND516001AAA,4,4,1.0,1.7049689440993787,0.002921798074535069
IND516390AAA,IND515004AAA,60,60,1.0,2.023935366958623,0.04382697111802603
IND517325AAA,IND517408AAA,2,2,1.0,2.15625,0.0014608990372675344
IND517501AAB,IND517583AAA,57,57,1.0,2.142857142857143,0.04163562256212473
IND517501AAB,IND517644AAA,32,32,1.0,2.4058823529411764,0.02337438459628055
IND517583AAA,IND516101AAA,128,128,1.0,2.1234756097560976,0.0934975383851222
IND517644AAA,IND524132AAA,30,30,1.0,2.087445887445887,0.021913485559013016
IND518002AAA,IND501359AAE,96,96,1.0,1.787593984962406,0.07012315378884165
IND518002AAA,IND509103AAB,8,8,1.0,1.9387071344107212,0.005843596149070138
IND518002AAA,IND509124AAA,9,9,1.0,1.5454545454545454,0.006574045667703904
IND518002AAA,IND518206AAA,2,2,1.0,12.244285714285713,0.0014608990372675344
IND518002AAA,IND518401AAA,26,26,1.0,1.6246334310850439,0.018991687484477947
IND518002AAA,IND518501AAA,54,47,0.8703703703703703,1.4022198731501057,0.03433112737578706
IND518002AAA,IND562132AAA,155,145,0.9354838709677419,1.4417177914110428,0.10591518020189625
IND518002AAA,IND584101AAA,55,52,0.9454545454545454,1.64,0.037983374968955895
IND518102AAA,IND518002AAA,77,71,0.922077922077922,1.6229508196721312,0.05186191582299747
IND518124AAA,IND518002AAA,3,3,1.0,1.4035087719298245,0.0021913485559013016
IND518124AAA,IND518206AAA,6,6,1.0,1.65,0.004382697111802603
IND518206AAA,IND518002AAA,3,3,1.0,1.457142857142857,0.0021913485559013016
IND518206AAA,IND518222AAA,8,4,0.5,1.1925064599483206,0.002921798074535069
IND518222AAA,IND518002AAA,15,13,0.8666666666666667,1.3513513513513513,0.009495843742238974
IND518401AAA,IND518422AAB,24,24,1.0,1.9583333333333335,0.017530788447210413
IND518422AAB,IND518102AAA,28,28,1.0,1.9935064935064934,0.020452586521745482
IND518501AAA,IND518124AAA,30,30,1.0,1.998768472906404,0.021913485559013016
IND520011AAA,IND521185AAA,42,41,0.9761904761904762,1.75,0.029948430263984454
IND521001AAA,IND521165AAA,6,6,1.0,1.876068376068376,0.004382697111802603
IND521001AAA,IND521225AAB,15,15,1.0,2.3214285714285716,0.010956742779506508
IND521105AAA,IND521333AAA,8,8,1.0,2.5,0.005843596149070138
IND521105AAA,IND534001AAA,4,4,1.0,1.941176470588235,0.002921798074535069
IND521165AAA,IND521225AAB,4,4,1.0,5.567692307692307,0.002921798074535069
IND521185AAA,IND520011AAA,1,1,1.0,1.7241379310344827,0.0007304495186337672
IND521185AAA,IND521225AAB,42,42,1.0,2.2073863636363633,0.030678879782618223
IND521201AAA,IND521105AAA,3,3,1.0,1.736842105263158,0.0021913485559013016
IND521225AAB,IND501359AAE,132,132,1.0,1.659377387318564,0.09641933645965728
IND521225AAB,IND507002AAA,67,59,0.8805970149253731,1.5116279069767442,0.04309652159939227
IND521225AAB,IND521001AAA,4,4,1.0,2.636024572180781,0.002921798074535069
IND521225AAB,IND521165AAA,2,2,1.0,4.682112068965518,0.0014608990372675344
IND521225AAB,IND521185AAA,6,6,1.0,1.5476190476190474,0.004382697111802603
IND521225AAB,IND521201AAA,42,40,0.9523809523809523,1.4952830188679245,0.02921798074535069
IND521225AAB,IND521301AAA,38,38,1.0,1.5166666666666666,0.027757081708083154
IND521225AAB,IND523002AAA,18,18,1.0,1.7256896071329062,0.013148091335407808
IND521301AAA,IND521001AAA,38,38,1.0,1.7623529411764705,0.027757081708083154
IND521333AAA,IND521225AAB,49,49,1.0,2.4,0.035792026413054595
IND522647AAA,IND523201AAA,38,35,0.9210526315789473,1.4458064516129032,0.02556573315218185
IND523002AAA,IND523105AAA,3,3,1.0,1.4761904761904763,0.0021913485559013016
IND523002AAA,IND523226AAA,6,6,1.0,1.6578947368421053,0.004382697111802603
IND523002AAA,IND523230AAA,63,63,1.0,1.588235294117647,0.04601831967392733
IND523002AAA,IND523316AAB,4,4,1.0,2.413114754098361,0.002921798074535069
IND523002AAA,IND600056AAB,141,141,1.0,1.8082191780821917,0.10299338212736119
IND523105AAA,IND524201AAA,38,15,0.39473684210526316,1.0958333333333332,0.010956742779506508
IND523201AAA,IND523002AAA,3,3,1.0,7.2631578947368425,0.0021913485559013016
IND523226AAA,IND523316AAB,41,41,1.0,1.95,0.029948430263984454
IND523230AAA,IND523105AAA,57,52,0.9122807017543859,1.3953488372093024,0.037983374968955895
IND523316AAB,IND522647AAA,42,42,1.0,1.5566239316239316,0.030678879782618223
IND524003AAA,IND501359AAE,237,236,0.9957805907172996,1.6310679611650485,0.17238608639756908
IND524101AAB,IND517501AAB,64,64,1.0,2.1062653562653564,0.0467487691925611
IND524132AAA,IND524101AAB,28,28,1.0,1.565217391304348,0.020452586521745482
IND524201AAA,IND523002AAA,62,10,0.16129032258064516,1.0283816425120773,0.007304495186337672
IND530012AAA,IND501359AAE,237,237,1.0,2.009478672985782,0.17311653591620282
IND530012AAA,IND530043AAA,26,25,0.9615384615384616,2.9879227053140096,0.018261237965844182
IND530012AAA,IND531001AAA,15,15,1.0,1.8421052631578947,0.010956742779506508
IND530012AAA,IND531036AAA,4,4,1.0,2.97140522875817,0.002921798074535069
IND530012AAA,IND531162AAA,14,14,1.0,1.9545454545454546,0.010226293260872741
IND530012AAA,IND532001AAB,264,263,0.9962121212121212,1.6911335578002245,0.1921082234006808
IND530012AAA,IND533106AAA,16,14,0.875,1.5231481481481481,0.010226293260872741
IND530012AAA,IND535001AAA,12,12,1.0,3.1203703703703702,0.008765394223605207
IND530012AAA,IND751002AAB,57,57,1.0,1.596638655462185,0.04163562256212473
IND530012AAA,IND764001AAC,51,51,1.0,3.175438596491228,0.037252925450322126
IND530012AAA,IND764020AAC,15,15,1.0,4.714285714285714,0.010956742779506508
IND530012AAC,IND501359AAE,23,23,1.0,2.407166123778502,0.016800338928576644
IND530012AAC,IND533106AAA,32,32,1.0,1.9201814419863124,0.02337438459628055
IND530018AAA,IND531162AAA,1,1,1.0,4.375,0.0007304495186337672
IND530026AAA,IND531036AAA,16,16,1.0,2.2222222222222223,0.011687192298140275
IND530043AAA,IND530012AAA,2,2,1.0,4.163690476190476,0.0014608990372675344
IND530043AAA,IND531163AAA,35,34,0.9714285714285714,1.5454545454545454,0.02483528363354809
IND531001AAA,IND530012AAA,1,1,1.0,8.636363636363637,0.0007304495186337672
IND531001AAA,IND531116AAA,25,25,1.0,2.0,0.018261237965844182
IND531036AAA,IND530012AAA,16,16,1.0,2.2828947368421053,0.011687192298140275
IND531116AAA,IND530012AAA,28,27,0.9642857142857143,2.2622739018087854,0.019722137003111716
IND531116AAA,IND531001AAA,5,3,0.6,1.3333333333333333,0.0021913485559013016
IND531163AAA,IND535001AAA,39,39,1.0,2.2857142857142856,0.028487531226716923
IND532001AAB,IND530012AAA,232,232,1.0,2.254525246109876,0.16946428832303398
IND532001AAB,IND532127AAA,42,42,1.0,1.796376811594203,0.030678879782618223
IND532001AAB,IND532201AAA,3,3,1.0,2.5609756097560976,0.0021913485559013016
IND532001AAB,IND532421AAA,39,39,1.0,2.1052631578947367,0.028487531226716923
IND532127AAA,IND535591AAA,62,61,0.9838709677419355,1.5833806012478728,0.0445574206366598
IND532201AAA,IND532222AAA,40,40,1.0,1.68,0.02921798074535069
IND532201AAA,IND761200AAA,2,0,0.0,1.108621667612025,0.0
IND532222AAA,IND532001AAB,4,4,1.0,1.6282894736842106,0.002921798074535069
IND532222AAA,IND761200AAA,22,12,0.5454545454545454,1.4622881355932202,0.008765394223605207
IND532421AAA,IND532201AAA,32,31,0.96875,1.78125,0.022643935077646785
IND532440AAA,IND532001AAB,34,34,1.0,1.5217391304347827,0.02483528363354809
IND533003AAA,IND533106AAA,9,9,1.0,2.1,0.006574045667703904
IND533003AAA,IND533401AAA,54,54,1.0,1.802439024390244,0.03944427400622343
IND533106AAA,IND501359AAE,136,136,1.0,2.061318407960199,0.09934113453419235
IND533106AAA,IND530012AAA,88,88,1.0,1.6659671532846716,0.06427955763977151
IND533106AAA,IND533003AAA,6,6,1.0,2.610169491525424,0.004382697111802603
IND533106AAA,IND533201AAA,3,2,0.6666666666666666,1.6774193548387097,0.0014608990372675344
IND533106AAA,IND533242AAA,12,12,1.0,2.908743169398907,0.008765394223605207
IND533106AAA,IND533262AAA,12,12,1.0,1.96875,0.008765394223605207
IND533106AAA,IND533308AAB,17,17,1.0,3.607142857142857,0.012417641816774044
IND533106AAA,IND534260AAC,15,15,1.0,1.8596491228070176,0.010956742779506508
IND533201AAA,IND533242AAA,2,2,1.0,2.373809523809524,0.0014608990372675344
IND533201AAA,IND533262AAA,18,18,1.0,1.9313063063063063,0.013148091335407808
IND533242AAA,IND533201AAA,2,2,1.0,2.2476190476190476,0.0014608990372675344
IND533262AAA,IND533106AAA,14,14,1.0,1.7059025394646534,0.010226293260872741
IND533262AAA,IND533201AAA,10,10,1.0,2.103238866396761,0.007304495186337672
IND533308AAB,IND533003AAA,30,27,0.9,1.4805194805194806,0.019722137003111716
IND533308AAB,IND533106AAA,1,1,1.0,1.962962962962963,0.0007304495186337672
IND533401AAA,IND533106AAA,68,66,0.9705882352941176,2.142171717171717,0.04820966822982864
IND533401AAA,IND533308AAB,4,4,1.0,2.5892339544513456,0.002921798074535069
IND534001AAA,IND521225AAB,3,3,1.0,2.4571428571428573,0.0021913485559013016
IND534001AAA,IND521333AAA,14,14,1.0,1.7541666666666667,0.010226293260872741
IND534260AAC,IND533106AAA,12,12,1.0,2.534344335414808,0.008765394223605207
IND535001AAA,IND530012AAA,60,60,1.0,3.460606060606061,0.04382697111802603
IND535501AAB,IND532001AAB,4,4,1.0,1.7066683316683315,0.002921798074535069
IND535501AAB,IND532440AAA,34,34,1.0,1.4880952380952381,0.02483528363354809
IND535558AAA,IND535501AAB,40,40,1.0,1.5454545454545454,0.02921798074535069
IND535591AAA,IND535558AAA,3,3,1.0,2.1333333333333333,0.0021913485559013016
IND560002AAA,IND560099AAB,40,30,0.75,2.119047619047619,0.021913485559013016
IND560002AAA,IND562132AAA,65,53,0.8153846153846154,1.903225806451613,0.038713824487589664
IND560027AAA,IND560099AAA,7,4,0.5714285714285714,1.8,0.002921798074535069
IND560043AAC,IND560064AAA,76,76,1.0,1.5313725490196077,0.05551416341616631
IND560043AAC,IND560099AAB,66,45,0.6818181818181818,1.5227272727272727,0.032870228338519526
IND560043AAC,IND562132AAA,48,43,0.8958333333333334,1.9893483709273183,0.03140932930125199
IND560048AAB,IND560099AAB,68,41,0.6029411764705882,1.4857142857142858,0.029948430263984454
IND560048AAB,IND562132AAA,68,57,0.8382352941176471,1.80625,0.04163562256212473
IND560058AAB,IND560060AAB,88,54,0.6136363636363636,1.3009049773755657,0.03944427400622343
IND560058AAB,IND560099AAB,81,47,0.5802469135802469,1.2777777777777777,0.03433112737578706
IND560058AAB,IND562132AAA,28,23,0.8214285714285714,1.577777777777778,0.016800338928576644
IND560058AAD,IND562132AAA,70,60,0.8571428571428571,1.5298245614035089,0.04382697111802603
IND560060AAB,IND560099AAB,43,26,0.6046511627906976,1.2727272727272727,0.018991687484477947
IND560060AAB,IND562132AAA,57,48,0.8421052631578947,1.6071428571428572,0.035061576894420826
IND560064AAD,IND560043AAC,82,82,1.0,2.4641025641025642,0.05989686052796891
IND560067AAC,IND562114AAA,37,37,1.0,2.6666666666666665,0.02702663218944939
IND560077AAA,IND560099AAB,4,4,1.0,3.6503496503496504,0.002921798074535069
IND560078AAC,IND560099AAB,43,33,0.7674418604651163,1.8,0.02410483411491432
IND560078AAC,IND562132AAA,49,36,0.7346938775510204,1.4761904761904763,0.026296182670815616
IND560083AAB,IND560058AAD,3,3,1.0,1.4074074074074074,0.0021913485559013016
IND560083AAB,IND562132AAA,110,82,0.7454545454545455,1.4142156862745099,0.05989686052796891
IND560085AAA,IND562132AAA,21,17,0.8095238095238095,1.7714285714285714,0.012417641816774044
IND560099AAB,IND000000ACS,2,2,1.0,1.6294642857142856,0.0014608990372675344
IND560099AAB,IND515004AAA,10,10,1.0,1.3285714285714285,0.007304495186337672
IND560099AAB,IND560002AAA,54,35,0.6481481481481481,1.7207792207792207,0.02556573315218185
IND560099AAB,IND560043AAC,111,92,0.8288288288288288,1.6153846153846154,0.06720135571430658
IND560099AAB,IND560048AAB,88,50,0.5681818181818182,1.4435483870967742,0.036522475931688364
IND560099AAB,IND560058AAB,151,115,0.7615894039735099,1.5,0.08400169464288323
IND560099AAB,IND560058AAD,8,4,0.5,1.241025641025641,0.002921798074535069
IND560099AAB,IND560060AAB,93,68,0.7311827956989247,1.303030303030303,0.04967056726709618
IND560099AAB,IND560077AAA,4,4,1.0,2.973938223938224,0.002921798074535069
IND560099AAB,IND560078AAC,56,49,0.875,1.75,0.035792026413054595
IND560099AAB,IND560083AAB,2,2,1.0,1.7673611111111112,0.0014608990372675344
IND560099AAB,IND560085AAA,34,34,1.0,2.475113122171946,0.02483528363354809
IND560099AAB,IND560300AAA,605,485,0.8016528925619835,1.509433962264151,0.3542680165373771
IND560099AAB,IND562132AAA,424,352,0.8301886792452831,1.4905525846702319,0.25711823055908606
IND560099AAB,IND632006AAA,64,32,0.5,1.1924264887571039,0.02337438459628055
IND560099AAB,IND635001AAA,13,6,0.46153846153846156,1.0833333333333333,0.004382697111802603
IND560099AAB,IND683511AAA,223,221,0.9910313901345291,1.6888888888888889,0.16142934361806255
IND560099AAB,IND683511AAB,16,16,1.0,1.7348495274795852,0.011687192298140275
IND560099AAG,IND560099AAB,2,2,1.0,1.8035714285714286,0.0014608990372675344
IND560099AAH,IND562125AAA,2,2,1.0,1.7647058823529411,0.0014608990372675344
IND560300AAA,IND000000ACS,4,4,1.0,2.3410714285714285,0.002921798074535069
IND560300AAA,IND560002AAA,75,24,0.32,1.0909090909090908,0.017530788447210413
IND560300AAA,IND560043AAC,99,49,0.494949494949495,1.2,0.035792026413054595
IND560300AAA,IND560048AAB,12,5,0.4166666666666667,1.1602564102564101,0.003652247593168836
IND560300AAA,IND560058AAB,111,52,0.46846846846846846,1.1714285714285715,0.037983374968955895
IND560300AAA,IND560078AAC,64,64,1.0,3.395121951219512,0.0467487691925611
IND560300AAA,IND560085AAA,72,61,0.8472222222222222,1.4797297297297298,0.0445574206366598
IND560300AAA,IND560099AAB,422,365,0.8649289099526066,2.4235880398671092,0.26661407430132505
IND560300AAA,IND562132AAA,425,381,0.8964705882352941,1.6666666666666667,0.2783012665994653
IND560300AAA,IND563101AAB,30,26,0.8666666666666667,1.4868334430546413,0.018991687484477947
IND560300AAA,IND563130AAA,10,10,1.0,1.786628733997155,0.007304495186337672
IND560300AAA,IND563131AAB,7,3,0.42857142857142855,1.125,0.0021913485559013016
IND560300AAB,IND563101AAB,74,67,0.9054054054054054,1.5199692780337941,0.0489401177484624
IND560300AAB,IND563116AAA,9,9,1.0,1.8064516129032258,0.006574045667703904
IND560300AAB,IND563125AAB,6,6,1.0,1.4134295227524971,0.004382697111802603
IND560300AAB,IND563130AAA,40,40,1.0,1.8689931350114417,0.02921798074535069
IND561202AAB,IND515134AAA,96,88,0.9166666666666666,1.7393530997304583,0.06427955763977151
IND561203AAB,IND562101AAA,36,36,1.0,1.486842105263158,0.026296182670815616
IND561207AAB,IND562108AAA,47,33,0.7021276595744681,1.3,0.02410483411491432
IND561207AAB,IND572101AAA,10,10,1.0,1.938157894736842,0.007304495186337672
IND562101AAA,IND561207AAB,49,3,0.061224489795918366,1.0277777777777777,0.0021913485559013016
IND562108AAA,IND572101AAA,14,14,1.0,1.7888888888888888,0.010226293260872741
IND562114AAA,IND560048AAB,18,18,1.0,3.03125,0.013148091335407808
IND562114AAA,IND560067AAC,11,11,1.0,3.4444444444444446,0.00803494470497144
IND562117AAA,IND562132AAA,27,10,0.37037037037037035,1.1477272727272727,0.007304495186337672
IND562125AAA,IND000000ACS,1,1,1.0,7.125,0.0007304495186337672
IND562132AAA,IND000000ACB,3316,3285,0.9906513872135102,1.7345395751989159,2.399526668711925
IND562132AAA,IND000000ACS,18,18,1.0,1.6851851851851851,0.013148091335407808
IND562132AAA,IND302014AAA,978,975,0.9969325153374233,1.93349450394801,0.7121882806679231
IND562132AAA,IND395023AAA,47,47,1.0,1.98812351543943,0.03433112737578706
IND562132AAA,IND411033AAA,442,424,0.9592760180995475,1.5659748403559668,0.3097105959007173
IND562132AAA,IND416012AAA,299,295,0.9866220735785953,1.6226415094339623,0.21548260799696134
IND562132AAA,IND421302AAG,258,258,1.0,1.6819925375736653,0.18845597580751194
IND562132AAA,IND462022AAA,625,625,1.0,2.1884550084889645,0.45653094914610454
IND562132AAA,IND501359AAE,176,175,0.9943181818181818,1.656862745098039,0.12782866576090926
IND562132AAA,IND515004AAA,108,97,0.8981481481481481,1.339804994868286,0.07085360330747542
IND562132AAA,IND518002AAA,172,166,0.9651162790697675,1.4389429070057342,0.12125462009320537
IND562132AAA,IND560002AAA,75,72,0.96,2.6666666666666665,0.05259236534163123
IND562132AAA,IND560043AAC,66,48,0.7272727272727273,1.5593073593073594,0.035061576894420826
IND562132AAA,IND560048AAB,72,61,0.8472222222222222,1.9089285714285715,0.0445574206366598
IND562132AAA,IND560058AAB,40,31,0.775,1.8605769230769231,0.022643935077646785
IND562132AAA,IND560058AAD,112,98,0.875,1.6842105263157894,0.07158405282610919
IND562132AAA,IND560060AAB,70,53,0.7571428571428571,1.3793103448275863,0.038713824487589664
IND562132AAA,IND560066AAB,8,8,1.0,2.212121212121212,0.005843596149070138
IND562132AAA,IND560078AAC,75,73,0.9733333333333334,1.6363636363636365,0.05332281486026501
IND562132AAA,IND560083AAB,199,168,0.8442211055276382,1.375,0.12271551913047289
IND562132AAA,IND560085AAA,54,54,1.0,2.0,0.03944427400622343
IND562132AAA,IND560099AAB,508,453,0.8917322834645669,1.5444664031620552,0.33089363194109656
IND562132AAA,IND560300AAA,603,547,0.9071310116086235,1.6216216216216217,0.3995558866926706
IND562132AAA,IND570020AAA,54,16,0.2962962962962963,1.094875,0.011687192298140275
IND562132AAA,IND572101AAA,18,15,0.8333333333333334,1.6264367816091956,0.010956742779506508
IND562132AAA,IND573201AAB,112,112,1.0,1.5441520467836258,0.08181034608698193
IND562132AAA,IND577002AAA,11,11,1.0,1.5769230769230769,0.00803494470497144
IND562132AAA,IND577501AAA,8,8,1.0,1.9204054503157195,0.005843596149070138
IND562132AAA,IND577598AAC,60,59,0.9833333333333333,1.5339366515837103,0.04309652159939227
IND562132AAA,IND580028AAA,46,46,1.0,1.6464669606888518,0.03360067785715329
IND562132AAA,IND583101AAA,100,100,1.0,1.586372679045093,0.07304495186337673
IND562132AAA,IND600056AAB,182,181,0.9945054945054945,1.7408999307261164,0.13221136287271187
IND562132AAA,IND683511AAA,29,29,1.0,2.0,0.021183036040379247
IND562132AAA,IND712311AAA,216,216,1.0,2.2496069549515894,0.15777709602489373
IND562132AAA,IND751002AAB,818,818,1.0,1.9902325518012032,0.5975077062424216
IND562132AAC,IND000000ACB,78,77,0.9871794871794872,1.777644905069832,0.05624461293480007
IND562159AAA,IND562117AAA,22,22,1.0,1.8731884057971016,0.01606988940994288
IND563101AAB,IND560300AAB,1,1,1.0,6.163636363636364,0.0007304495186337672
IND563101AAB,IND563125AAB,4,4,1.0,1.4415584415584415,0.002921798074535069
IND563101AAB,IND563131AAA,50,50,1.0,1.5,0.036522475931688364
IND563116AAA,IND563131AAB,28,28,1.0,1.8397435897435899,0.020452586521745482
IND563125AAB,IND560300AAA,3,3,1.0,3.849056603773585,0.0021913485559013016
IND563125AAB,IND560300AAB,32,32,1.0,2.0879227053140097,0.02337438459628055
IND563130AAA,IND563131AAB,30,10,0.3333333333333333,1.069047619047619,0.007304495186337672
IND563131AAA,IND563125AAB,70,70,1.0,1.8192934782608696,0.0511314663043637
IND563131AAB,IND560300AAA,21,20,0.9523809523809523,1.9574468085106382,0.014608990372675344
IND563131AAB,IND560300AAB,35,35,1.0,2.34,0.02556573315218185
IND563131AAB,IND563116AAA,32,32,1.0,1.7647058823529411,0.02337438459628055
IND570020AAA,IND571301AAA,17,17,1.0,1.9,0.012417641816774044
IND570020AAA,IND571430AAA,3,3,1.0,2.8541666666666665,0.0021913485559013016
IND570020AAA,IND571602AAA,28,28,1.0,1.9479166666666665,0.020452586521745482
IND571104AAA,IND573142AAA,2,2,1.0,1.6394230769230769,0.0014608990372675344
IND571104AAA,IND577598AAB,31,31,1.0,1.85,0.022643935077646785
IND571105AAA,IND571114AAA,2,2,1.0,4.804166666666667,0.0014608990372675344
IND571105AAA,IND571213AAA,24,24,1.0,1.6442687747035574,0.017530788447210413
IND571111AAB,IND571313AAB,20,20,1.0,1.6363636363636365,0.014608990372675344
IND571114AAA,IND570020AAA,19,19,1.0,4.230769230769231,0.013878540854041577
IND571124AAA,IND570020AAA,20,20,1.0,4.205329153605016,0.014608990372675344
IND571213AAA,IND570020AAA,1,1,1.0,8.47887323943662,0.0007304495186337672
IND571213AAA,IND571114AAA,24,23,0.9583333333333334,1.5486205336951606,0.016800338928576644
IND571301AAA,IND571111AAB,16,16,1.0,1.9130434782608696,0.011687192298140275
IND571313AAB,IND571440AAA,20,16,0.8,1.2734767025089606,0.011687192298140275
IND571401AAA,IND562160AAB,20,0,0.0,0.9583152409900131,0.0
IND571426AAA,IND571104AAA,45,45,1.0,1.8227848101265822,0.032870228338519526
IND571430AAA,IND571124AAA,19,18,0.9473684210526315,1.4848484848484849,0.013148091335407808
IND571432AAB,IND571426AAA,34,27,0.7941176470588235,1.3333333333333333,0.019722137003111716
IND571438AAB,IND571401AAA,17,9,0.5294117647058824,1.25,0.006574045667703904
IND571440AAA,IND571430AAA,19,1,0.05263157894736842,1.0,0.0007304495186337672
IND572101AAA,IND561203AAB,72,72,1.0,1.729490022172949,0.05259236534163123
IND572101AAA,IND562101AAA,8,8,1.0,2.334677419354839,0.005843596149070138
IND572201AAB,IND573103AAA,4,4,1.0,2.1390977443609023,0.002921798074535069
IND572201AAB,IND573201AAB,6,6,1.0,1.7758333333333334,0.004382697111802603
IND572201AAB,IND577101AAA,4,4,1.0,2.2307104660045836,0.002921798074535069
IND572201AAB,IND577116AAA,3,3,1.0,1.8653846153846154,0.0021913485559013016
IND573103AAA,IND572201AAB,3,3,1.0,1.588235294117647,0.0021913485559013016
IND573103AAA,IND577116AAA,10,8,0.8,1.3774928774928776,0.005843596149070138
IND573116AAA,IND571426AAA,2,2,1.0,6.293103448275862,0.0014608990372675344
IND573116AAA,IND571432AAB,24,24,1.0,1.7272727272727273,0.017530788447210413
IND573116AAA,IND573142AAA,2,1,0.5,1.6801801801801801,0.0007304495186337672
IND573134AAB,IND573201AAB,28,28,1.0,2.225108225108225,0.020452586521745482
IND573134AAB,IND577101AAA,2,2,1.0,1.7992202729044835,0.0014608990372675344
IND573142AAA,IND573201AAB,34,34,1.0,1.8038461538461539,0.02483528363354809
IND573201AAB,IND572201AAB,33,29,0.8787878787878788,1.434782608695652,0.021183036040379247
IND573201AAB,IND573103AAA,6,6,1.0,2.796794871794872,0.004382697111802603
IND573201AAB,IND573116AAA,28,27,0.9642857142857143,1.6787749287749287,0.019722137003111716
IND573201AAB,IND573134AAB,6,6,1.0,1.6808149405772497,0.004382697111802603
IND573201AAB,IND575004AAB,94,94,1.0,2.6533333333333333,0.06866225475157411
IND574104AAA,IND574216AAA,52,52,1.0,2.1291666666666664,0.037983374968955895
IND574117AAA,IND576101AAA,2,2,1.0,1.6614906832298137,0.0014608990372675344
IND574117AAA,IND576201AAA,3,3,1.0,3.0238095238095237,0.0021913485559013016
IND574202AAA,IND574239AAA,12,12,1.0,1.4727047146401984,0.008765394223605207
IND574211AAA,IND574202AAA,8,8,1.0,2.473684210526316,0.005843596149070138
IND574211AAA,IND574216AAA,2,2,1.0,2.9714285714285715,0.0014608990372675344
IND574216AAA,IND562132AAA,11,11,1.0,1.7030303030303031,0.00803494470497144
IND574216AAA,IND575004AAB,29,29,1.0,2.3,0.021183036040379247
IND574221AAA,IND562132AAA,59,59,1.0,1.5961538461538463,0.04309652159939227
IND574227AAA,IND574104AAA,19,19,1.0,1.8571428571428572,0.013878540854041577
IND574239AAA,IND574221AAA,7,7,1.0,1.5128205128205128,0.0051131466304363705
IND575004AAB,IND562132AAA,52,50,0.9615384615384616,1.7121050130672368,0.036522475931688364
IND575004AAB,IND574117AAA,10,10,1.0,2.3575989782886335,0.007304495186337672
IND575004AAB,IND574211AAA,10,10,1.0,2.0555555555555554,0.007304495186337672
IND575004AAB,IND574227AAA,6,6,1.0,2.037037037037037,0.004382697111802603
IND575004AAB,IND575014AAA,2,2,1.0,2.5175438596491224,0.0014608990372675344
IND575004AAB,IND576101AAA,3,3,1.0,2.08,0.0021913485559013016
IND575004AAB,IND671323AAD,3,3,1.0,1.7407407407407407,0.0021913485559013016
IND575014AAA,IND403726AAA,13,13,1.0,1.6725663716814159,0.009495843742238974
IND576101AAA,IND576201AAA,6,6,1.0,1.4889643463497455,0.004382697111802603
IND576201AAA,IND581320AAA,8,8,1.0,1.9473684210526314,0.005843596149070138
IND577002AAA,IND580028AAA,66,66,1.0,1.6158318425760285,0.04820966822982864
IND577002AAA,IND581110AAE,8,8,1.0,2.3952119309262168,0.005843596149070138
IND577002AAA,IND581115AAC,76,76,1.0,2.0,0.05551416341616631
IND577101AAA,IND577116AAA,3,1,0.3333333333333333,1.108695652173913,0.0007304495186337672
IND577101AAA,IND577132AAD,14,14,1.0,2.1396103896103895,0.010226293260872741
IND577116AAA,IND577101AAA,16,8,0.5,1.1761363636363638,0.005843596149070138
IND577126AAA,IND577201AAA,3,3,1.0,2.707692307692308,0.0021913485559013016
IND577132AAD,IND573134AAB,20,17,0.85,1.7539184952978055,0.012417641816774044
IND577201AAA,IND562132AAA,101,100,0.9900990099009901,1.9310344827586208,0.07304495186337673
IND577201AAA,IND577432AAA,2,2,1.0,2.2027777777777775,0.0014608990372675344
IND577401AAA,IND562132AAA,13,13,1.0,2.695852534562212,0.009495843742238974
IND577401AAA,IND577201AAA,23,3,0.13043478260869565,1.0606060606060606,0.0021913485559013016
IND577432AAA,IND577126AAA,1,1,1.0,2.1,0.0007304495186337672
IND577501AAA,IND577002AAA,30,30,1.0,1.5684754521963824,0.021913485559013016
IND577522AAA,IND562132AAA,80,79,0.9875,1.402127659574468,0.057705511972067615
IND577535AAC,IND577522AAA,30,30,1.0,1.5732142857142857,0.021913485559013016
IND577598AAB,IND573142AAA,50,50,1.0,1.8608590441621295,0.036522475931688364
IND577598AAC,IND577501AAA,22,22,1.0,1.8716108452950557,0.01606988940994288
IND580002AAA,IND580028AAA,2,2,1.0,4.979166666666666,0.0014608990372675344
IND580028AAA,IND403726AAA,87,87,1.0,2.338129496402878,0.06354910812113775
IND580028AAA,IND421302AAG,24,24,1.0,1.5423946668990458,0.017530788447210413
IND580028AAA,IND562132AAA,64,64,1.0,1.7193801833260585,0.0467487691925611
IND580028AAA,IND580002AAA,16,16,1.0,3.4285714285714284,0.011687192298140275
IND580028AAA,IND581402AAA,60,60,1.0,1.4549430599108764,0.04382697111802603
IND580028AAA,IND590016AAA,65,65,1.0,2.150943396226415,0.04747921871119487
IND580028AAA,IND591115AAB,12,12,1.0,1.7694352159468438,0.008765394223605207
IND580028AAA,IND591123AAC,73,71,0.9726027397260274,1.6666666666666667,0.05186191582299747
IND581110AAE,IND577002AAA,25,25,1.0,2.327272727272727,0.018261237965844182
IND581110AAE,IND581119AAB,96,96,1.0,1.7660738714090287,0.07012315378884165
IND581115AAC,IND581110AAE,74,73,0.9864864864864865,1.6172161172161172,0.05332281486026501
IND581119AAB,IND577002AAA,54,51,0.9444444444444444,1.5923611111111111,0.037252925450322126
IND581303AAA,IND581325AAA,8,8,1.0,1.5030141843971632,0.005843596149070138
IND581303AAA,IND581400AAB,24,14,0.5833333333333334,1.2932372505543237,0.010226293260872741
IND581314AAA,IND403726AAA,45,45,1.0,1.8839285714285714,0.032870228338519526
IND581314AAA,IND581334AAA,3,3,1.0,1.5384615384615385,0.0021913485559013016
IND581320AAA,IND575004AAB,6,6,1.0,2.2315400214720267,0.004382697111802603
IND581320AAA,IND581334AAA,8,8,1.0,1.4173684210526316,0.005843596149070138
IND581325AAA,IND580028AAA,42,42,1.0,1.9632996632996633,0.030678879782618223
IND581334AAA,IND581314AAA,8,8,1.0,1.7460407239819005,0.005843596149070138
IND581334AAA,IND581320AAA,2,2,1.0,1.530791788856305,0.0014608990372675344
IND581334AAA,IND581343AAC,2,2,1.0,2.2656641604010024,0.0014608990372675344
IND581343AAC,IND581314AAA,12,10,0.8333333333333334,1.7495652173913043,0.007304495186337672
IND581400AAB,IND581325AAA,32,25,0.78125,1.5884180790960452,0.018261237965844182
IND581402AAA,IND577201AAA,6,4,0.6666666666666666,1.394894894894895,0.002921798074535069
IND581402AAA,IND577401AAA,27,23,0.8518518518518519,1.4864864864864864,0.016800338928576644
IND582101AAB,IND580028AAA,52,52,1.0,2.946557971014493,0.037983374968955895
IND582209AAA,IND582101AAB,32,32,1.0,1.8461538461538463,0.02337438459628055
IND583101AAA,IND577535AAC,30,30,1.0,1.7623007623007623,0.021913485559013016
IND583101AAA,IND583201AAA,54,54,1.0,2.2319327731092438,0.03944427400622343
IND583119AAA,IND583101AAA,18,18,1.0,2.7401960784313726,0.013148091335407808
IND583201AAA,IND583101AAA,6,6,1.0,2.7444444444444445,0.004382697111802603
IND583201AAA,IND583119AAA,18,18,1.0,1.8095238095238095,0.013148091335407808
IND583201AAA,IND583227AAA,48,48,1.0,1.9615384615384615,0.035061576894420826
IND583227AAA,IND583201AAA,3,3,1.0,2.48,0.0021913485559013016
IND583227AAA,IND583231AAA,75,75,1.0,1.8333333333333333,0.05478371389753254
IND583231AAA,IND583201AAA,45,45,1.0,2.2777777777777777,0.032870228338519526
IND584101AAA,IND509124AAA,42,40,0.9523809523809523,1.41663807890223,0.02921798074535069
IND584101AAA,IND518002AAA,4,4,1.0,3.345543345543345,0.002921798074535069
IND584101AAA,IND584123AAA,10,10,1.0,1.3818849449204407,0.007304495186337672
IND584123AAA,IND584128AAA,4,4,1.0,1.4444444444444444,0.002921798074535069
IND584128AAA,IND583121AAA,6,6,1.0,2.364973262032086,0.004382697111802603
IND585104AAA,IND585211AAA,70,70,1.0,1.8982758620689655,0.0511314663043637
IND585104AAA,IND585307AAB,28,28,1.0,1.3943452380952381,0.020452586521745482
IND585104AAA,IND585314AAA,20,18,0.9,1.7894736842105263,0.013148091335407808
IND585104AAA,IND585330AAE,60,60,1.0,1.7714285714285714,0.04382697111802603
IND585104AAA,IND586128AAA,131,130,0.9923664122137404,1.5254237288135593,0.09495843742238974
IND585211AAA,IND585104AAA,11,11,1.0,2.4,0.00803494470497144
IND585211AAA,IND585222AAA,49,46,0.9387755102040817,1.45,0.03360067785715329
IND585222AAA,IND585211AAA,12,9,0.75,1.3846153846153846,0.006574045667703904
IND585222AAA,IND585307AAB,72,71,0.9861111111111112,1.5283347863993026,0.05186191582299747
IND585307AAB,IND585104AAA,107,107,1.0,3.440677966101695,0.07815809849381308
IND585307AAB,IND585222AAA,16,16,1.0,1.42674253200569,0.011687192298140275
IND585314AAA,IND585104AAA,70,67,0.9571428571428572,2.6191904047976013,0.0489401177484624
IND585314AAA,IND586211AAA,27,27,1.0,1.64,0.019722137003111716
IND585330AAE,IND585401AAA,42,42,1.0,1.8088235294117647,0.030678879782618223
IND585401AAA,IND502286AAB,44,44,1.0,2.1053113553113554,0.03213977881988576
IND586101AAA,IND416404AAA,12,12,1.0,2.3940217391304346,0.008765394223605207
IND586101AAB,IND416404AAA,15,15,1.0,2.2093023255813953,0.010956742779506508
IND586128AAA,IND585104AAA,36,36,1.0,3.200152207001522,0.026296182670815616
IND586128AAA,IND586211AAA,71,71,1.0,1.5555555555555556,0.05186191582299747
IND586211AAA,IND585314AAA,143,125,0.8741258741258742,1.7395833333333333,0.0913061898292209
IND586211AAA,IND586128AAA,15,15,1.0,1.7,0.010956742779506508
IND587103AAB,IND582101AAB,8,8,1.0,2.1630434782608696,0.005843596149070138
IND587103AAB,IND582209AAA,51,51,1.0,1.901639344262295,0.037252925450322126
IND590016AAA,IND591302AAB,10,10,1.0,1.4061059907834101,0.007304495186337672
IND591102AAA,IND591307AAC,36,36,1.0,2.0,0.026296182670815616
IND591115AAB,IND580028AAA,6,6,1.0,1.9301801801801801,0.004382697111802603
IND591115AAB,IND590016AAA,8,8,1.0,1.811764705882353,0.005843596149070138
IND591123AAC,IND587103AAB,55,55,1.0,1.6666666666666667,0.040174723524857195
IND591126AAA,IND591102AAA,4,4,1.0,1.5666666666666667,0.002921798074535069
IND591201AAA,IND586101AAB,6,6,1.0,1.6746031746031746,0.004382697111802603
IND591201AAA,IND591304AAA,30,25,0.8333333333333334,1.38,0.018261237965844182
IND591237AAB,IND591201AAA,5,4,0.8,1.5,0.002921798074535069
IND591302AAB,IND580028AAA,29,29,1.0,2.0365853658536586,0.021183036040379247
IND591302AAB,IND591115AAB,4,4,1.0,1.8453947368421053,0.002921798074535069
IND591304AAA,IND586101AAA,27,27,1.0,1.5238095238095237,0.019722137003111716
IND591304AAA,IND586101AAB,16,16,1.0,1.4664011946241913,0.011687192298140275
IND591307AAC,IND580002AAA,8,8,1.0,2.00278293135436,0.005843596149070138
IND591307AAC,IND580028AAA,20,20,1.0,2.441492123939761,0.014608990372675344
IND591307AAC,IND580030AAA,5,5,1.0,2.108695652173913,0.003652247593168836
IND600004AAA,IND600008AAC,4,4,1.0,5.6,0.002921798074535069
IND600008AAA,IND600044AAC,70,65,0.9285714285714286,1.9422180801491145,0.04747921871119487
IND600008AAC,IND600004AAA,1,1,1.0,2.357142857142857,0.0007304495186337672
IND600008AAC,IND600013AAA,2,2,1.0,4.55,0.0014608990372675344
IND600008AAC,IND600056AAB,71,71,1.0,2.2222222222222223,0.05186191582299747
IND600016AAA,IND600119AAA,16,14,0.875,2.1575757575757573,0.010226293260872741
IND600016AAB,IND600044AAC,90,89,0.9888888888888889,1.7899159663865547,0.06501000715840528
IND600016AAC,IND600056AAB,4,4,1.0,2.0277777777777777,0.002921798074535069
IND600016AAC,IND600119AAA,22,16,0.7272727272727273,1.681159420289855,0.011687192298140275
IND600032AAB,IND600008AAC,2,2,1.0,6.0,0.0014608990372675344
IND600032AAB,IND600044AAD,22,18,0.8181818181818182,1.8954545454545455,0.013148091335407808
IND600032AAB,IND600056AAB,247,239,0.9676113360323887,1.7777777777777777,0.17457743495347036
IND600032AAB,IND600076AAB,84,81,0.9642857142857143,2.0625,0.05916641100933514
IND600044AAD,IND600032AAB,12,12,1.0,2.3301282051282053,0.008765394223605207
IND600044AAD,IND600048AAA,23,22,0.9565217391304348,4.0,0.01606988940994288
IND600044AAD,IND600056AAB,51,49,0.9607843137254902,1.6842105263157894,0.035792026413054595
IND600044AAD,IND603001AAA,48,48,1.0,2.3918269230769234,0.035061576894420826
IND600044AAD,IND603203AAA,4,4,1.0,3.670955882352941,0.002921798074535069
IND600044AAE,IND600056AAB,87,83,0.9540229885057471,1.8235294117647058,0.060627310046602684
IND600048AAA,IND600044AAD,2,2,1.0,2.159090909090909,0.0014608990372675344
IND600056AAA,IND602105AAB,14,14,1.0,3.229166666666667,0.010226293260872741
IND600056AAB,IND501359AAE,161,160,0.9937888198757764,1.5994897959183674,0.11687192298140275
IND600056AAB,IND524003AAA,97,97,1.0,1.5364238410596027,0.07085360330747542
IND600056AAB,IND530012AAA,49,47,0.9591836734693877,1.717687074829932,0.03433112737578706
IND600056AAB,IND560099AAB,148,148,1.0,1.6216374269005849,0.10810652875779755
IND600056AAB,IND562132AAA,208,201,0.9663461538461539,1.725493963233361,0.14682035324538723
IND600056AAB,IND600008AAC,160,160,1.0,2.4251336898395723,0.11687192298140275
IND600056AAB,IND600016AAC,49,47,0.9591836734693877,2.3333333333333335,0.03433112737578706
IND600056AAB,IND600032AAB,208,192,0.9230769230769231,2.0185185185185186,0.1402463075776833
IND600056AAB,IND600044AAD,21,18,0.8571428571428571,1.4705882352941178,0.013148091335407808
IND600056AAB,IND600044AAE,103,97,0.941747572815534,1.6785714285714286,0.07085360330747542
IND600056AAB,IND600076AAB,61,34,0.5573770491803278,1.21875,0.02483528363354809
IND600056AAB,IND600110AAA,112,103,0.9196428571428571,1.6363636363636365,0.07523630041927802
IND600056AAB,IND600116AAB,76,75,0.9868421052631579,2.3798076923076925,0.05478371389753254
IND600056AAB,IND605010AAB,78,78,1.0,1.4087396749267254,0.056975062453433846
IND600056AAB,IND605601AAA,40,31,0.775,1.2899159663865547,0.022643935077646785
IND600056AAB,IND631501AAA,36,36,1.0,2.125,0.026296182670815616
IND600056AAB,IND632006AAA,52,46,0.8846153846153846,1.62531328320802,0.03360067785715329
IND600056AAB,IND635802AAB,19,7,0.3684210526315789,1.0909090909090908,0.0051131466304363705
IND600073AAA,IND603203AAA,2,2,1.0,2.0297619047619047,0.0014608990372675344
IND600076AAB,IND600032AAB,32,32,1.0,2.5409356725146197,0.02337438459628055
IND600076AAB,IND600056AAB,8,8,1.0,1.9590840840840842,0.005843596149070138
IND600083AAA,IND600116AAB,2,2,1.0,2.0357142857142856,0.0014608990372675344
IND600110AAA,IND600056AAB,40,40,1.0,1.975,0.02921798074535069
IND600110AAA,IND600056AAD,4,4,1.0,2.111111111111111,0.002921798074535069
IND600116AAB,IND600056AAA,5,5,1.0,1.9090909090909092,0.003652247593168836
IND600116AAB,IND600056AAB,10,9,0.9,1.7777777777777777,0.006574045667703904
IND600116AAB,IND602024AAA,20,20,1.0,1.8375,0.014608990372675344
IND600119AAA,IND600016AAC,18,18,1.0,2.321428571428571,0.013148091335407808
IND602001AAA,IND600116AAB,12,12,1.0,2.25,0.008765394223605207
IND602001AAB,IND609001AAA,22,22,1.0,2.301994301994302,0.01606988940994288
IND602024AAA,IND600116AAB,8,8,1.0,2.6294117647058823,0.005843596149070138
IND602024AAA,IND602001AAA,18,18,1.0,2.4772727272727275,0.013148091335407808
IND603001AAA,IND603301AAA,49,28,0.5714285714285714,1.411764705882353,0.020452586521745482
IND603102AAA,IND600056AAB,35,35,1.0,1.872340425531915,0.02556573315218185
IND603203AAA,IND600044AAD,26,26,1.0,3.0555555555555554,0.018991687484477947
IND603203AAA,IND600048AAA,2,2,1.0,1.6666666666666667,0.0014608990372675344
IND603301AAA,IND600044AAD,112,112,1.0,2.927544565842438,0.08181034608698193
IND604303AAA,IND603102AAA,11,11,1.0,1.875,0.00803494470497144
IND605010AAB,IND600056AAB,18,18,1.0,1.6643356643356644,0.013148091335407808
IND605010AAB,IND604303AAA,8,2,0.25,1.0208333333333335,0.0014608990372675344
IND605010AAB,IND607001AAA,12,12,1.0,1.7413793103448276,0.008765394223605207
IND605601AAA,IND600056AAB,42,42,1.0,1.6843396226415095,0.030678879782618223
IND605601AAA,IND607106AAA,36,36,1.0,2.0,0.026296182670815616
IND605601AAA,IND636102AAA,30,29,0.9666666666666667,1.5645833333333332,0.021183036040379247
IND606003AAA,IND606105AAA,28,27,0.9642857142857143,1.5555555555555556,0.019722137003111716
IND606105AAA,IND606201AAC,74,71,0.9594594594594594,1.6132478632478633,0.05186191582299747
IND606201AAC,IND605601AAA,146,146,1.0,1.8138528138528138,0.10664562972053002
IND606801AAB,IND632006AAA,39,39,1.0,2.590909090909091,0.028487531226716923
IND606803AAA,IND606801AAB,22,19,0.8636363636363636,1.3478260869565217,0.013878540854041577
IND607001AAA,IND608001AAA,22,22,1.0,1.8425925925925926,0.01606988940994288
IND607106AAA,IND607801AAA,30,30,1.0,2.1538461538461537,0.021913485559013016
IND607801AAA,IND606003AAA,46,44,0.9565217391304348,2.1180555555555554,0.03213977881988576
IND608001AAA,IND609110AAA,7,7,1.0,2.7333333333333334,0.0051131466304363705
IND608301AAA,IND639104AAB,96,89,0.9270833333333334,1.6620298604878845,0.06501000715840528
IND609001AAA,IND614018AAA,36,36,1.0,1.9216575922565033,0.026296182670815616
IND609110AAA,IND609602AAA,16,16,1.0,1.920112781954887,0.011687192298140275
IND609602AAA,IND611001AAA,11,11,1.0,3.111111111111111,0.00803494470497144
IND610001AAA,IND605010AAB,60,60,1.0,2.1102918586789556,0.04382697111802603
IND610001AAA,IND614715AAA,51,48,0.9411764705882353,1.6818181818181819,0.035061576894420826
IND611001AAA,IND610001AAA,12,12,1.0,2.5441176470588234,0.008765394223605207
IND614018AAA,IND613104AAA,30,30,1.0,1.7762820512820512,0.021913485559013016
IND614602AAA,IND614804AAA,16,16,1.0,1.5,0.011687192298140275
IND614616AAA,IND630002AAA,32,32,1.0,1.5606060606060606,0.02337438459628055
IND614620AAA,IND630561AAA,157,157,1.0,1.8571428571428572,0.11468057442550145
IND614715AAA,IND614809AAA,51,29,0.5686274509803921,1.25,0.021183036040379247
IND614804AAA,IND614616AAA,30,17,0.5666666666666667,1.2546296296296298,0.012417641816774044
IND614809AAA,IND610001AAA,82,82,1.0,2.070598006644518,0.05989686052796891
IND620020AAA,IND621112AAA,50,50,1.0,1.875,0.036522475931688364
IND621010AAA,IND621212AAA,32,31,0.96875,1.4491666666666667,0.022643935077646785
IND621112AAA,IND620012AAA,1,1,1.0,6.458333333333333,0.0007304495186337672
IND621211AAA,IND621010AAA,22,22,1.0,1.6477272727272727,0.01606988940994288
IND621212AAA,IND621704AAA,32,32,1.0,1.5454545454545454,0.02337438459628055
IND621306AAA,IND625106AAA,39,16,0.41025641025641024,1.1666666666666667,0.011687192298140275
IND621704AAA,IND621802AAA,34,27,0.7941176470588235,1.7488505747126437,0.019722137003111716
IND621802AAA,IND608301AAA,10,10,1.0,2.5555555555555554,0.007304495186337672
IND621802AAA,IND621212AAA,6,6,1.0,1.552325581395349,0.004382697111802603
IND622407AAA,IND622001AAA,28,23,0.8214285714285714,1.3846153846153846,0.016800338928576644
IND623315AAB,IND614620AAA,60,60,1.0,1.7113095238095237,0.04382697111802603
IND623407AAA,IND623315AAB,30,1,0.03333333333333333,1.0192307692307692,0.0007304495186337672
IND623503AAA,IND623526AAA,21,0,0.0,0.8421052631578947,0.0
IND623526AAA,IND623704AAA,32,11,0.34375,1.1532395566922422,0.00803494470497144
IND623701AAA,IND623503AAA,14,4,0.2857142857142857,1.022695035460993,0.002921798074535069
IND623704AAA,IND626607AAB,14,10,0.7142857142857143,1.271780303030303,0.007304495186337672
IND624001AAA,IND624619AAA,20,14,0.7,1.4316770186335404,0.010226293260872741
IND624001AAA,IND624703AAA,4,2,0.5,1.2428571428571429,0.0014608990372675344
IND624001AAA,IND625008AAA,25,24,0.96,1.38,0.017530788447210413
IND624101AAA,IND624202AAA,20,0,0.0,0.6891558441558441,0.0
IND624202AAA,IND625218AAA,20,20,1.0,1.5108695652173914,0.014608990372675344
IND624601AAA,IND624001AAA,6,6,1.0,4.661844863731656,0.004382697111802603
IND624601AAA,IND624101AAA,29,0,0.0,0.7744360902255639,0.0
IND624619AAA,IND624601AAA,17,11,0.6470588235294118,1.2307692307692308,0.00803494470497144
IND624703AAA,IND624619AAA,2,1,0.5,1.15625,0.0007304495186337672
IND625008AAA,IND625516AAA,4,2,0.5,1.1868131868131868,0.0014608990372675344
IND625008AAA,IND626123AAA,51,51,1.0,1.744186046511628,0.037252925450322126
IND625008AAA,IND685514AAA,5,5,1.0,1.565217391304348,0.003652247593168836
IND625106AAA,IND625008AAA,26,26,1.0,1.737037037037037,0.018991687484477947
IND625218AAA,IND624703AAA,4,3,0.75,3.399206349206349,0.0021913485559013016
IND625516AAA,IND685514AAA,7,7,1.0,1.934782608695652,0.0051131466304363705
IND625531AAA,IND625516AAA,14,12,0.8571428571428571,1.253384912959381,0.008765394223605207
IND625532AAA,IND625531AAA,12,8,0.6666666666666666,1.3774703557312251,0.005843596149070138
IND625532AAA,IND685514AAA,4,4,1.0,1.7060160427807487,0.002921798074535069
IND626117AAA,IND626138AAA,9,6,0.6666666666666666,1.24,0.004382697111802603
IND626123AAA,IND627756AAA,34,34,1.0,1.775,0.02483528363354809
IND626138AAA,IND625008AAA,48,44,0.9166666666666666,1.5086232530478738,0.03213977881988576
IND626607AAB,IND625008AAA,16,16,1.0,1.5649213075060533,0.011687192298140275
IND627005AAA,IND627117AAA,25,25,1.0,1.55,0.018261237965844182
IND627005AAA,IND627811AAA,30,11,0.36666666666666664,1.0471698113207548,0.00803494470497144
IND627005AAA,IND628801AAA,85,79,0.9294117647058824,1.3636363636363635,0.057705511972067615
IND627005AAA,IND629001AAA,4,4,1.0,2.007142857142857,0.002921798074535069
IND627117AAA,IND629001AAA,22,22,1.0,1.6125,0.01606988940994288
IND627401AAA,IND627005AAA,26,26,1.0,2.054054054054054,0.018991687484477947
IND627657AAA,IND628613AAA,46,0,0.0,1.0,0.0
IND627756AAA,IND626117AAA,34,34,1.0,1.6348484848484848,0.02483528363354809
IND627811AAA,IND627401AAA,20,18,0.9,1.4810659186535764,0.013148091335407808
IND628204AAA,IND627657AAA,68,28,0.4117647058823529,1.1818181818181819,0.020452586521745482
IND628613AAA,IND627005AAA,53,49,0.9245283018867925,1.6153846153846154,0.035792026413054595
IND628801AAA,IND628204AAA,34,33,0.9705882352941176,1.4375,0.02410483411491432
IND629179AAA,IND627005AAA,44,44,1.0,2.0153846153846153,0.03213977881988576
IND630002AAA,IND622407AAA,28,24,0.8571428571428571,1.366600790513834,0.017530788447210413
IND630561AAA,IND623407AAA,75,75,1.0,1.7142857142857142,0.05478371389753254
IND630561AAA,IND623701AAA,10,10,1.0,1.3846153846153846,0.007304495186337672
IND631003AAA,IND600056AAB,37,37,1.0,2.1538461538461537,0.02702663218944939
IND631102AAA,IND600056AAB,36,36,1.0,1.6284461152882206,0.026296182670815616
IND631501AAA,IND600056AAB,4,3,0.75,2.2314814814814814,0.0021913485559013016
IND631501AAA,IND631003AAA,30,30,1.0,3.2222222222222223,0.021913485559013016
IND632006AAA,IND562132AAA,18,18,1.0,1.5774147727272727,0.013148091335407808
IND632006AAA,IND600056AAB,68,66,0.9705882352941176,1.781929347826087,0.04820966822982864
IND632006AAA,IND632301AAA,28,28,1.0,1.8099798387096775,0.020452586521745482
IND632006AAA,IND632402AAA,8,8,1.0,2.9523809523809526,0.005843596149070138
IND632006AAA,IND635802AAB,7,5,0.7142857142857143,1.3255813953488371,0.003652247593168836
IND632301AAA,IND606803AAA,16,16,1.0,2.1539473684210524,0.011687192298140275
IND632301AAA,IND632006AAA,2,2,1.0,3.368181818181818,0.0014608990372675344
IND632402AAA,IND631102AAA,22,22,1.0,1.5208695652173914,0.01606988940994288
IND635001AAA,IND562132AAA,20,19,0.95,1.5368508221933042,0.013878540854041577
IND635001AAA,IND636705AAB,12,12,1.0,1.402972027972028,0.008765394223605207
IND635207AAA,IND635802AAB,7,7,1.0,3.869565217391304,0.0051131466304363705
IND635601AAB,IND635207AAA,3,3,1.0,3.1538461538461537,0.0021913485559013016
IND635601AAB,IND635802AAB,49,46,0.9387755102040817,3.1666666666666665,0.03360067785715329
IND635802AAB,IND562132AAA,41,40,0.975609756097561,1.5588235294117647,0.02921798074535069
IND635802AAB,IND635601AAB,50,50,1.0,2.3592375366568916,0.036522475931688364
IND636005AAA,IND636005AAC,1,1,1.0,5.083333333333333,0.0007304495186337672
IND636005AAA,IND636016AAA,4,3,0.75,1.85,0.0021913485559013016
IND636016AAA,IND636402AAA,6,5,0.8333333333333334,1.272461814914645,0.003652247593168836
IND636016AAA,IND637211AAA,75,34,0.4533333333333333,1.1081081081081081,0.02483528363354809
IND636102AAA,IND605601AAA,25,20,0.8,1.3103448275862069,0.014608990372675344
IND636352AAA,IND636705AAB,5,5,1.0,1.6,0.003652247593168836
IND636705AAB,IND562132AAA,33,33,1.0,1.638095238095238,0.02410483411491432
IND636705AAB,IND635001AAA,12,8,0.6666666666666666,1.3232739904472428,0.005843596149070138
IND637211AAA,IND636402AAA,96,67,0.6979166666666666,1.2958333333333334,0.0489401177484624
IND637301AAA,IND638001AAA,10,10,1.0,1.8529411764705883,0.007304495186337672
IND637408AAA,IND637001AAA,20,20,1.0,1.6909814323607426,0.014608990372675344
IND638001AAA,IND638052AAA,3,3,1.0,2.1666666666666665,0.0021913485559013016
IND638401AAA,IND638452AAA,33,8,0.24242424242424243,1.0833333333333333,0.005843596149070138
IND638452AAA,IND638501AAB,8,1,0.125,1.1101190476190477,0.0007304495186337672
IND638501AAB,IND641062AAD,87,67,0.7701149425287356,1.305084745762712,0.0489401177484624
IND638657AAA,IND638701AAA,63,52,0.8253968253968254,1.3888888888888888,0.037983374968955895
IND638701AAA,IND641607AAA,51,51,1.0,1.8181818181818181,0.037252925450322126
IND639001AAA,IND624001AAA,27,27,1.0,1.6181818181818182,0.019722137003111716
IND639104AAB,IND620012AAA,2,2,1.0,1.5378787878787878,0.0014608990372675344
IND641001AAA,IND641062AAD,10,9,0.9,1.3875,0.006574045667703904
IND641006AAD,IND641062AAD,15,15,1.0,1.5,0.010956742779506508
IND641008AAA,IND641001AAA,6,6,1.0,2.0588235294117645,0.004382697111802603
IND641008AAA,IND641011AAA,2,2,1.0,2.196078431372549,0.0014608990372675344
IND641011AAA,IND641062AAD,31,27,0.8709677419354839,1.9565217391304348,0.019722137003111716
IND641062AAD,IND638401AAA,64,64,1.0,1.7333333333333334,0.0467487691925611
IND641062AAD,IND641001AAA,12,12,1.0,3.911111111111111,0.008765394223605207
IND641062AAD,IND641008AAA,8,8,1.0,1.9500000000000002,0.005843596149070138
IND641062AAD,IND641607AAA,22,22,1.0,1.712820512820513,0.01606988940994288
IND641062AAD,IND642001AAA,6,5,0.8333333333333334,1.4797297297297298,0.003652247593168836
IND641062AAD,IND642126AAA,118,92,0.7796610169491526,1.324653312788906,0.06720135571430658
IND641062AAD,IND643217AAA,12,12,1.0,2.731283422459893,0.008765394223605207
IND641062AAD,IND643231AAA,85,85,1.0,2.8461538461538463,0.062088209083870215
IND641607AAA,IND641062AAD,38,38,1.0,1.8448275862068966,0.027757081708083154
IND641607AAA,IND641654AAA,22,22,1.0,1.875,0.01606988940994288
IND641607AAA,IND641664AAA,10,10,1.0,1.818421052631579,0.007304495186337672
IND641654AAA,IND641664AAA,33,25,0.7575757575757576,1.3846153846153846,0.018261237965844182
IND641664AAA,IND638657AAA,74,72,0.972972972972973,1.418859649122807,0.05259236534163123
IND642001AAA,IND641062AAD,102,80,0.7843137254901961,1.3675324675324676,0.05843596149070138
IND642001AAA,IND642126AAA,4,4,1.0,1.5161290322580645,0.002921798074535069
IND642126AAA,IND642001AAA,65,47,0.7230769230769231,1.3,0.03433112737578706
IND643001AAA,IND643212AAA,18,18,1.0,2.45628078817734,0.013148091335407808
IND643212AAA,IND641062AAD,21,20,0.9523809523809523,3.284090909090909,0.014608990372675344
IND643217AAA,IND643001AAA,20,11,0.55,1.6116071428571428,0.00803494470497144
IND643231AAA,IND643217AAA,18,7,0.3888888888888889,1.0880541871921183,0.0051131466304363705
IND670643AAA,IND673632AAA,45,44,0.9777777777777777,1.7,0.03213977881988576
IND670645AAB,IND673592AAA,21,21,1.0,2.2972972972972974,0.015339439891309111
IND671315AAA,IND575004AAB,2,2,1.0,8.01923076923077,0.0014608990372675344
IND671323AAD,IND000000ACO,2,2,1.0,1.4419642857142856,0.0014608990372675344
IND673027AAB,IND673104AAA,7,4,0.5714285714285714,1.2037037037037037,0.002921798074535069
IND673027AAB,IND673305AAA,9,3,0.3333333333333333,1.09375,0.0021913485559013016
IND673104AAA,IND673506AAA,34,33,0.9705882352941176,1.6363636363636365,0.02410483411491432
IND673121AAA,IND670645AAB,24,24,1.0,2.3076923076923075,0.017530788447210413
IND673305AAA,IND673104AAA,40,26,0.65,1.266798418972332,0.018991687484477947
IND673506AAA,IND670643AAA,34,34,1.0,1.4479166666666665,0.02483528363354809
IND673573AAA,IND673592AAA,24,24,1.0,1.670508474576271,0.017530788447210413
IND673592AAA,IND562132AAA,119,115,0.9663865546218487,1.7567567567567568,0.08400169464288323
IND673592AAA,IND670645AAB,4,4,1.0,3.0,0.002921798074535069
IND673592AAA,IND673121AAA,22,22,1.0,2.0,0.01606988940994288
IND673632AAA,IND673104AAA,6,4,0.6666666666666666,1.2486772486772488,0.002921798074535069
IND673632AAA,IND673305AAA,14,1,0.07142857142857142,1.1145161290322583,0.0007304495186337672
IND673632AAA,IND676306AAA,9,1,0.1111111111111111,1.0909090909090908,0.0007304495186337672
IND673632AAA,IND683511AAA,36,36,1.0,1.6505028735632183,0.026296182670815616
IND676306AAA,IND676509AAA,14,11,0.7857142857142857,1.380952380952381,0.00803494470497144
IND676509AAA,IND678583AAA,3,0,0.0,1.173913043478261,0.0
IND676509AAA,IND679322AAA,6,6,1.0,1.8203463203463204,0.004382697111802603
IND678683AAA,IND000000ABD,26,9,0.34615384615384615,1.1029411764705883,0.006574045667703904
IND679303AAA,IND679531AAA,28,28,1.0,2.591666666666667,0.020452586521745482
IND679322AAA,IND673639AAA,4,4,1.0,2.136217948717949,0.002921798074535069
IND679329AAA,IND673639AAA,7,7,1.0,1.619047619047619,0.0051131466304363705
IND679531AAA,IND680587AAA,30,29,0.9666666666666667,1.5,0.021183036040379247
IND680012AAA,IND679303AAA,55,54,0.9818181818181818,1.4482758620689655,0.03944427400622343
IND68004AAA,IND678683AAA,27,27,1.0,2.4444444444444446,0.019722137003111716
IND68004AAA,IND683511AAA,50,47,0.94,2.1775491949910553,0.03433112737578706
IND680104AAA,IND679576AAA,21,17,0.8095238095238095,1.4705882352941178,0.012417641816774044
IND680307AAA,IND680712AAA,14,14,1.0,1.6643356643356644,0.010226293260872741
IND680307AAA,IND683511AAA,11,10,0.9090909090909091,1.588235294117647,0.007304495186337672
IND680587AAA,IND68004AAA,39,39,1.0,1.75,0.028487531226716923
IND680587AAA,IND683511AAA,29,29,1.0,2.375,0.021183036040379247
IND680712AAA,IND683511AAA,36,36,1.0,1.587878787878788,0.026296182670815616
IND683511AAA,IND000000ABA,47,18,0.3829787234042553,1.1379310344827587,0.013148091335407808
IND683511AAA,IND000000ADM,38,29,0.7631578947368421,1.3875,0.021183036040379247
IND683511AAA,IND562132AAA,160,154,0.9625,1.5591130717436732,0.11248922586960014
IND683511AAA,IND680012AAA,55,46,0.8363636363636363,1.4594594594594594,0.03360067785715329
IND683511AAA,IND68004AAA,30,26,0.8666666666666667,1.3138461538461539,0.018991687484477947
IND683511AAA,IND680104AAA,48,46,0.9583333333333334,1.4882928905917412,0.03360067785715329
IND683511AAA,IND686028AAB,21,21,1.0,1.9830508474576272,0.015339439891309111
IND683565AAA,IND683511AAA,26,26,1.0,1.9166666666666665,0.018991687484477947
IND683572AAA,IND680307AAA,22,16,0.7272727272727273,1.3484848484848484,0.011687192298140275
IND685514AAA,IND625008AAA,45,36,0.8,1.4404761904761905,0.026296182670815616
IND686028AAB,IND686632AAA,1,1,1.0,6.095238095238095,0.0007304495186337672
IND686028AAB,IND689101AAA,46,39,0.8478260869565217,1.3245614035087718,0.028487531226716923
IND686507AAA,IND686513AAA,28,28,1.0,2.354166666666667,0.020452586521745482
IND686507AAA,IND686540AAA,2,2,1.0,1.6483516483516483,0.0014608990372675344
IND686513AAA,IND686507AAA,2,2,1.0,2.4555555555555557,0.0014608990372675344
IND686513AAA,IND686540AAA,24,24,1.0,1.9642857142857144,0.017530788447210413
IND686540AAA,IND686028AAB,4,4,1.0,2.0191387559808613,0.002921798074535069
IND686632AAA,IND686141AAA,1,1,1.0,2.5,0.0007304495186337672
IND688009AAA,IND686028AAB,44,44,1.0,2.0217391304347827,0.03213977881988576
IND688524AAA,IND683511AAA,21,21,1.0,2.08,0.015339439891309111
IND689101AAA,IND689650AAA,11,8,0.7272727272727273,1.3636363636363635,0.005843596149070138
IND689101AAA,IND690548AAA,11,11,1.0,1.4166666666666667,0.00803494470497144
IND689503AAB,IND683511AAA,5,5,1.0,2.2241379310344827,0.003652247593168836
IND689645AAA,IND691551AAA,30,22,0.7333333333333333,1.4491666666666667,0.01606988940994288
IND689650AAA,IND690548AAA,12,12,1.0,1.6622807017543861,0.008765394223605207
IND690537AAA,IND689503AAB,1,1,1.0,2.0714285714285716,0.0007304495186337672
IND690548AAA,IND688009AAA,45,27,0.6,1.2272727272727273,0.019722137003111716
IND691001AAB,IND683511AAA,63,53,0.8412698412698413,1.303030303030303,0.038713824487589664
IND691001AAB,IND690573AAA,2,0,0.0,1.0810810810810811,0.0
IND691001AAB,IND691506AAA,62,46,0.7419354838709677,1.2727272727272727,0.03360067785715329
IND691001AAB,IND695012AAA,3,3,1.0,1.34375,0.0021913485559013016
IND691305AAA,IND689645AAA,45,45,1.0,2.3333333333333335,0.032870228338519526
IND691305AAA,IND691551AAA,3,2,0.6666666666666666,4.0,0.0014608990372675344
IND691506AAA,IND691305AAA,41,41,1.0,1.5263157894736843,0.029948430263984454
IND691551AAA,IND691001AAB,74,74,1.0,2.098086124401914,0.05405326437889878
IND691574AAA,IND695614AAA,42,42,1.0,1.5,0.030678879782618223
IND695012AAA,IND691001AAB,36,29,0.8055555555555556,1.496031746031746,0.021183036040379247
IND695012AAA,IND695101AAB,6,4,0.6666666666666666,2.230769230769231,0.002921798074535069
IND695012AAB,IND695012AAA,3,3,1.0,3.3,0.0021913485559013016
IND695101AAB,IND691574AAA,39,13,0.3333333333333333,1.1666666666666667,0.009495843742238974
IND695101AAB,IND695012AAA,3,3,1.0,7.064516129032258,0.0021913485559013016
IND695121AAA,IND695541AAA,3,2,0.6666666666666666,1.5517241379310345,0.0014608990372675344
IND695121AAA,IND695572AAB,34,34,1.0,1.75,0.02483528363354809
IND695541AAA,IND695012AAA,1,1,1.0,3.1333333333333333,0.0007304495186337672
IND695541AAA,IND695572AAB,2,1,0.5,1.1114718614718615,0.0007304495186337672
IND695572AAB,IND000000AFJ,2,2,1.0,1.7747252747252746,0.0014608990372675344
IND695572AAB,IND695541AAA,26,17,0.6538461538461539,1.297979797979798,0.012417641816774044
IND695582AAA,IND691574AAA,4,1,0.25,1.1515151515151516,0.0007304495186337672
IND695582AAA,IND695101AAB,38,11,0.2894736842105263,1.1778656126482214,0.00803494470497144
IND695609AAA,IND695012AAA,9,9,1.0,1.5454545454545454,0.006574045667703904
IND695614AAA,IND695609AAA,6,6,1.0,1.2894736842105263,0.004382697111802603
IND700026AAC,IND700065AAA,4,3,0.75,1.6052631578947367,0.0021913485559013016
IND700026AAC,IND712311AAA,10,10,1.0,3.765,0.007304495186337672
IND700028AAB,IND712311AAA,19,19,1.0,2.9411764705882355,0.013878540854041577
IND700053AAA,IND700136AAB,2,2,1.0,2.2758620689655173,0.0014608990372675344
IND700053AAA,IND700144AAA,5,5,1.0,2.3157894736842106,0.003652247593168836
IND700053AAA,IND712311AAA,18,18,1.0,4.196153846153846,0.013148091335407808
IND700053AAA,IND743513AAA,12,12,1.0,3.0,0.008765394223605207
IND700065AAA,IND700026AAC,4,4,1.0,2.1891447368421053,0.002921798074535069
IND700065AAA,IND712311AAA,46,46,1.0,2.853535353535354,0.03360067785715329
IND700065AAB,IND712310AAA,30,30,1.0,5.666193181818182,0.021913485559013016
IND700088AAA,IND712311AAA,27,27,1.0,3.0,0.019722137003111716
IND700136AAB,IND712311AAA,3,3,1.0,5.0,0.0021913485559013016
IND700136AAG,IND712310AAA,50,50,1.0,4.611111111111111,0.036522475931688364
IND700144AAA,IND743395AAA,4,4,1.0,3.0476190476190474,0.002921798074535069
IND711303AAA,IND721134AAB,34,4,0.11764705882352941,0.7837837837837838,0.002921798074535069
IND712103AAA,IND712124AAA,2,2,1.0,2.3636363636363638,0.0014608990372675344
IND712103AAA,IND712310AAE,76,76,1.0,2.850389321468298,0.05551416341616631
IND712124AAA,IND712103AAA,49,49,1.0,2.888888888888889,0.035792026413054595
IND712124AAA,IND712310AAE,5,5,1.0,5.076923076923077,0.003652247593168836
IND712310AAE,IND711303AAA,90,90,1.0,2.1096096096096097,0.06574045667703905
IND712310AAE,IND711409AAA,2,0,0.0,1.1875,0.0
IND712310AAE,IND712103AAA,3,3,1.0,3.238095238095238,0.0021913485559013016
IND712310AAE,IND712124AAA,60,60,1.0,3.1315789473684212,0.04382697111802603
IND712311AAA,IND000000ACB,658,656,0.9969604863221885,1.9296020685356337,0.47917488422375126
IND712311AAA,IND421302AAG,374,374,1.0,2.1556319179482264,0.2731881199690289
IND712311AAA,IND700026AAC,85,85,1.0,2.3333333333333335,0.062088209083870215
IND712311AAA,IND700028AAB,46,46,1.0,3.1146616541353387,0.03360067785715329
IND712311AAA,IND700053AAA,43,43,1.0,2.888888888888889,0.03140932930125199
IND712311AAA,IND700065AAA,58,58,1.0,3.301948051948052,0.042366072080758495
IND712311AAA,IND700088AAA,83,83,1.0,3.5357142857142856,0.060627310046602684
IND712311AAA,IND712310AAE,1,1,1.0,1.6666666666666667,0.0007304495186337672
IND712311AAA,IND712410AAC,17,16,0.9411764705882353,3.8421052631578947,0.011687192298140275
IND712311AAA,IND713103AAA,21,21,1.0,2.2758620689655173,0.015339439891309111
IND712311AAA,IND713145AAB,12,12,1.0,1.6581081081081082,0.008765394223605207
IND712311AAA,IND713205AAB,75,75,1.0,2.0980392156862746,0.05478371389753254
IND712311AAA,IND721306AAA,68,68,1.0,1.9160798122065728,0.04967056726709618
IND712311AAA,IND732103AAB,36,36,1.0,2.9649296790479625,0.026296182670815616
IND712311AAA,IND742101AAC,64,64,1.0,2.6090706589307917,0.0467487691925611
IND712311AAA,IND742102AAB,24,24,1.0,2.9450362822294274,0.017530788447210413
IND712311AAA,IND743235AAA,20,20,1.0,2.3885918003565063,0.014608990372675344
IND712311AAA,IND751002AAB,456,453,0.993421052631579,1.7640737539613944,0.33089363194109656
IND712311AAA,IND781018AAB,203,202,0.9950738916256158,2.5789473684210527,0.14755080276402097
IND712311AAA,IND821115AAB,23,21,0.9130434782608695,1.6878048780487804,0.015339439891309111
IND712311AAA,IND826004AAA,76,73,0.9605263157894737,1.7581303831303832,0.05332281486026501
IND712311AAA,IND834002AAB,169,166,0.9822485207100592,2.329896907216495,0.12125462009320537
IND712406AAA,IND712602AAA,3,3,1.0,2.3225806451612905,0.0021913485559013016
IND712406AAA,IND712612AAA,2,2,1.0,2.5783625730994153,0.0014608990372675344
IND712410AAC,IND712406AAA,12,8,0.6666666666666666,1.267650834403081,0.005843596149070138
IND712602AAA,IND712311AAA,2,2,1.0,5.206896551724138,0.0014608990372675344
IND712602AAA,IND722154AAA,4,4,1.0,3.1153846153846154,0.002921798074535069
IND712612AAA,IND722154AAA,3,3,1.0,1.6842105263157894,0.0021913485559013016
IND713103AAA,IND713205AAB,15,15,1.0,1.875,0.010956742779506508
IND713128AAB,IND731204AAB,13,13,1.0,2.888888888888889,0.009495843742238974
IND713128AAB,IND731301AAA,6,6,1.0,3.9536796536796537,0.004382697111802603
IND713130AAA,IND741123AAB,84,84,1.0,2.3333333333333335,0.061357759565236446
IND713130AAA,IND741126AAB,4,4,1.0,3.9761904761904763,0.002921798074535069
IND713145AAB,IND741101AAB,2,2,1.0,2.131074168797954,0.0014608990372675344
IND713145AAB,IND741316AAA,3,3,1.0,1.7916666666666667,0.0021913485559013016
IND713148AAA,IND713128AAB,34,34,1.0,2.46,0.02483528363354809
IND713205AAB,IND712311AAA,83,83,1.0,2.588235294117647,0.060627310046602684
IND713205AAB,IND713148AAA,3,3,1.0,4.444444444444445,0.0021913485559013016
IND713205AAB,IND713303AAA,10,10,1.0,1.8492647058823528,0.007304495186337672
IND713205AAB,IND722101AAA,10,10,1.0,2.343225083986562,0.007304495186337672
IND713205AAB,IND722101AAB,3,2,0.6666666666666666,5.62,0.0014608990372675344
IND713205AAB,IND722101AAC,25,25,1.0,1.8,0.018261237965844182
IND713205AAB,IND722122AAA,6,6,1.0,1.826271186440678,0.004382697111802603
IND713205AAB,IND722143AAB,10,10,1.0,3.58,0.007304495186337672
IND713205AAB,IND722202AAA,8,8,1.0,2.4488636363636367,0.005843596149070138
IND713205AAB,IND723130AAA,8,6,0.75,2.598916408668731,0.004382697111802603
IND713205AAB,IND723133AAA,3,3,1.0,2.5142857142857142,0.0021913485559013016
IND713303AAA,IND713364AAB,6,6,1.0,4.166666666666666,0.004382697111802603
IND713364AAB,IND712311AAA,52,50,0.9615384615384616,1.782269367991845,0.036522475931688364
IND721102AAA,IND712311AAA,20,20,1.0,7.73804347826087,0.014608990372675344
IND721133AAA,IND721434AAB,4,4,1.0,2.935483870967742,0.002921798074535069
IND721134AAB,IND712310AAE,4,4,1.0,3.2511773940345368,0.002921798074535069
IND721134AAB,IND721139AAC,32,27,0.84375,1.625,0.019722137003111716
IND721139AAC,IND721602AAB,12,9,0.75,2.0734126984126986,0.006574045667703904
IND721139AAC,IND721636AAB,3,3,1.0,2.857142857142857,0.0021913485559013016
IND721212AAA,IND712310AAE,80,80,1.0,2.066397652237711,0.05843596149070138
IND721253AAC,IND721306AAA,31,31,1.0,2.15,0.022643935077646785
IND721253AAC,IND721501AAC,3,3,1.0,1.7808219178082192,0.0021913485559013016
IND721306AAA,IND721102AAA,5,5,1.0,2.0,0.003652247593168836
IND721306AAA,IND721133AAA,2,2,1.0,2.167763157894737,0.0014608990372675344
IND721306AAA,IND721253AAC,3,3,1.0,3.238095238095238,0.0021913485559013016
IND721306AAA,IND721507AAA,26,26,1.0,2.0869565217391304,0.018991687484477947
IND721401AAA,IND721306AAA,8,8,1.0,1.9181481481481482,0.005843596149070138
IND721434AAB,IND721401AAA,4,4,1.0,2.3966666666666665,0.002921798074535069
IND721501AAC,IND721253AAC,20,20,1.0,1.8591723874904653,0.014608990372675344
IND721501AAC,IND721306AAA,4,4,1.0,1.7327505827505827,0.002921798074535069
IND721602AAB,IND721139AAC,26,26,1.0,1.7404761904761905,0.018991687484477947
IND721636AAB,IND721602AAB,9,6,0.6666666666666666,1.75,0.004382697111802603
IND722101AAA,IND722122AAA,27,27,1.0,1.8095238095238095,0.019722137003111716
IND722101AAB,IND713205AAB,5,5,1.0,1.6129032258064515,0.003652247593168836
IND722122AAA,IND713205AAB,49,49,1.0,1.826086956521739,0.035792026413054595
IND722140AAA,IND722151AAA,18,3,0.16666666666666666,0.9653679653679654,0.0021913485559013016
IND722140AAA,IND723130AAA,1,1,1.0,19.130434782608695,0.0007304495186337672
IND722143AAB,IND723133AAA,20,20,1.0,1.5238095238095237,0.014608990372675344
IND722151AAA,IND723130AAA,10,10,1.0,14.207738095238096,0.007304495186337672
IND722154AAA,IND712311AAA,3,3,1.0,5.833333333333333,0.0021913485559013016
IND722154AAA,IND712602AAA,2,2,1.0,2.0357142857142856,0.0014608990372675344
IND722202AAA,IND713205AAB,2,2,1.0,2.7279411764705883,0.0014608990372675344
IND722202AAA,IND722101AAC,15,15,1.0,1.5517241379310345,0.010956742779506508
IND723101AAA,IND723202AAA,28,28,1.0,1.889328063241107,0.020452586521745482
IND723130AAA,IND723101AAA,30,30,1.0,1.7182539682539684,0.021913485559013016
IND723130AAA,IND723131AAA,11,3,0.2727272727272727,1.0816326530612246,0.0021913485559013016
IND723131AAA,IND722140AAA,12,10,0.8333333333333334,1.333165322580645,0.007304495186337672
IND723133AAA,IND723130AAA,26,13,0.5,1.2242424242424241,0.009495843742238974
IND723202AAA,IND713205AAB,98,98,1.0,1.9506944444444443,0.07158405282610919
IND731204AAB,IND731301AAA,13,13,1.0,2.4285714285714284,0.009495843742238974
IND731224AAA,IND742147AAA,33,33,1.0,2.125,0.02410483411491432
IND731237AAB,IND731224AAA,45,45,1.0,2.789473684210526,0.032870228338519526
IND731301AAA,IND713205AAB,55,55,1.0,1.8644067796610169,0.040174723524857195
IND732103AAA,IND732138AAA,4,4,1.0,2.518378378378378,0.002921798074535069
IND732103AAB,IND732123AAC,5,5,1.0,1.6470588235294117,0.003652247593168836
IND732103AAB,IND732202AAA,24,24,1.0,3.25,0.017530788447210413
IND732103AAB,IND733128AAA,36,36,1.0,1.660919540229885,0.026296182670815616
IND732123AAC,IND732139AAA,2,2,1.0,1.3550420168067228,0.0014608990372675344
IND732138AAA,IND733102AAA,4,4,1.0,1.582258064516129,0.002921798074535069
IND732138AAA,IND733124AAA,10,10,1.0,1.9398148148148149,0.007304495186337672
IND732138AAA,IND733140AAA,9,9,1.0,2.659090909090909,0.006574045667703904
IND732139AAA,IND732103AAB,6,6,1.0,4.959183673469388,0.004382697111802603
IND732139AAA,IND732123AAC,2,2,1.0,1.304953560371517,0.0014608990372675344
IND732202AAA,IND732204AAB,22,22,1.0,3.066666666666667,0.01606988940994288
IND732204AAB,IND732123AAC,6,5,0.8333333333333334,1.717204301075269,0.003652247593168836
IND732204AAB,IND732139AAA,12,4,0.3333333333333333,0.6896551724137931,0.002921798074535069
IND733102AAA,IND732103AAB,9,9,1.0,3.411764705882353,0.006574045667703904
IND733128AAA,IND733129AAB,8,8,1.0,2.4992248062015503,0.005843596149070138
IND733128AAA,IND733134AAA,15,15,1.0,1.8333333333333333,0.010956742779506508
IND733129AAA,IND732103AAB,24,24,1.0,4.535885167464115,0.017530788447210413
IND733129AAB,IND733129AAA,15,15,1.0,2.0,0.010956742779506508
IND733134AAA,IND733129AAB,9,9,1.0,1.5238095238095237,0.006574045667703904
IND733140AAA,IND732103AAA,3,3,1.0,3.257142857142857,0.0021913485559013016
IND733140AAA,IND733102AAA,26,26,1.0,1.720909090909091,0.018991687484477947
IND733201AAA,IND733202AAB,3,3,1.0,2.0,0.0021913485559013016
IND733202AAB,IND733210AAA,1,1,1.0,1.3225806451612903,0.0007304495186337672
IND733202AAC,IND733210AAA,1,1,1.0,2.1538461538461537,0.0007304495186337672
IND734214AAB,IND000000AFF,3,3,1.0,3.1794871794871793,0.0021913485559013016
IND735224AAA,IND736146AAA,24,23,0.9583333333333334,1.3475177304964538,0.016800338928576644
IND736135AAA,IND736101AAA,6,6,1.0,2.0890269151138714,0.004382697111802603
IND736135AAA,IND736165AAA,10,10,1.0,2.4768421052631577,0.007304495186337672
IND736146AAA,IND736135AAA,16,15,0.9375,1.6086226203807392,0.010956742779506508
IND741101AAB,IND741502AAB,1,1,1.0,2.6666666666666665,0.0007304495186337672
IND741121AAA,IND741201AAC,1,1,1.0,2.789473684210526,0.0007304495186337672
IND741123AAB,IND741126AAB,53,53,1.0,2.4285714285714284,0.038713824487589664
IND741126AAB,IND741156AAA,60,60,1.0,2.375,0.04382697111802603
IND741156AAA,IND742101AAC,38,38,1.0,2.5753676470588234,0.027757081708083154
IND741156AAA,IND742102AAB,65,65,1.0,2.5652173913043477,0.04747921871119487
IND741165AAB,IND742121AAB,30,14,0.4666666666666667,0.9240472356414385,0.010226293260872741
IND741201AAC,IND712311AAA,4,4,1.0,15.271929824561404,0.002921798074535069
IND742101AAC,IND712311AAA,53,53,1.0,3.013793103448276,0.038713824487589664
IND742101AAC,IND713130AAA,21,21,1.0,1.6551724137931034,0.015339439891309111
IND742101AAC,IND731237AAB,28,28,1.0,2.761904761904762,0.020452586521745482
IND742101AAC,IND741123AAB,10,10,1.0,2.4572772406584793,0.007304495186337672
IND742101AAC,IND742202AAA,4,4,1.0,2.257017543859649,0.002921798074535069
IND742101AAC,IND742303AAB,28,28,1.0,3.1403940886699506,0.020452586521745482
IND742102AAB,IND712311AAA,32,32,1.0,2.7418450560652396,0.02337438459628055
IND742102AAB,IND713130AAA,89,89,1.0,1.7391304347826086,0.06501000715840528
IND742102AAB,IND731237AAB,44,44,1.0,2.8079877112135176,0.03213977881988576
IND742102AAB,IND742121AAB,4,3,0.75,2.568907113567481,0.0021913485559013016
IND742102AAB,IND742303AAB,47,47,1.0,2.4285714285714284,0.03433112737578706
IND742121AAA,IND742101AAC,11,11,1.0,3.6923076923076925,0.00803494470497144
IND742121AAA,IND742102AAB,25,25,1.0,4.142857142857143,0.018261237965844182
IND742121AAB,IND742101AAC,4,4,1.0,3.400326797385621,0.002921798074535069
IND742121AAB,IND742121AAA,32,32,1.0,3.3038461538461537,0.02337438459628055
IND742137AAA,IND742401AAA,18,18,1.0,2.0172413793103448,0.013148091335407808
IND742147AAA,IND742137AAA,5,5,1.0,1.9333333333333333,0.003652247593168836
IND742148AAA,IND742225AAA,48,48,1.0,3.5357142857142856,0.035061576894420826
IND742149AAA,IND742148AAA,44,44,1.0,2.857142857142857,0.03213977881988576
IND742149AAA,IND742225AAA,5,5,1.0,4.1,0.003652247593168836
IND742202AAA,IND712311AAA,20,20,1.0,3.011173184357542,0.014608990372675344
IND742202AAA,IND732103AAA,2,2,1.0,3.537581699346405,0.0014608990372675344
IND742223AAA,IND742226AAA,65,27,0.4153846153846154,1.1555555555555554,0.019722137003111716
IND742225AAA,IND742223AAA,32,32,1.0,4.619047619047619,0.02337438459628055
IND742226AAA,IND742101AAC,17,17,1.0,2.526315789473684,0.012417641816774044
IND742226AAA,IND742102AAB,39,39,1.0,3.0,0.028487531226716923
IND742303AAB,IND741165AAB,72,72,1.0,2.810810810810811,0.05259236534163123
IND742401AAA,IND742101AAC,25,24,0.96,2.7540983606557377,0.017530788447210413
IND742401AAA,IND742102AAB,56,56,1.0,2.7230501738698463,0.040905173043490964
IND743235AAA,IND743270AAA,6,6,1.0,2.1,0.004382697111802603
IND743270AAA,IND712311AAA,5,5,1.0,15.35135135135135,0.003652247593168836
IND743347AAA,IND700053AAA,49,49,1.0,3.7777777777777777,0.035792026413054595
IND743395AAA,IND700053AAA,7,7,1.0,3.2363636363636363,0.0051131466304363705
IND743513AAA,IND743347AAA,62,62,1.0,2.0884615384615386,0.04528787015529357
IND751002AAB,IND530012AAA,176,176,1.0,1.544038538739462,0.12855911527954303
IND751002AAB,IND562132AAA,706,706,1.0,2.3413528268714723,0.5156973601554397
IND751002AAB,IND712311AAA,420,420,1.0,1.92776886035313,0.30678879782618224
IND751002AAB,IND754103AAA,11,11,1.0,8.547619047619047,0.00803494470497144
IND751002AAB,IND756100AAC,60,58,0.9666666666666667,1.7486215538847119,0.042366072080758495
IND751002AAB,IND760003AAB,96,84,0.875,1.7873031077054065,0.061357759565236446
IND751014AAA,IND751002AAB,9,9,1.0,2.5,0.006574045667703904
IND751015AAA,IND751002AAB,6,6,1.0,2.0,0.004382697111802603
IND751015AAA,IND752050AAA,2,2,1.0,1.5681818181818183,0.0014608990372675344
IND751015AAA,IND752055AAA,6,6,1.0,1.973684210526316,0.004382697111802603
IND751015AAA,IND752056AAA,18,18,1.0,2.0,0.013148091335407808
IND751021AAA,IND751002AAB,1,1,1.0,3.2,0.0007304495186337672
IND752030AAA,IND754022AAA,2,2,1.0,1.690909090909091,0.0014608990372675344
IND752050AAA,IND751002AAB,6,6,1.0,2.4,0.004382697111802603
IND752050AAA,IND752056AAA,1,1,1.0,2.3333333333333335,0.0007304495186337672
IND752055AAA,IND751002AAB,4,4,1.0,1.9615384615384617,0.002921798074535069
IND752055AAA,IND752050AAA,1,0,0.0,1.0,0.0
IND752056AAA,IND751002AAB,3,3,1.0,2.0,0.0021913485559013016
IND754022AAA,IND751002AAB,6,6,1.0,2.2413273001508296,0.004382697111802603
IND754103AAA,IND754142AAA,3,3,1.0,2.185185185185185,0.0021913485559013016
IND754142AAA,IND754211AAA,4,4,1.0,2.9696296296296296,0.002921798074535069
IND754160AAA,IND754142AAA,2,2,1.0,2.0,0.0014608990372675344
IND754202AAA,IND751002AAB,2,2,1.0,2.629032258064516,0.0014608990372675344
IND754211AAA,IND754202AAA,2,2,1.0,2.606060606060606,0.0014608990372675344
IND756019AAA,IND756029AAA,1,1,1.0,1.3157894736842106,0.0007304495186337672
IND756019AAA,IND756032AAA,3,3,1.0,1.5277777777777777,0.0021913485559013016
IND756019AAA,IND757001AAA,3,3,1.0,2.484848484848485,0.0021913485559013016
IND756019AAA,IND757025AAA,16,16,1.0,2.1026315789473684,0.011687192298140275
IND756019AAA,IND757041AAA,2,1,0.5,1.2869791666666668,0.0007304495186337672
IND756029AAA,IND712311AAA,8,8,1.0,1.7679824561403508,0.005843596149070138
IND756032AAA,IND712311AAA,63,63,1.0,2.514018691588785,0.04601831967392733
IND756045AAB,IND756019AAA,1,1,1.0,1.6875,0.0007304495186337672
IND756100AAC,IND756045AAB,2,1,0.5,1.4147286821705427,0.0007304495186337672
IND756100AAC,IND757037AAA,4,3,0.75,1.5196078431372548,0.0021913485559013016
IND756100AAC,IND758001AAA,21,21,1.0,2.3333333333333335,0.015339439891309111
IND756100AAC,IND758034AAA,81,81,1.0,2.707317073170732,0.05916641100933514
IND757001AAA,IND757041AAA,5,5,1.0,1.9130434782608696,0.003652247593168836
IND757024AAA,IND756019AAA,2,2,1.0,2.0414123801220576,0.0014608990372675344
IND757025AAA,IND757001AAA,11,11,1.0,2.066666666666667,0.00803494470497144
IND757037AAA,IND756100AAC,59,59,1.0,2.347826086956522,0.04309652159939227
IND757037AAA,IND758001AAA,2,2,1.0,1.6604761904761904,0.0014608990372675344
IND757041AAA,IND756019AAA,7,5,0.7142857142857143,1.3448275862068966,0.003652247593168836
IND757041AAA,IND757001AAA,2,2,1.0,1.989648033126294,0.0014608990372675344
IND758001AAA,IND757037AAA,6,6,1.0,1.962962962962963,0.004382697111802603
IND758001AAA,IND758035AAA,9,9,1.0,2.1153846153846154,0.006574045667703904
IND758034AAA,IND756100AAC,7,7,1.0,2.0120481927710845,0.0051131466304363705
IND758034AAA,IND757037AAA,6,6,1.0,1.924074074074074,0.004382697111802603
IND758034AAA,IND758001AAA,3,3,1.0,2.0,0.0021913485559013016
IND758035AAA,IND758001AAA,3,3,1.0,1.7142857142857142,0.0021913485559013016
IND759122AAC,IND767017AAA,14,14,1.0,1.7347799259563965,0.010226293260872741
IND760003AAB,IND754022AAA,5,5,1.0,2.76,0.003652247593168836
IND760003AAB,IND761020AAA,1,1,1.0,2.5,0.0007304495186337672
IND761200AAA,IND532001AAB,36,35,0.9722222222222222,1.9883720930232558,0.02556573315218185
IND762001AAA,IND759122AAC,11,7,0.6363636363636364,1.9898989898989898,0.0051131466304363705
IND764001AAC,IND764059AAA,35,34,0.9714285714285714,1.9,0.02483528363354809
IND764020AAC,IND764001AAC,2,2,1.0,2.25,0.0014608990372675344
IND764059AAA,IND764071AAB,6,6,1.0,1.8055555555555554,0.004382697111802603
IND764071AAB,IND530012AAA,28,28,1.0,2.268602540834846,0.020452586521745482
IND764071AAB,IND764073AAA,6,6,1.0,1.7222222222222223,0.004382697111802603
IND767001AAA,IND762001AAA,9,9,1.0,2.2,0.006574045667703904
IND767001AAA,IND767017AAA,9,9,1.0,1.8571428571428572,0.006574045667703904
IND767017AAA,IND767001AAA,6,6,1.0,2.4549632352941178,0.004382697111802603
IND767017AAA,IND768004AAD,8,8,1.0,2.1778026279004754,0.005843596149070138
IND768004AAD,IND768028AAA,4,4,1.0,2.59047619047619,0.002921798074535069
IND768004AAD,IND768028AAB,2,2,1.0,2.546875,0.0014608990372675344
IND768028AAA,IND767001AAA,4,2,0.5,1.4799616490891658,0.0014608990372675344
IND768028AAB,IND767001AAA,4,2,0.5,1.548955108359133,0.0014608990372675344
IND768201AAA,IND770001AAA,2,2,1.0,3.0,0.0014608990372675344
IND768216AAA,IND770001AAA,10,8,0.8,2.057563025210084,0.005843596149070138
IND770001AAA,IND770017AAB,18,17,0.9444444444444444,1.4777667984189722,0.012417641816774044
IND781001AAA,IND781018AAB,20,14,0.7,2.2698412698412698,0.010226293260872741
IND781003AAA,IND781018AAB,6,6,1.0,2.853736089030207,0.004382697111802603
IND781005AAA,IND781018AAB,20,11,0.55,1.2547092547092547,0.00803494470497144
IND781014AAA,IND781102AAA,8,8,1.0,2.4642857142857144,0.005843596149070138
IND781014AAA,IND781124AAA,30,30,1.0,2.2928571428571427,0.021913485559013016
IND781018AAA,IND781018AAB,2,1,0.5,1.0629084967320261,0.0007304495186337672
IND781018AAB,IND110037AAM,1137,1137,1.0,2.4316702819956615,0.8305211026865933
IND781018AAB,IND712311AAA,149,149,1.0,2.764705882352941,0.10883697827643131
IND781018AAB,IND781003AAA,14,10,0.7142857142857143,2.0555555555555554,0.007304495186337672
IND781018AAB,IND781005AAA,12,3,0.25,0.9891774891774892,0.0021913485559013016
IND781018AAB,IND781022AAA,18,4,0.2222222222222222,0.9479729729729729,0.002921798074535069
IND781018AAB,IND781102AAA,3,3,1.0,2.0625,0.0021913485559013016
IND781018AAB,IND781354AAA,16,16,1.0,1.6574074074074074,0.011687192298140275
IND781018AAB,IND784001AAA,24,24,1.0,2.0041322314049586,0.017530788447210413
IND781018AAB,IND784125AAA,12,12,1.0,1.9605263157894737,0.008765394223605207
IND781018AAB,IND784168AAB,8,8,1.0,2.4340528660886322,0.005843596149070138
IND781018AAB,IND785001AAA,24,24,1.0,2.5484329929055898,0.017530788447210413
IND781018AAB,IND785612AAB,20,20,1.0,2.1033723522853958,0.014608990372675344
IND781018AAB,IND785621AAA,11,11,1.0,2.1231884057971016,0.00803494470497144
IND781018AAB,IND788026AAC,91,91,1.0,2.8846153846153846,0.06647090619567281
IND781018AAB,IND793001AAA,29,29,1.0,2.206896551724138,0.021183036040379247
IND781022AAA,IND781018AAB,24,6,0.25,0.8943014705882353,0.004382697111802603
IND781102AAA,IND781018AAB,3,3,1.0,1.9411764705882353,0.0021913485559013016
IND781124AAA,IND781018AAB,16,16,1.0,4.880208333333334,0.011687192298140275
IND781335AAA,IND000000AET,12,12,1.0,1.821206743566992,0.008765394223605207
IND781354AAA,IND781335AAA,2,2,1.0,3.1333333333333333,0.0014608990372675344
IND783129AAA,IND794101AAA,4,4,1.0,2.3152841781874036,0.002921798074535069
IND783301AAA,IND783348AAA,22,22,1.0,1.9545454545454546,0.01606988940994288
IND783348AAA,IND783129AAA,30,30,1.0,1.773621041879469,0.021913485559013016
IND783370AAB,IND783301AAA,6,6,1.0,2.1107142857142858,0.004382697111802603
IND783370AAC,IND783301AAA,24,24,1.0,2.1766917293233083,0.017530788447210413
IND784001AAA,IND784101AAA,3,3,1.0,2.0,0.0021913485559013016
IND784001AAA,IND784168AAB,4,4,1.0,2.191447368421053,0.002921798074535069
IND784001AAA,IND790114AAA,4,4,1.0,2.178737541528239,0.002921798074535069
IND784001AAA,IND791111AAC,15,15,1.0,2.588235294117647,0.010956742779506508
IND784101AAA,IND790114AAA,3,3,1.0,1.28125,0.0021913485559013016
IND784110AAA,IND781018AAB,7,3,0.42857142857142855,1.0,0.0021913485559013016
IND784110AAA,IND784001AAA,4,4,1.0,2.595,0.002921798074535069
IND784125AAA,IND784110AAA,9,9,1.0,2.5833333333333335,0.006574045667703904
IND784168AAB,IND784176AAA,17,17,1.0,2.2564102564102564,0.012417641816774044
IND784168AAB,IND791111AAC,4,4,1.0,3.4469565217391303,0.002921798074535069
IND784176AAA,IND781018AAB,32,32,1.0,1.9176065162907268,0.02337438459628055
IND785001AAA,IND785112AAC,9,9,1.0,2.0,0.006574045667703904
IND785001AAA,IND785682AAA,33,33,1.0,1.75,0.02410483411491432
IND785001AAA,IND798601AAA,7,7,1.0,3.129032258064516,0.0051131466304363705
IND785112AAC,IND785001AAA,2,2,1.0,15.085526315789474,0.0014608990372675344
IND785112AAC,IND785634AAA,6,6,1.0,2.273706896551724,0.004382697111802603
IND785612AAB,IND781018AAB,9,9,1.0,2.198529411764706,0.006574045667703904
IND785612AAB,IND785621AAA,2,2,1.0,1.6654040404040404,0.0014608990372675344
IND785621AAA,IND785001AAA,6,6,1.0,1.8908268733850129,0.004382697111802603
IND785634AAA,IND785001AAA,3,3,1.0,31.2,0.0021913485559013016
IND785675AAA,IND785612AAB,7,7,1.0,2.2285714285714286,0.0051131466304363705
IND785682AAA,IND785690AAB,10,10,1.0,2.625874125874126,0.007304495186337672
IND785682AAA,IND786001AAB,30,30,1.0,2.3205686475409837,0.021913485559013016
IND785690AAB,IND785682AAA,70,70,1.0,4.209375,0.0511314663043637
IND786001AAB,IND785675AAA,6,6,1.0,2.1222222222222222,0.004382697111802603
IND786001AAB,IND786125AAA,5,5,1.0,2.5454545454545454,0.003652247593168836
IND786001AAB,IND786171AAA,89,72,0.8089887640449438,2.4150943396226414,0.05259236534163123
IND786001AAB,IND786184AAA,29,29,1.0,2.230769230769231,0.021183036040379247
IND786001AAB,IND786190AAA,7,7,1.0,1.8837209302325582,0.0051131466304363705
IND786001AAB,IND786602AAA,48,47,0.9791666666666666,1.5,0.03433112737578706
IND786001AAB,IND792103AAB,10,10,1.0,2.288157894736842,0.007304495186337672
IND786125AAA,IND786190AAA,20,20,1.0,2.1714285714285717,0.014608990372675344
IND786171AAA,IND786181AAC,21,21,1.0,2.25,0.015339439891309111
IND786181AAC,IND786001AAB,106,106,1.0,2.6142241379310347,0.07742764897517933
IND786181AAC,IND792120AAB,26,26,1.0,4.4207459207459205,0.018991687484477947
IND786181AAC,IND792121AAB,44,44,1.0,2.4833333333333334,0.03213977881988576
IND786184AAA,IND786125AAA,11,11,1.0,3.0,0.00803494470497144
IND786184AAA,IND786190AAA,9,9,1.0,1.8928571428571428,0.006574045667703904
IND786190AAA,IND786001AAB,7,7,1.0,2.4523809523809526,0.0051131466304363705
IND786190AAA,IND792103AAB,36,36,1.0,1.8075980392156863,0.026296182670815616
IND787001AAA,IND787057AAA,24,24,1.0,2.3368794326241136,0.017530788447210413
IND787057AAA,IND787059AAB,10,10,1.0,2.12,0.007304495186337672
IND787059AAB,IND791102AAA,4,4,1.0,2.1930232558139533,0.002921798074535069
IND788026AAC,IND781018AAB,149,149,1.0,2.116883116883117,0.10883697827643131
IND788026AAC,IND788121AAA,4,4,1.0,4.027380952380953,0.002921798074535069
IND788026AAC,IND788151AAA,16,16,1.0,2.5852272727272725,0.011687192298140275
IND788026AAC,IND799250AAA,4,4,1.0,3.945887445887446,0.002921798074535069
IND788121AAA,IND796081AAA,9,9,1.0,3.3863636363636362,0.006574045667703904
IND788151AAA,IND788713AAA,24,24,1.0,2.7933467741935485,0.017530788447210413
IND788151AAA,IND788806AAA,1,1,1.0,2.611111111111111,0.0007304495186337672
IND788713AAA,IND788026AAC,1,1,1.0,12.033333333333333,0.0007304495186337672
IND788713AAA,IND788806AAA,10,10,1.0,2.9230769230769234,0.007304495186337672
IND788806AAA,IND788026AAC,9,9,1.0,3.75,0.006574045667703904
IND788806AAA,IND788713AAA,1,1,1.0,4.230769230769231,0.0007304495186337672
IND790001AAB,IND784001AAA,8,8,1.0,2.4027777777777777,0.005843596149070138
IND791102AAA,IND784168AAB,10,10,1.0,2.883113311331133,0.007304495186337672
IND791109AAA,IND787001AAA,2,2,1.0,3.208931419457735,0.0014608990372675344
IND791110AAA,IND787001AAA,2,2,1.0,2.65359477124183,0.0014608990372675344
IND791125AAB,IND791102AAA,16,16,1.0,2.011904761904762,0.011687192298140275
IND792001AAA,IND786001AAB,13,13,1.0,2.05,0.009495843742238974
IND792001AAA,IND792110AAA,4,4,1.0,1.4883720930232558,0.002921798074535069
IND792103AAB,IND792001AAA,45,11,0.24444444444444444,0.6375,0.00803494470497144
IND792110AAA,IND786001AAB,26,26,1.0,2.4913461538461537,0.018991687484477947
IND792120AAB,IND786181AAC,8,8,1.0,3.088235294117647,0.005843596149070138
IND792121AAB,IND786181AAC,25,25,1.0,3.6538461538461537,0.018261237965844182
IND792130AAB,IND786001AAB,86,86,1.0,2.398148148148148,0.06281865860250398
IND793001AAA,IND781018AAB,5,4,0.8,1.9803921568627452,0.002921798074535069
IND793001AAA,IND793150AAA,4,4,1.0,2.3171497584541063,0.002921798074535069
IND793150AAA,IND781018AAB,5,4,0.8,1.870503597122302,0.002921798074535069
IND794101AAA,IND781018AAB,72,72,1.0,2.201492537313433,0.05259236534163123
IND796009AAA,IND796321AAB,13,13,1.0,4.6484375,0.009495843742238974
IND796081AAA,IND788026AAC,4,4,1.0,2.6717697489283525,0.002921798074535069
IND796321AAB,IND796009AAA,9,9,1.0,4.0,0.006574045667703904
IND798601AAA,IND785001AAA,40,40,1.0,3.7449589883800414,0.02921798074535069
IND799250AAA,IND799008AAA,5,5,1.0,2.725806451612903,0.003652247593168836
IND801103AAA,IND802301AAA,11,11,1.0,2.6666666666666665,0.00803494470497144
IND802101AAA,IND802119AAA,14,14,1.0,2.7916666666666665,0.010226293260872741
IND802101AAA,IND802158AAB,3,3,1.0,2.7346938775510203,0.0021913485559013016
IND802119AAA,IND802158AAB,32,31,0.96875,1.5472906403940887,0.022643935077646785
IND802158AAB,IND821115AAB,40,38,0.95,2.274206349206349,0.027757081708083154
IND802212AAA,IND821115AAB,14,11,0.7857142857142857,1.5804195804195804,0.00803494470497144
IND802213AAB,IND802212AAA,5,5,1.0,3.5,0.003652247593168836
IND802301AAA,IND804401AAA,20,13,0.65,1.7980769230769231,0.009495843742238974
IND803101AAA,IND805110AAD,18,18,1.0,2.1213235294117645,0.013148091335407808
IND803116AAA,IND803108AAB,26,26,1.0,2.2203463203463203,0.018991687484477947
IND803213AAA,IND803212AAB,4,4,1.0,2.5384615384615383,0.002921798074535069
IND803213AAA,IND811105AAA,6,6,1.0,1.8095813204508857,0.004382697111802603
IND804420AAA,IND803101AAA,33,33,1.0,2.3636363636363638,0.02410483411491432
IND804452AAA,IND804420AAA,6,6,1.0,2.962121212121212,0.004382697111802603
IND805110AAD,IND803116AAA,9,9,1.0,2.3333333333333335,0.006574045667703904
IND811105AAA,IND803212AAB,6,6,1.0,2.4151107251411204,0.004382697111802603
IND811201AAB,IND811213AAA,4,4,1.0,2.2628205128205128,0.002921798074535069
IND811201AAB,IND813213AAA,4,4,1.0,2.8253846153846154,0.002921798074535069
IND811213AAA,IND811201AAB,2,2,1.0,2.425,0.0014608990372675344
IND811213AAA,IND813213AAA,2,2,1.0,1.6139162561576355,0.0014608990372675344
IND811307AAA,IND811201AAB,3,3,1.0,1.9772727272727273,0.0021913485559013016
IND811307AAA,IND811213AAA,2,2,1.0,2.0431985294117645,0.0014608990372675344
IND811399AAA,IND110044AAB,76,74,0.9736842105263158,2.8395833333333336,0.05405326437889878
IND811399AAA,IND209304AAA,170,169,0.9941176470588236,1.7688747249411945,0.12344596864910665
IND812002AAA,IND813203AAA,36,36,1.0,3.5652173913043477,0.026296182670815616
IND813102AAA,IND812002AAA,34,34,1.0,2.0125,0.02483528363354809
IND813102AAA,IND813203AAA,3,3,1.0,3.7419354838709675,0.0021913485559013016
IND814101AAB,IND816107AAA,44,35,0.7954545454545454,1.3846153846153846,0.02556573315218185
IND814112AAA,IND814133AAA,6,6,1.0,2.2850877192982457,0.004382697111802603
IND814112AAA,IND814133AAB,21,21,1.0,2.263157894736842,0.015339439891309111
IND814133AAA,IND816109AAA,3,3,1.0,2.4375,0.0021913485559013016
IND814133AAB,IND816109AAA,35,33,0.9428571428571428,2.2549019607843137,0.02410483411491432
IND815301AAA,IND814112AAA,3,3,1.0,1.9433962264150944,0.0021913485559013016
IND815301AAA,IND814133AAB,24,24,1.0,2.211261261261261,0.017530788447210413
IND815301AAA,IND815353AAA,6,6,1.0,2.104761904761905,0.004382697111802603
IND815351AAA,IND814101AAB,36,4,0.1111111111111111,1.0514142215173143,0.002921798074535069
IND815353AAA,IND814112AAA,4,3,0.75,1.2564102564102564,0.0021913485559013016
IND815353AAA,IND814133AAB,32,32,1.0,2.124401913875598,0.02337438459628055
IND815353AAA,IND826004AAA,3,1,0.3333333333333333,1.12,0.0007304495186337672
IND816107AAA,IND826004AAA,64,64,1.0,1.8023485513608428,0.0467487691925611
IND816109AAA,IND826004AAA,91,77,0.8461538461538461,1.7076271186440677,0.05624461293480007
IND821109AAA,IND802213AAB,24,24,1.0,5.753787878787879,0.017530788447210413
IND821115AAB,IND000000ACB,257,252,0.980544747081712,1.8937823834196892,0.18407327869570933
IND821115AAB,IND209304AAA,240,231,0.9625,1.7732249502322495,0.16873383880440024
IND821115AAB,IND802101AAA,24,23,0.9583333333333334,2.2,0.016800338928576644
IND821115AAB,IND821109AAA,18,18,1.0,2.2660714285714283,0.013148091335407808
IND821115AAB,IND824101AAA,2,2,1.0,1.9411764705882353,0.0014608990372675344
IND821307AAA,IND824101AAA,15,15,1.0,1.9,0.010956742779506508
IND824101AAA,IND821115AAB,14,14,1.0,1.989463601532567,0.010226293260872741
IND824101AAA,IND821307AAA,8,8,1.0,1.9411764705882353,0.005843596149070138
IND825102AAA,IND827013AAA,5,5,1.0,2.125,0.003652247593168836
IND825301AAA,IND825409AAA,42,42,1.0,2.3292682926829267,0.030678879782618223
IND825409AAA,IND000000ACB,614,610,0.993485342019544,1.831159420289855,0.445574206366598
IND826001AAC,IND828111AAA,3,3,1.0,2.4444444444444446,0.0021913485559013016
IND826004AAA,IND209304AAA,96,96,1.0,1.8313832695462002,0.07012315378884165
IND826004AAA,IND814112AAA,16,14,0.875,1.4510567296996664,0.010226293260872741
IND826004AAA,IND815301AAA,15,15,1.0,1.7872340425531914,0.010956742779506508
IND826004AAA,IND815351AAA,22,16,0.7272727272727273,3.0107655502392348,0.011687192298140275
IND826004AAA,IND815353AAA,12,12,1.0,1.8419972640218878,0.008765394223605207
IND826004AAA,IND821115AAB,52,52,1.0,1.8798008534850639,0.037983374968955895
IND826004AAA,IND828111AAA,4,4,1.0,2.409090909090909,0.002921798074535069
IND826004AAA,IND828205AAA,4,4,1.0,2.705769230769231,0.002921798074535069
IND826004AAA,IND828401AAB,9,0,0.0,0.8055555555555556,0.0
IND827013AAA,IND829121AAA,14,14,1.0,1.9333333333333333,0.010226293260872741
IND828111AAA,IND826004AAA,14,14,1.0,6.136363636363637,0.010226293260872741
IND828401AAB,IND826004AAA,24,24,1.0,2.9930069930069934,0.017530788447210413
IND829121AAA,IND834002AAB,57,57,1.0,7.236363636363636,0.04163562256212473
IND829122AAA,IND825301AAA,42,42,1.0,1.7672672672672673,0.030678879782618223
IND832109AAB,IND834002AAB,106,106,1.0,2.5485849056603773,0.07742764897517933
IND834002AAB,IND000000ACB,470,463,0.9851063829787234,1.9321710792562141,0.3381981271274342
IND834002AAB,IND781018AAB,33,32,0.9696969696969697,2.7804878048780486,0.02337438459628055
IND834002AAB,IND825102AAA,17,17,1.0,2.317073170731707,0.012417641816774044
IND834002AAB,IND826004AAA,287,286,0.9965156794425087,2.338582677165354,0.20890856232925742
IND834002AAB,IND827013AAA,169,169,1.0,4.363636363636363,0.12344596864910665
IND834002AAB,IND829122AAA,28,28,1.0,1.984375,0.020452586521745482
IND834002AAB,IND832109AAB,70,69,0.9857142857142858,2.0344827586206895,0.05040101678572994
IND841101AAA,IND841207AAB,3,3,1.0,2.611111111111111,0.0021913485559013016
IND841226AAB,IND841428AAA,4,4,1.0,2.519607843137255,0.002921798074535069
IND841301AAC,IND841226AAB,5,4,0.8,2.0,0.002921798074535069
IND841405AAA,IND841301AAC,9,8,0.8888888888888888,1.8214285714285714,0.005843596149070138
IND841424AAA,IND841226AAB,9,9,1.0,2.3488372093023258,0.006574045667703904
IND841424AAA,IND841428AAA,24,24,1.0,3.5973084886128364,0.017530788447210413
IND842001AAA,IND843105AAB,39,39,1.0,2.875,0.028487531226716923
IND842001AAA,IND843109AAB,30,30,1.0,3.585714285714286,0.021913485559013016
IND842001AAA,IND843126AAA,9,9,1.0,3.142857142857143,0.006574045667703904
IND842001AAA,IND843301AAA,18,18,1.0,3.4456521739130435,0.013148091335407808
IND842001AAA,IND843320AAA,3,3,1.0,5.375,0.0021913485559013016
IND842001AAA,IND843329AAB,39,35,0.8974358974358975,1.3225806451612903,0.02556573315218185
IND842001AAA,IND845401AAA,16,16,1.0,2.074453551912568,0.011687192298140275
IND842001AAA,IND845412AAB,43,43,1.0,2.235294117647059,0.03140932930125199
IND842001AAA,IND845418AAB,37,36,0.972972972972973,1.8875,0.026296182670815616
IND842001AAA,IND845438AAA,30,30,1.0,2.3205128205128203,0.021913485559013016
IND842001AAA,IND846004AAA,66,66,1.0,2.1100000000000003,0.04820966822982864
IND842001AAA,IND847212AAA,88,88,1.0,1.8344748858447488,0.06427955763977151
IND842001AAA,IND848101AAA,3,3,1.0,3.891891891891892,0.0021913485559013016
IND842001AAA,IND848114AAA,79,79,1.0,2.0625,0.057705511972067615
IND842001AAA,IND854326AAB,209,207,0.9904306220095693,1.7252747252747254,0.1512030503571898
IND842003AAB,IND480661AAA,14,14,1.0,1.6690775681341719,0.010226293260872741
IND842003AAB,IND480886AAA,31,31,1.0,2.238095238095238,0.022643935077646785
IND842003AAB,IND482002AAA,4,4,1.0,23.1875,0.002921798074535069
IND842003AAB,IND483225AAA,6,6,1.0,2.8380681818181817,0.004382697111802603
IND842003AAB,IND483501AAA,43,43,1.0,2.235294117647059,0.03140932930125199
IND842003AAB,IND484661AAE,10,7,0.7,1.6842105263157894,0.0051131466304363705
IND842003AAB,IND487001AAA,8,8,1.0,1.6533333333333333,0.005843596149070138
IND842003AAB,IND487001AAB,20,17,0.85,1.4118683901292597,0.012417641816774044
IND843105AAB,IND848101AAA,40,40,1.0,2.025,0.02921798074535069
IND843109AAB,IND842001AAA,4,4,1.0,2.333333333333333,0.002921798074535069
IND843109AAB,IND843126AAA,28,20,0.7142857142857143,1.6345238095238095,0.014608990372675344
IND843126AAA,IND842001AAA,31,31,1.0,2.5,0.022643935077646785
IND843126AAA,IND843109AAB,6,4,0.6666666666666666,1.488695652173913,0.002921798074535069
IND843301AAA,IND843320AAA,40,40,1.0,1.883076923076923,0.02921798074535069
IND843320AAA,IND847223AAA,8,8,1.0,2.425,0.005843596149070138
IND843329AAB,IND843301AAA,13,13,1.0,2.789473684210526,0.009495843742238974
IND844101AAB,IND841207AAB,1,1,1.0,2.611111111111111,0.0007304495186337672
IND844505AAB,IND842001AAA,16,16,1.0,11.357466063348415,0.011687192298140275
IND845305AAA,IND842001AAA,113,113,1.0,2.6534653465346536,0.0825407956056157
IND845401AAA,IND845305AAA,44,43,0.9772727272727273,2.364864864864865,0.03140932930125199
IND845412AAB,IND845401AAA,30,27,0.9,1.9615384615384617,0.019722137003111716
IND845418AAB,IND842001AAA,6,6,1.0,3.115302642796249,0.004382697111802603
IND845418AAB,IND845438AAA,37,37,1.0,2.1052631578947367,0.02702663218944939
IND845438AAA,IND845455AAB,30,30,1.0,1.7624223602484472,0.021913485559013016
IND845455AAB,IND842001AAA,119,119,1.0,2.359550561797753,0.0869234927174183
IND845455AAB,IND845418AAB,12,12,1.0,2.233695652173913,0.008765394223605207
IND846004AAA,IND847103AAA,41,41,1.0,1.75,0.029948430263984454
IND846004AAA,IND847404AAB,2,2,1.0,3.854022988505747,0.0014608990372675344
IND847103AAA,IND847404AAB,37,37,1.0,1.9696969696969697,0.02702663218944939
IND847212AAA,IND847226AAA,42,25,0.5952380952380952,1.7307692307692308,0.018261237965844182
IND847223AAA,IND842001AAA,19,19,1.0,9.953846153846154,0.013878540854041577
IND847226AAA,IND842001AAA,105,105,1.0,9.209876543209877,0.07669719945654556
IND847404AAB,IND842001AAA,46,46,1.0,8.294856459330143,0.03360067785715329
IND848101AAA,IND844505AAB,27,27,1.0,2.9411764705882355,0.019722137003111716
IND848114AAA,IND848210AAA,22,22,1.0,1.72,0.01606988940994288
IND848210AAA,IND842001AAA,12,12,1.0,4.385063559322034,0.008765394223605207
IND848210AAA,IND851127AAA,30,29,0.9666666666666667,1.8461538461538463,0.021183036040379247
IND851127AAA,IND842001AAA,80,80,1.0,3.9375,0.05843596149070138
IND851127AAA,IND851112AAB,4,4,1.0,2.269230769230769,0.002921798074535069
IND852111AAA,IND852118AAA,2,1,0.5,1.5999999999999999,0.0007304495186337672
IND852111AAA,IND854311AAA,3,3,1.0,2.8461538461538463,0.0021913485559013016
IND852111AAA,IND854326AAB,84,84,1.0,3.567418822234452,0.061357759565236446
IND852111AAA,IND854335AAA,1,1,1.0,1.5,0.0007304495186337672
IND852113AAA,IND852139AAB,25,25,1.0,2.8,0.018261237965844182
IND852113AAA,IND852201AAA,1,1,1.0,3.9411764705882355,0.0007304495186337672
IND852118A1B,IND854326AAB,3,3,1.0,1.7045454545454546,0.0021913485559013016
IND852118AAA,IND852111AAA,2,2,1.0,2.6441176470588235,0.0014608990372675344
IND852118AAA,IND854326AAB,3,3,1.0,1.9777777777777779,0.0021913485559013016
IND852131AAA,IND852139AAB,2,2,1.0,3.380952380952381,0.0014608990372675344
IND852131AAA,IND852201AAA,16,16,1.0,2.787878787878788,0.011687192298140275
IND852139AAB,IND854326AAB,84,83,0.9880952380952381,3.0889328063241104,0.060627310046602684
IND852201AAA,IND852113AAA,17,17,1.0,3.75,0.012417641816774044
IND852201AAA,IND852131AAA,2,2,1.0,2.332661290322581,0.0014608990372675344
IND852201AAA,IND854326AAB,5,5,1.0,3.6818181818181817,0.003652247593168836
IND853204AAA,IND851204AAA,33,33,1.0,1.9130434782608696,0.02410483411491432
IND854105AAA,IND853204AAA,6,6,1.0,2.1273684210526316,0.004382697111802603
IND854105AAB,IND851204AAA,20,20,1.0,1.8209523809523809,0.014608990372675344
IND854105AAB,IND853204AAA,15,15,1.0,2.4166666666666665,0.010956742779506508
IND854311AAA,IND852118A1B,6,3,0.5,1.7827380952380953,0.0021913485559013016
IND854311AAA,IND854326AAB,2,2,1.0,4.588541666666667,0.0014608990372675344
IND854311AAA,IND854334AAA,14,14,1.0,1.7777777777777777,0.010226293260872741
IND854326AAB,IND000000ACB,899,886,0.985539488320356,2.039087947882736,0.6471782735095177
IND854326AAB,IND852113AAA,4,4,1.0,2.2873070325900517,0.002921798074535069
IND854326AAB,IND852131AAA,50,50,1.0,2.041940789473684,0.036522475931688364
IND854326AAB,IND852201AAA,30,29,0.9666666666666667,2.941075514874142,0.021183036040379247
IND854326AAB,IND854105AAA,3,3,1.0,3.0,0.0021913485559013016
IND854326AAB,IND854105AAB,22,22,1.0,2.3625,0.01606988940994288
IND854326AAB,IND854311AAA,42,41,0.9761904761904762,1.4852941176470589,0.029948430263984454
IND854326AAB,IND854334AAA,3,3,1.0,3.5625,0.0021913485559013016
IND854334AAA,IND852118A1B,7,5,0.7142857142857143,1.2857142857142858,0.003652247593168836
IND854334AAA,IND852118AAA,7,7,1.0,1.3333333333333333,0.0051131466304363705
IND854334AAA,IND854335AAA,4,4,1.0,1.3563218390804597,0.002921798074535069
IND854335AAA,IND852111AAA,28,27,0.9642857142857143,1.625,0.019722137003111716
IND854335AAA,IND852118A1B,2,2,1.0,1.7986111111111112,0.0014608990372675344
IND854335AAA,IND854326AAB,4,4,1.0,2.591666666666667,0.002921798074535069
