source_center,destination_center,corridor_type,recommended_mode,avg_ftl_prob,hours_saved,extra_cost,cost_per_hour_saved
IND000000AAL,IND411033AAA,Stable,Carting,0.2871845,0.15925675675675682,7.318969189189188,45.95704030547303
IND000000AAQ,IND700028AAB,Stable,Carting,0.00010234656,0.19562499999999997,4.38132625,22.396555910543135
IND000000AAS,IND783370AAC,Stable,Carting,0.42494386,0.12638888888888894,12.90159888888889,102.07858461538459
IND000000AAZ,IND444203AAA,Congested,FTL,0.63865924,0.45416666666666666,18.38163833333333,40.47333211009174
IND000000AAZ,IND444303AAA,Stable,FTL,0.66717696,0.30583333333333346,15.993623333333332,52.29522615803812
IND000000ABA,IND683565AAA,Stable,Carting,0.031623267,0.07711538461538463,5.830776538461539,75.61106733167081
IND000000ABD,IND562132AAA,Congested,FTL,0.8956409,0.8421701388888891,76.72821795138888,91.10773988332059
IND000000ABG,IND501359AAF,Stable,Carting,0.2844207,0.27792682926829265,8.545310609756097,30.74662000877578
IND000000ACA,IND140406AAA,Stable,FTL,0.8182698,0.13083333333333336,14.7588175,112.80624840764328
IND000000ACA,IND142001AAB,Stable,FTL,0.6762194,0.1609027777777778,18.921944999999997,117.59862235649543
IND000000ACA,IND142401AAA,Stable,FTL,0.6289849,0.10229166666666671,9.50097895833333,92.8812606924643
IND000000ACA,IND143001AAA,Stable,FTL,0.85392827,0.290357142857143,34.03802,117.22811316113157
IND000000ACA,IND144001AAB,Stable,FTL,0.82438797,0.14387254901960786,17.24561656862745,119.86731788756387
IND000000ACA,IND144514AAA,Stable,Carting,0.59551316,0.20760416666666662,18.544910416666667,89.3282187656799
IND000000ACA,IND147301AAA,Stable,Carting,0.55754834,0.1258333333333334,11.246369166666666,89.37511920529795
IND000000ACA,IND152026AAA,Stable,FTL,0.8175849,0.2614285714285714,32.83816,125.61044808743172
IND000000ACA,IND160002AAC,Stable,FTL,0.7662833,0.21149339933993402,20.728198778877882,98.00872671946316
IND000000ACB,IND000000AEL,Stable,Carting,0.28135476,0.21360507246376817,13.44451829710145,62.941006700025426
IND000000ACB,IND110024AAA,Stable,Carting,0.32110226,0.22861111111111115,14.128987638888889,61.80359113001214
IND000000ACB,IND110030AAD,Stable,Carting,0.31725323,0.16209259259259265,12.06780374074074,74.45006306409228
IND000000ACB,IND110037AAK,Stable,Carting,0.18612982,0.132373417721519,9.39578411392405,70.97938752091798
IND000000ACB,IND110043AAA,Stable,Carting,0.19593838,0.1334701492537313,9.150216119402984,68.55627397260275
IND000000ACB,IND110043AAC,Stable,Carting,0.3128639,0.1861111111111112,12.623664666666667,67.82864597014922
IND000000ACB,IND110052AAA,Stable,Carting,0.28639248,0.1573214285714286,15.065119999999999,95.7601271282633
IND000000ACB,IND110064AAA,Stable,Carting,0.27442768,0.1677097902097902,13.260997517482517,79.07109955175649
IND000000ACB,IND110085AAB,Stable,Carting,0.2697549,0.17950000000000005,14.744706878787879,82.1432138094032
IND000000ACB,IND110092AAC,Stable,Carting,0.34489,0.19378571428571428,15.785758,81.4598643568006
IND000000ACB,IND110095AAB,Stable,Carting,0.27423236,0.2849718045112783,15.606795394736842,54.76610369051151
IND000000ACB,IND121002AAB,Stable,Carting,0.3872843,0.18568181818181817,16.17227982404692,87.09673344651954
IND000000ACB,IND121004AAB,Stable,Carting,0.39449835,0.17162162162162165,16.037543918918917,93.44710629921258
IND000000ACB,IND122001AAA,Stable,Carting,0.1810348,0.10095982142857143,9.087241249999998,90.00849170904264
IND000000ACB,IND122015AAC,Stable,Carting,0.16059291,0.12562500000000001,8.978396875,71.46982587064676
IND000000ACB,IND124103AAA,Stable,Carting,0.56008494,0.18560344827586212,13.647706896551721,73.53153738968878
IND000000ACB,IND124112AAA,Stable,FTL,0.7198932,0.3151428571428572,27.949706000000003,88.68900362647324
IND000000ACB,IND125001AAA,Stable,FTL,0.7317922,0.4300000000000002,35.476206,82.50280465116275
IND000000ACB,IND125005AAA,Stable,FTL,0.7081479,0.36625000000000013,35.49856,96.92439590443682
IND000000ACB,IND125033AAA,Stable,FTL,0.7882796,0.3825000000000003,32.288074583333334,84.41326688453152
IND000000ACB,IND127021AAA,Stable,FTL,0.82087314,0.3172499999999999,29.513413999999997,93.02888573680065
IND000000ACB,IND131028AAB,Stable,Carting,0.41425675,0.28521255060728756,21.675216504723345,75.99671353371893
IND000000ACB,IND160002AAC,Congested,FTL,0.9239507,0.5869397865853662,54.86776648628048,93.48108228526158
IND000000ACB,IND201001AAC,Stable,FTL,0.6446627,0.19444444444444453,21.783779305555555,112.03086499999995
IND000000ACB,IND201007AAA,Stable,Carting,0.35709766,0.19646825396825396,16.11300111111111,82.0132555039386
IND000000ACB,IND201301AAF,Stable,Carting,0.40609998,0.1858870967741936,16.60111080645161,89.30749414316699
IND000000ACB,IND201301AAM,Stable,Carting,0.4823361,0.29737664473684217,20.01557330592105,67.30714620723981
IND000000ACB,IND209304AAA,Congested,FTL,0.9541724,0.9983457249070634,83.83892921933085,83.97785168773619
IND000000ACB,IND282002AAD,Stable,FTL,0.92211735,0.40888888888888886,38.78020319444444,94.8428882472826
IND000000ACB,IND301001AAB,Stable,FTL,0.810515,0.23895833333333344,29.185869999999998,122.13790409764597
IND000000ACB,IND301705AAA,Stable,FTL,0.6663457,0.30499999999999994,15.573798333333333,51.061633879781425
IND000000ACB,IND302014AAA,Stable,FTL,0.8568969,0.4672129629629628,44.42472922222222,95.08453905150719
IND000000ACB,IND302022AAD,Stable,FTL,0.85074073,0.4142222222222221,44.50694247222222,107.44701777092277
IND000000ACB,IND328001AAA,Stable,FTL,0.81589097,0.5273499999999999,51.2826594,97.24596453967955
IND000000ACB,IND382430AAB,Congested,FTL,0.97309554,1.6151570915619402,168.73962295332134,104.47257659014544
IND000000ACB,IND390022AAA,Congested,FTL,0.9592169,1.7002207792207797,169.8247439090909,99.88393624204645
IND000000ACB,IND411033AAA,High Risk,FTL,0.97165954,2.3303772321428577,247.37840746875,106.15380379479484
IND000000ACB,IND421302AAG,High Risk,FTL,0.97637945,2.4265708101422394,235.9176953030303,97.22267090536765
IND000000ACB,IND462022AAA,Congested,FTL,0.9629009,1.3816975982532749,143.34947631004366,103.74880617239569
IND000000ACB,IND474003AAA,Congested,FTL,0.88617903,1.0848076923076926,63.73203307692308,58.74961389824498
IND000000ACB,IND501359AAE,High Risk,FTL,0.97920305,2.780193715680294,279.97805314215987,100.70451262553523
IND000000ACB,IND521225AAB,High Risk,FTL,0.9809338,3.2115561224489815,314.5347414285714,97.9384228193783
IND000000ACB,IND562132AAA,High Risk,FTL,0.98124593,3.418030546623796,361.8833963474678,105.87482803654953
IND000000ACB,IND600056AAB,High Risk,FTL,0.98256636,3.642800492610839,391.2085138275862,107.3922424851772
IND000000ACB,IND712311AAA,High Risk,FTL,0.98465854,2.822232704402516,253.99205393431166,89.99685020235897
IND000000ACB,IND751002AAB,High Risk,FTL,0.9882666,3.1024531066822987,308.64663776084404,99.48470682636831
IND000000ACB,IND821115AAB,Congested,FTL,0.9596063,1.7126578947368425,160.25641263157894,93.57175949970035
IND000000ACB,IND834002AAB,High Risk,FTL,0.97314364,2.1641975308641976,220.58959567901232,101.9267384483742
IND000000ACB,IND842001AAA,High Risk,FTL,0.9818449,1.8728576388888882,188.65246954166668,100.72974348097738
IND000000ACK,IND501359AAF,Stable,Carting,0.27454552,0.12045212765957451,7.172662074468085,59.54782380216381
IND000000ACN,IND501359AAF,Stable,Carting,0.019475067,0.10539062500000007,5.92155703125,56.1867531504818
IND000000ACT,IND000000ACB,Stable,Carting,0.31237403,0.12710191082802555,11.293575732484076,88.85449210724124
IND000000ACT,IND131028AAB,Stable,Carting,0.16333343,0.14512857142857147,10.0209766,69.04895777143417
IND000000ACT,IND160002AAC,Stable,FTL,0.91424084,0.4470952380952383,45.129149166666664,100.93855921823405
IND000000ADM,IND683511AAA,Stable,Carting,0.1817714,0.11000000000000003,6.6997349999999996,60.906681818181795
IND000000ADV,IND600044AAC,Stable,Carting,0.28817546,0.1124652777777778,10.255783125,91.19066193269526
IND000000AEL,IND000000ACB,Stable,Carting,0.3415429,0.19509803921568622,13.89492519607843,71.22021959798997
IND000000AEM,IND110037AAB,Stable,Carting,0.2242167,0.21485294117647058,10.714714019607843,49.86998996121378
IND000000AEM,IND110064AAB,Stable,Carting,0.25567585,0.19268939393939397,12.984128712121212,67.38372282288185
IND000000AET,IND000000AAS,Stable,FTL,0.7187221,0.23322916666666677,18.725093333333334,80.2862420723537
IND000000AFF,IND734203AAA,Stable,FTL,0.8497176,0.21833333333333324,9.778859999999998,44.788671755725204
IND000000AFG,IND673027AAB,Stable,Carting,0.4236357,0.1625,11.84428,72.88787692307692
IND000000AFG,IND673632AAA,Stable,Carting,0.38184953,0.19500000000000003,12.2021375,62.575064102564085
IND000000AFJ,IND695121AAA,Stable,Carting,0.07137816,0.054000000000000034,5.217239125,96.6155393518518
IND000000AFJ,IND695572AAB,Stable,Carting,0.093927436,0.11000000000000003,6.1827675,56.20697727272726
IND000000AFR,IND683511AAA,Stable,Carting,0.14651622,0.1234375,7.208492083333333,58.3979105485232
IND000000AFT,IND400072AAB,Stable,Carting,0.036537345,0.07550000000000003,6.074767999999999,80.46050331125824
IND000000AFT,IND400701AAA,Stable,Carting,0.3973713,0.1125,7.0971775,63.08602222222222
IND000000AFT,IND400706AAA,Stable,Carting,0.028916856,0.17166666666666675,5.41821,31.56238834951455
IND000000AFT,IND410206AAA,Stable,Carting,0.086471096,0.12400000000000008,5.9512599999999996,47.99403225806448
IND000000AFT,IND410206AAB,Stable,Carting,0.010223499,0.11499999999999998,6.2333775000000005,54.203282608695666
IND000000AFT,IND410209AAA,Stable,Carting,0.036417924,0.07937499999999999,5.833467499999999,73.49250393700788
IND000000AFT,IND410210AAA,Stable,Carting,0.031246126,0.12020000000000006,6.2499052,51.99588352745422
IND000000AFT,IND421302AAG,Stable,Carting,0.22156735,0.166551724137931,7.036671551724138,42.24916666666667
IND110014AAA,IND110024AAA,Stable,Carting,0.00011136874,0.08275,3.911565,47.26966767371601
IND110020AAB,IND110037AAM,Congested,Carting,0.44675562,0.3697727272727273,8.17957,22.12053349723417
IND110024AAA,IND110014AAA,Stable,Carting,0.000118013435,0.04153846153846154,3.383608846153846,81.45724999999999
IND110030AAD,IND000000ACB,Stable,Carting,0.27526215,0.19272058823529412,11.344191764705881,58.86341396413582
IND110035AAC,IND110037AAM,Stable,Carting,0.015426052,0.07291666666666667,6.542048333333333,89.71951999999999
IND110037AAK,IND000000ACB,Stable,Carting,0.24175926,0.19590395480225997,9.88326697740113,50.4495531362653
IND110037AAM,IND000000ACB,Stable,Carting,0.45703313,0.13687499999999997,12.623687708333332,92.22785540334857
IND110037AAM,IND110020AAB,Stable,Carting,0.37655655,0.18759615384615386,7.648904038461538,40.77324551512044
IND110037AAM,IND110024AAA,Stable,Carting,0.20833641,0.1272222222222222,6.954964722222222,54.667844978165945
IND110037AAM,IND110035AAC,Stable,Carting,0.023364939,0.11309027777777783,5.439300902777777,48.09698065704634
IND110037AAM,IND110064AAA,Stable,Carting,0.00021443509,0.2016666666666668,4.8209116666666665,23.905347107438
IND110037AAM,IND110085AAB,Stable,Carting,0.08235639,0.11032608695652174,6.090721304347826,55.20653793103448
IND110037AAM,IND110092AAC,Stable,Carting,0.35691646,0.12749999999999997,7.9106299999999985,62.0441568627451
IND110037AAM,IND121004AAB,Stable,Carting,0.3065158,0.1184057971014493,7.731429492753622,65.29603855569154
IND110037AAM,IND125001AAA,Congested,FTL,0.7184688,0.4689285714285717,35.057895,74.76169535415076
IND110037AAM,IND131028AAB,Stable,Carting,0.15807843,0.19899999999999995,10.600981999999998,53.271266331658296
IND110037AAM,IND201001AAC,Stable,Carting,0.16204816,0.1491379310344828,9.740468620689656,65.31181271676299
IND110037AAM,IND201007AAA,Stable,Carting,0.25908127,0.14347222222222225,8.291953055555556,57.794832526621484
IND110037AAM,IND201301AAD,Stable,Carting,0.24496783,0.19972222222222225,8.033966111111111,40.22569958275382
IND110037AAM,IND201301AAF,Stable,Carting,0.24458839,0.13533333333333342,8.621225666666666,63.703637931034436
IND110037AAM,IND202001AAB,Stable,FTL,0.797395,0.33851973684210535,32.53937819078947,96.12254367894273
IND110037AAM,IND209304AAA,Congested,FTL,0.9550725,0.83424276169265,83.91494922048997,100.58816578789298
IND110037AAM,IND226004AAC,Congested,FTL,0.91330653,0.946875,94.04428949999999,99.3207017821782
IND110037AAM,IND250002AAC,Congested,Carting,0.4762507,1.0712500000000005,23.5282775,21.9633862310385
IND110037AAM,IND282001AAA,Stable,FTL,0.9183699,0.4050000000000002,39.382742656249995,97.24133989197524
IND110037AAM,IND282001AAC,Stable,FTL,0.918705,0.40687499999999993,39.626203749999995,97.39159139784947
IND110037AAM,IND282002AAD,Stable,FTL,0.8956647,0.3856250000000003,39.499984999999995,102.43107941653152
IND110037AAM,IND421302AAG,High Risk,FTL,0.9793943,2.621696319018406,245.36181612883433,93.5889539718699
IND110037AAM,IND781018AAB,High Risk,FTL,0.98777837,4.654669117647059,333.3702019117647,71.62060148333029
IND110037AAM,IND811399AAA,Stable,Carting,0.3071497,0.17761363636363636,10.969015909090908,61.757735124760075
IND110039AAA,IND110085AAB,Stable,Carting,8.350761e-05,0.13291666666666668,4.270980000000001,32.13276489028213
IND110043AAA,IND000000ACB,Stable,Carting,0.25388622,0.26328947368421063,10.663052105263157,40.49934832583706
IND110043AAA,IND110078AAA,Stable,Carting,0.01839633,0.08113636363636362,5.833133939393939,71.89296732026145
IND110043AAC,IND000000ACB,Stable,Carting,0.33979264,0.14100000000000001,12.636455999999999,89.62025531914892
IND110044AAB,IND000000ACB,Stable,Carting,0.31279424,0.1570529801324503,14.120371335540838,89.90833108440509
IND110044AAB,IND110030AAD,Stable,Carting,0.000118227515,0.05550000000000003,4.4336926666666665,79.88635435435431
IND110044AAB,IND110037AAM,Stable,Carting,0.32489416,0.09928571428571425,7.448499999999999,75.02086330935253
IND110044AAB,IND131028AAB,Stable,Carting,0.15998054,0.1421625,10.247643,72.08400949617516
IND110044AAB,IND201007AAA,Stable,Carting,0.019550862,0.14352272727272725,5.762995,40.15388440221695
IND110044AAB,IND201301AAF,Stable,Carting,0.000111561145,0.06979166666666667,4.311951874999999,61.7831910447761
IND110052AAA,IND000000ACB,Stable,Carting,0.36122912,0.19032142857142867,15.568443499999999,81.80079151810841
IND110064AAA,IND000000ACB,Congested,Carting,0.31860757,0.45985930735930747,13.345847878787877,29.02158913652302
IND110064AAA,IND110005AAA,Stable,Carting,0.00010496049,0.08000000000000002,3.8793649999999995,48.49206249999998
IND110064AAA,IND110046AAA,Stable,Carting,8.5717285e-05,0.1125,4.75517,42.26817777777777
IND110077AAA,IND110043AAA,Stable,Carting,0.0001232772,0.05,4.12251,82.4502
IND110078AAA,IND110043AAA,Stable,Carting,0.02024938,0.11741071428571435,5.570477499999999,47.44437110266156
IND110083AAA,IND110085AAB,Stable,Carting,5.488762e-05,0.08249999999999999,4.9467075,59.96009090909091
IND110085AAB,IND000000ACB,Stable,Carting,0.34064254,0.3335714285714287,15.34909714285714,46.01442398286935
IND110085AAB,IND110039AAA,Stable,Carting,6.743341e-05,0.06642857142857146,4.399219999999999,66.22481720430102
IND110085AAB,IND110083AAA,Stable,Carting,7.539058e-05,0.13500000000000004,4.2142029999999995,31.216318518518506
IND110085AAB,IND110085AAA,Stable,Carting,7.583321e-05,0.06750000000000002,3.9938849999999997,59.168666666666645
IND110085AAB,IND110087AAA,Stable,Carting,7.583321e-05,0.07100000000000002,4.1267450000000006,58.123169014084496
IND110092AAC,IND000000ACB,Stable,Carting,0.3412839,0.20451219512195137,15.190309878048778,74.27581454979122
IND110092AAC,IND110093AAA,Stable,Carting,7.046287e-05,0.13000000000000006,4.491095,34.5468846153846
IND110093AAA,IND110092AAC,Stable,Carting,0.00049241184,0.14500000000000005,5.44145,37.52724137931033
IND110095AAB,IND000000ACB,Stable,Carting,0.34600797,0.16214285714285712,15.928524999999999,98.23759911894274
IND121001AAA,IND121004AAB,Stable,Carting,0.0001139269,0.0646938775510204,4.067435714285715,62.87203470031547
IND121002AAA,IND121004AAB,Congested,Carting,7.239897e-05,0.5724999999999999,3.9318299999999997,6.867825327510918
IND121002AAB,IND000000ACB,Stable,Carting,0.41096103,0.2268251533742332,15.86804726993865,69.95717641490295
IND121004AAA,IND121004AAB,Stable,Carting,0.029618477,0.08187500000000002,4.88878075,59.710299236641205
IND121004AAB,IND000000ACB,Stable,Carting,0.42960924,0.19264550264550262,16.051032037037036,83.31900727822027
IND121004AAB,IND110037AAM,Stable,Carting,0.36749417,0.1314090909090909,7.906863363636363,60.169835351089596
IND121004AAB,IND121001AAA,Stable,Carting,0.0001090603,0.049222222222222216,4.120326777777778,83.70867042889391
IND121004AAB,IND121002AAA,Stable,Carting,0.00011553002,0.08000000000000002,3.6241449999999995,45.30181249999998
IND121004AAB,IND121004AAA,Stable,Carting,0.030363182,0.04913043478260869,4.8074645652173915,97.85104867256639
IND121004AAB,IND121004AAC,Stable,Carting,0.02106229,0.05986111111111114,4.920476944444444,82.19822273781898
IND121004AAB,IND121102AAA,Stable,Carting,0.24675992,0.10586585365853658,9.883503853658537,93.35875083515725
IND121004AAC,IND121004AAB,Stable,Carting,0.0220558,0.1227083333333334,4.691647916666667,38.234142614601
IND121102AAA,IND121004AAB,Stable,Carting,0.27767375,0.2248557692307692,9.889185384615384,43.98012743211461
IND122001AAA,IND000000ACB,Stable,Carting,0.25855345,0.11303124999999999,9.484305249999998,83.90870002764721
IND122001AAA,IND110037AAM,Stable,Carting,5.9237012e-05,0.14500000000000005,4.63246,31.94799999999999
IND122001AAA,IND122001AAD,Stable,Carting,9.427354e-05,0.09250000000000001,4.233360833333333,45.76606306306306
IND122001AAA,IND122050AAA,Stable,Carting,0.3521464,0.3108333333333334,7.6293583333333315,24.54485254691688
IND122001AAA,IND122101AAC,Stable,Carting,6.525519e-05,0.04750000000000002,4.2241325,88.92910526315785
IND122001AAD,IND122050AAA,Stable,Carting,0.007871968,0.10355263157894742,5.388334736842104,52.034744599745835
IND122001AAJ,IND507123AAA,Stable,FTL,0.83818716,0.09519230769230766,11.356825576923077,119.30402626262631
IND122002AAD,IND122503AAA,Stable,Carting,0.27523965,0.0885714285714286,7.552039999999999,85.26496774193544
IND122004AAA,IND000000ACB,Stable,Carting,0.27166593,0.10687500000000003,9.812258749999998,91.81060818713446
IND122004AAA,IND122413AAE,Stable,Carting,0.26535732,0.11364035087719297,9.55777380116959,84.10545838157726
IND122503AAA,IND122001AAA,Stable,Carting,0.24727601,0.20437500000000006,8.62232875,42.18876452599387
IND123001AAA,IND123401AAB,Stable,Carting,0.42444462,0.13096153846153852,11.86394326923077,90.59104992657853
IND123401AAB,IND000000ACB,Stable,Carting,0.5014769,0.2516666666666668,17.04485611111111,67.72790507726265
IND123401AAB,IND123106AAB,Stable,Carting,0.57093126,0.1951666666666668,14.903953166666666,76.3652596071733
IND124001AAB,IND126102AAA,Stable,FTL,0.84532493,0.19604166666666673,15.769608749999998,80.44008714133896
IND124103AAA,IND127021AAA,Stable,FTL,0.79788727,0.1807407407407408,17.74107611111111,98.15759323770487
IND124112AAA,IND125001AAA,Stable,Carting,0.4831334,0.2400000000000001,14.575190000000001,60.729958333333315
IND124112AAA,IND125005AAA,Stable,Carting,0.54496115,0.23083333333333325,14.938262499999997,64.71449458483755
IND124112AAA,IND125033AAA,Stable,Carting,0.48913246,0.103125,10.561884375,102.41827272727274
IND124141AAA,IND000000ACB,Stable,Carting,0.57106096,0.283076923076923,24.672097692307688,87.1568668478261
IND124507AAA,IND131028AAB,Stable,Carting,0.2856347,0.2579166666666668,13.489163333333332,52.300471728594474
IND124507AAA,IND131028AAE,Stable,Carting,0.27912727,0.27250000000000013,13.431267499999997,49.28905504587153
IND125001AAA,IND000000ACB,Stable,FTL,0.77087027,0.4359642857142859,36.5701275,83.88331039567457
IND125001AAA,IND110037AAM,Congested,FTL,0.80567425,0.6867207792207793,39.87314636363636,58.06311323341684
IND125001AAA,IND125047AAB,Stable,Carting,0.43292183,0.15071428571428575,12.77605,84.76999999999998
IND125001AAA,IND125051AAA,Stable,FTL,0.65357715,0.3016666666666668,19.323745,64.05661325966848
IND125001AAA,IND335501AAA,Congested,FTL,0.63257277,0.5650000000000001,20.824116250000003,36.856842920353984
IND125001AAA,IND335513AAA,Stable,FTL,0.8102521,0.4005882352941176,37.67312431372549,94.04451003426335
IND125001AAA,IND335523AAB,Congested,FTL,0.83033335,0.637,28.858012749999997,45.30300274725274
IND125001AAA,IND335524AAA,Stable,FTL,0.7461673,0.47766666666666663,35.46276766666667,74.24166294487091
IND125005AAA,IND000000ACB,Stable,FTL,0.7999718,0.396142857142857,36.595200999999996,92.37879805265058
IND125005AAA,IND125047AAB,Stable,Carting,0.44110313,0.16458333333333333,12.718224166666666,77.27528607594937
IND125005AAA,IND335513AAA,Stable,FTL,0.82207906,0.39035714285714296,36.37132666666666,93.17448734370231
IND125005AAA,IND335523AAB,Congested,FTL,0.8355279,0.5099999999999999,29.582413,58.00473137254903
IND125005AAA,IND335524AAA,Stable,FTL,0.7307508,0.42019230769230753,37.301775,88.7731029748284
IND125033AAA,IND125001AAA,Stable,Carting,0.13616167,0.0875,7.446751666666666,85.10573333333333
IND125033AAA,IND125005AAA,Stable,Carting,0.18679322,0.09000000000000004,7.54509,83.8343333333333
IND125047AAB,IND125050AAA,Stable,FTL,0.6363321,0.18250000000000005,12.020049999999998,65.86328767123284
IND125047AAB,IND125051AAA,Stable,Carting,0.5430588,0.22681034482758614,18.43433948275862,81.27644925883696
IND125050AAA,IND125051AAA,Stable,Carting,0.42232347,0.09166666666666666,8.256768333333333,90.07383636363637
IND125051AAA,IND125111AAA,Stable,Carting,0.2108891,0.08000000000000002,7.625616249999999,95.32020312499998
IND125104AAA,IND125005AAA,Congested,FTL,0.7987313,0.4578571428571427,34.06019499999999,74.39044149765992
IND125111AAA,IND125121AAA,Stable,Carting,0.38968575,0.225,12.1470125,53.98672222222223
IND125121AAA,IND125001AAA,Stable,Carting,0.47923103,0.23250000000000004,11.5150875,49.52725806451612
IND126102AAA,IND126116AAA,Stable,FTL,0.6531228,0.10925,9.9044085,90.65820137299772
IND126102AAA,IND131301AAA,Stable,FTL,0.8150955,0.13687499999999997,12.703153749999998,92.8084292237443
IND126112AAA,IND131028AAB,Stable,FTL,0.6961345,0.25398437500000004,20.937234609374997,82.4351285758228
IND126116AAA,IND131301AAA,Stable,FTL,0.79014266,0.31400000000000006,20.788061,66.20401592356686
IND127021AAA,IND127201AAA,Stable,FTL,0.8058726,0.1625,15.920759166666667,97.97390256410256
IND127201AAA,IND124141AAA,Stable,FTL,0.7717218,0.17749999999999996,14.164390625,79.79938380281692
IND131021AAA,IND131028AAA,Stable,Carting,0.00010964267,0.040518018018018034,4.198223828828828,103.61375097276259
IND131028AAB,IND000000ACB,Stable,Carting,0.4733621,0.2636217105263159,23.682594940789475,89.83552566102242
IND131028AAB,IND110037AAM,Stable,Carting,0.30664957,0.2410833333333334,12.148728666666665,50.3922378154165
IND131028AAB,IND124001AAB,Stable,Carting,0.49881348,0.1704166666666667,16.25960583333333,95.4108899755501
IND131028AAB,IND124507AAA,Stable,Carting,0.4164936,0.18337499999999995,11.27770875,61.500797546012286
IND131028AAB,IND132103AAA,Congested,Carting,0.5729745,0.3416666666666667,15.813046666666667,46.282087804878046
IND131028AAB,IND136118AAA,Stable,FTL,0.77390283,0.29117647058823526,28.423611862745098,97.61644478114479
IND131028AAB,IND160002AAC,Stable,FTL,0.89258504,0.3233333333333334,37.203519208333326,115.06243054123706
IND131028AAB,IND201204AAA,Stable,Carting,0.58245,0.20379629629629623,17.93933037037037,88.02579191276696
IND131028AAB,IND244001AAA,Stable,FTL,0.8268478,0.4315131578947368,42.21418157894737,97.82826040554963
IND131028AAB,IND244235AAA,Stable,FTL,0.7224243,0.3409920634920636,36.48497583333333,106.99655428837421
IND131028AAB,IND247667AAA,Stable,FTL,0.75022995,0.36533333333333334,31.585508499999996,86.45668385036495
IND131028AAB,IND247667AAB,Stable,FTL,0.7465686,0.37255555555555564,31.59101283333333,84.79544154488515
IND131028AAB,IND248001AAA,Stable,FTL,0.9721135,0.563888888888889,51.764066666666665,91.79834482758619
IND131028AAB,IND248001AAD,Stable,FTL,0.97426456,0.5980555555555555,51.70322888888889,86.4522173711101
IND131028AAB,IND249407AAA,Congested,FTL,0.8249207,0.6125,38.85147,63.430971428571425
IND131028AAB,IND250002AAA,Stable,Carting,0.5837281,0.25833333333333336,22.687921666666664,87.82421290322578
IND131028AAB,IND250002AAC,Congested,FTL,0.76158255,1.0125,31.425729999999998,31.037758024691357
IND131028AAB,IND250609AAA,Stable,FTL,0.61919045,0.1625,8.719025,53.65553846153846
IND131028AAB,IND250611AAA,Stable,Carting,0.49299708,0.26708333333333345,11.702885833333331,43.817357254290144
IND131028AAB,IND251001AAA,Stable,FTL,0.67999923,0.28821428571428576,25.235720833333335,87.55888269310202
IND131028AAE,IND124507AAA,Stable,Carting,0.38219324,0.15500000000000008,12.172894999999999,78.53480645161285
IND131301AAA,IND131028AAB,Stable,FTL,0.8304282,0.22625000000000003,15.165774166666663,67.03104604051563
IND132001AAA,IND131028AAB,Stable,FTL,0.6305618,0.36666666666666664,24.886849166666664,67.873225
IND132001AAA,IND132103AAA,Stable,Carting,0.40766418,0.19500000000000003,10.948595,56.14664102564101
IND132001AAA,IND132103AAB,Congested,Carting,0.5689741,0.39000000000000007,11.572756999999998,29.673735897435886
IND132103AAA,IND131028AAB,Stable,FTL,0.6067775,0.21166666666666673,16.092482777777775,76.02747769028868
IND132103AAA,IND132001AAA,Stable,Carting,0.41998234,0.12424999999999997,12.043548999999999,96.92997183098593
IND132103AAB,IND131028AAB,Stable,FTL,0.6292823,0.2087500000000001,15.142555555555553,72.53918829008644
IND132103AAB,IND132001AAA,Stable,Carting,0.4260911,0.09750000000000002,11.28565375,115.75029487179485
IND133004AAA,IND135001AAA,Stable,Carting,0.5822037,0.1743055555555556,15.191160833333331,87.15247649402387
IND134102AAA,IND174103AAA,Stable,Carting,0.0945329,0.10375000000000002,6.984606562499999,67.32150903614455
IND134109AAA,IND160002AAC,Congested,Carting,0.17824094,0.32841666666666663,9.264632999999998,28.20999644760213
IND134203AAA,IND140501AAA,Stable,Carting,0.48754933,0.12080357142857139,13.266566875,109.81932668144867
IND134203AAA,IND160002AAC,Stable,Carting,0.29591355,0.23599999999999993,10.804696,45.78261016949154
IND135001AAA,IND173025AAA,Stable,FTL,0.6298156,0.22625000000000003,17.47641388888889,77.24381829343154
IND136027AAA,IND132039AAA,Stable,Carting,0.44170138,0.13761904761904767,11.253929999999999,81.77596193771622
IND136118AAA,IND136128AAA,Stable,Carting,0.494496,0.08556818181818186,9.084945227272726,106.17200265604242
IND136128AAA,IND136027AAA,Stable,FTL,0.80642647,0.09534090909090906,9.301540340909089,97.56085220500597
IND140001AAA,IND140118AAA,Stable,Carting,0.59368306,0.11743421052631575,11.837469736842104,100.80086274509806
IND140118AAA,IND160002AAC,Stable,FTL,0.7219265,0.27626470588235297,27.2152304117647,98.51142702012133
IND140301AAA,IND140001AAA,Stable,FTL,0.60087097,0.10595238095238102,9.004335,84.98473483146061
IND140301AAA,IND140901AAA,Stable,Carting,0.00113388,0.07046052631578952,5.303002894736841,75.26203921568622
IND140401AAA,IND000000ACA,Stable,FTL,0.7201168,0.22062499999999996,19.391855,87.89509348441928
IND140401AAA,IND142401AAA,Stable,FTL,0.6549496,0.10694444444444441,13.146863333333332,122.93170909090912
IND140401AAA,IND147301AAA,Stable,Carting,0.43832427,0.06750000000000002,9.625752499999999,142.60374074074068
IND140406AAA,IND140401AAA,Stable,Carting,0.4922235,0.07910714285714289,10.724445,135.5686049661399
IND140501AAA,IND160002AAC,Stable,Carting,0.0188959,0.07883928571428574,5.482175,69.53608154020382
IND140901AAA,IND160002AAC,Stable,Carting,0.37348884,0.1171428571428572,12.363682500000001,105.54363109756093
IND140901AAA,IND160055AAA,Stable,Carting,0.00012871236,0.06162500000000003,4.427742374999999,71.84977484787014
IND141003AAB,IND000000ACA,Stable,Carting,0.0090516955,0.04750000000000002,5.004409375,105.35598684210521
IND141003AAB,IND141109AAA,Stable,Carting,0.44991505,0.09250000000000001,12.264262500000001,132.58662162162162
IND141003AAB,IND142026AAA,Stable,Carting,0.5651597,0.10565476190476192,12.094800833333334,114.47473464788732
IND141010AAA,IND000000ACA,Stable,Carting,0.0061690677,0.05,5.43585,108.717
IND141109AAA,IND000000ACA,Stable,FTL,0.636167,0.1625,16.08582597222222,98.98969829059828
IND141115AAA,IND000000ACA,Stable,Carting,0.42669982,0.11129629629629628,10.575342037037037,95.01971214642265
IND142001AAB,IND151001AAA,Stable,FTL,0.69211626,0.27312500000000006,20.838247499999998,76.29564302059494
IND142001AAB,IND152026AAA,Stable,FTL,0.77405035,0.1794181034482759,19.38778896551724,108.0592682282282
IND142026AAA,IND000000ACA,Stable,FTL,0.6837054,0.22333333333333344,16.19653,72.52177611940294
IND142026AAA,IND141109AAA,Stable,FTL,0.84061575,0.1272222222222222,8.33254138888889,65.49595851528386
IND142401AAA,IND000000ACA,Stable,FTL,0.71677107,0.09562500000000007,9.940411249999999,103.95201307189534
IND143001AAA,IND144001AAB,Stable,FTL,0.75853556,0.2219736842105263,19.903886118421052,89.66777385892117
IND144001AAA,IND144040AAA,Stable,FTL,0.64544815,0.08858333333333336,8.606670333333334,97.15902539981182
IND144001AAB,IND000000ACA,Stable,FTL,0.757106,0.2193478260869566,18.746338840579707,85.46398282127514
IND144001AAB,IND143001AAA,Stable,FTL,0.7459917,0.16727941176470593,21.13947088235294,126.37222153846149
IND144001AAB,IND144401AAB,Stable,Carting,0.0022875068,0.05346153846153848,4.6146140384615375,86.31652158273377
IND144001AAB,IND144601AAA,Stable,Carting,0.25534767,0.16312500000000002,7.27741875,44.612528735632175
IND144001AAB,IND160002AAC,Congested,FTL,0.81675565,0.7978571428571428,32.840644999999995,41.16105908683974
IND144001AAC,IND000000ACA,Stable,FTL,0.78786385,0.18175000000000002,17.508152375,96.33096217331499
IND144001AAC,IND160002AAC,Stable,FTL,0.71196395,0.3470767716535434,30.01349653543307,86.47509423475029
IND144040AAA,IND144001AAB,Stable,FTL,0.74291563,0.10013888888888887,9.349831944444444,93.36864077669904
IND144401AAB,IND144001AAB,Stable,Carting,0.000115151255,0.0500735294117647,4.417745294117647,88.22516299559472
IND144514AAA,IND000000ACA,Stable,Carting,0.3476289,0.18000000000000008,15.1399675,84.11093055555551
IND144514AAA,IND141115AAA,Stable,Carting,0.53635293,0.11400000000000006,9.125350499999998,80.04693421052626
IND144527AAA,IND141115AAA,Stable,Carting,0.41082996,0.13718750000000005,10.547053125,76.88056947608197
IND144601AAA,IND144001AAA,Stable,Carting,0.07681468,0.08249999999999999,7.5134324999999995,91.0719090909091
IND144601AAA,IND144040AAA,Stable,Carting,0.40534163,0.1125,15.281437499999997,135.83499999999998
IND145001AAA,IND176201AAA,Stable,Carting,0.06543873,0.10785714285714292,6.258695,58.02763576158937
IND145001AAA,IND176303AAA,Stable,FTL,0.95462495,0.25499999999999995,21.805735,85.51268627450982
IND147001AAB,IND147201AAA,Stable,Carting,0.54668975,0.0875,9.135869166666668,104.40993333333336
IND147001AAB,IND160002AAC,Stable,FTL,0.6627074,0.32000000000000006,15.101777499999999,47.19305468749999
IND147001AAD,IND147201AAA,Stable,FTL,0.6343862,0.09875000000000007,9.116275,92.31670886075942
IND147001AAD,IND148023AAA,Stable,Carting,0.520497,0.14833333333333332,15.574066666666665,104.99370786516855
IND147001AAD,IND160002AAC,Stable,FTL,0.64688313,0.3102499999999999,14.3371165,46.211495568090264
IND147101AAA,IND147105AAA,Stable,Carting,0.55871373,0.07734375,8.679715624999998,112.22258585858583
IND147101AAA,IND160002AAC,Congested,FTL,0.6378128,0.6991666666666669,20.055933333333336,28.685482717520852
IND147105AAA,IND147101AAA,Stable,Carting,0.54097855,0.08249999999999999,9.1001925,110.30536363636365
IND147105AAA,IND160002AAC,Congested,FTL,0.7028837,1.2290178571428574,25.319487499999997,20.60139920087177
IND147201AAA,IND148023AAA,Stable,Carting,0.4260743,0.08192307692307696,9.333377307692308,113.9285492957746
IND147301AAA,IND000000ACA,Stable,Carting,0.55136395,0.09250000000000001,10.456599999999998,113.0443243243243
IND147301AAA,IND140401AAA,Stable,Carting,0.42544007,0.08125,11.554585,142.21027692307692
IND148023AAA,IND148001AAA,Stable,Carting,0.39835078,0.08687500000000004,10.0275175,115.42466187050356
IND148023AAA,IND148024AAB,Stable,Carting,0.06133977,0.09000000000000004,6.810229999999999,75.66922222222217
IND148028AAA,IND147001AAB,Stable,Carting,0.52446306,0.16950000000000004,15.98567483333333,94.31076597836771
IND148028AAA,IND147001AAD,Stable,Carting,0.56902426,0.15500000000000008,15.526659166666665,100.17199462365585
IND148101AAA,IND148102AAA,Stable,Carting,0.5489813,0.064,8.530935,133.295859375
IND148102AAA,IND151001AAA,Stable,Carting,0.507278,0.22083333333333333,18.854966666666662,85.38098113207546
IND151001AAA,IND148101AAA,Stable,Carting,0.5660894,0.12010416666666673,15.48421583333333,128.92321942758014
IND151001AAA,IND151103AAA,Stable,Carting,0.49771526,0.08083333333333335,9.014953888888888,111.52520274914086
IND151001AAA,IND151302AAA,Stable,FTL,0.7633174,0.0763392857142857,19.1608425,250.99583157894742
IND151001AAA,IND160002AAC,Stable,FTL,0.83446366,0.3806677018633541,42.89021869565217,112.6710211707118
IND151103AAA,IND151001AAA,Congested,Carting,0.55869216,1.0400000000000005,10.0834475,9.695622596153841
IND151302AAA,IND151505AAA,Stable,Carting,0.56482315,0.07810606060606062,12.905082272727272,165.22510766246359
IND151505AAA,IND151506AAA,Stable,Carting,0.35129714,0.1095,9.962911,90.9854885844749
IND151506AAA,IND151001AAA,Stable,FTL,0.65582687,0.2078125,20.246295416666662,97.42578245614033
IND152024AAA,IND152123AAA,Stable,Carting,0.30961475,0.09937499999999998,9.76304,98.244427672956
IND152026AAA,IND000000ACA,Congested,FTL,0.8095892,0.8272932330827065,36.067856578947364,43.59742729255658
IND152026AAA,IND151001AAA,Stable,Carting,0.5078045,0.10924242424242424,14.63558196969697,133.97342718446603
IND152026AAA,IND152024AAA,Stable,FTL,0.6780311,0.08687500000000004,9.39266125,108.11696402877693
IND152026AAA,IND152101AAA,Stable,Carting,0.46830305,0.09000000000000004,13.612095,151.24549999999994
IND152026AAA,IND152107AAA,Stable,FTL,0.7106608,0.1,9.57796,95.77959999999999
IND152026AAA,IND152116AAA,Stable,FTL,0.7312855,0.1170833333333333,16.0157025,136.7889181494662
IND152026AAA,IND160002AAC,Congested,FTL,0.87881935,1.04275,47.612365499999996,45.66038408055621
IND152101AAA,IND152026AAA,Stable,Carting,0.5641881,0.17375000000000007,13.160419999999998,75.74342446043161
IND152107AAA,IND152026AAA,Stable,Carting,0.46465284,0.22250000000000014,10.9358025,49.14967415730334
IND152116AAA,IND152026AAA,Stable,FTL,0.63285184,0.19000000000000009,16.747161666666663,88.14295614035082
IND152116AAA,IND152107AAA,Stable,Carting,0.5807427,0.04750000000000002,7.87325,165.75263157894727
IND152123AAA,IND152026AAA,Stable,FTL,0.64407754,0.2791666666666667,17.929531666666666,64.2251880597015
IND160002AAC,IND000000ACA,Stable,FTL,0.7132511,0.2117773437500001,21.819552617187497,103.03062750161388
IND160002AAC,IND000000ACB,Congested,FTL,0.86214453,0.6607751396648046,56.245667688547485,85.12073822432176
IND160002AAC,IND110037AAM,Stable,FTL,0.8050842,0.5078888888888888,47.40645194444444,93.34020290964779
IND160002AAC,IND131028AAB,Stable,FTL,0.78325695,0.3386197916666667,36.074920364583335,106.53517972775512
IND160002AAC,IND134203AAA,Stable,Carting,0.28531972,0.1495,11.658618999999998,77.98407357859531
IND160002AAC,IND135001AAA,Stable,FTL,0.63816905,0.2,16.43957,82.19784999999999
IND160002AAC,IND140301AAA,Stable,Carting,0.37143338,0.15773809523809526,12.318732500000001,78.09611547169811
IND160002AAC,IND140603AAA,Stable,Carting,0.20109388,0.07315533980582524,8.292967281553398,113.36106569343066
IND160002AAC,IND140901AAA,Stable,Carting,0.36772603,0.138,12.207191333333332,88.45790821256037
IND160002AAC,IND142001AAB,Stable,FTL,0.77362496,0.3137896825396825,33.52619083333333,106.84287183054064
IND160002AAC,IND143001AAA,Stable,FTL,0.8912982,0.5120661157024794,51.44475376033058,100.46506141058747
IND160002AAC,IND144001AAB,Stable,FTL,0.88043296,0.3732222222222222,34.27758055555555,91.84228192914559
IND160002AAC,IND147001AAB,Stable,FTL,0.60829884,0.13416666666666674,12.949195,96.51573913043472
IND160002AAC,IND147001AAD,Stable,FTL,0.71800536,0.13553571428571434,13.325837499999999,98.31974967061919
IND160002AAC,IND147101AAA,Stable,FTL,0.6643357,0.23638888888888895,17.388925555555552,73.56067215041125
IND160002AAC,IND147105AAA,Stable,FTL,0.6216717,0.2977083333333333,21.598187916666664,72.54814695591323
IND160002AAC,IND151001AAA,Stable,FTL,0.82950026,0.3890707964601769,40.224467964601764,103.38598612532698
IND160002AAC,IND160003AAA,Stable,Carting,0.13240314,0.12312500000000005,9.17322,74.50330964467003
IND160002AAC,IND160055AAA,Stable,Carting,0.22132266,0.08793650793650798,8.713263333333334,99.08584657039707
IND160002AAC,IND160102AAC,Stable,Carting,0.26961556,0.1190721649484536,10.14903731958763,85.23433939393941
IND160002AAC,IND173212AAA,Stable,FTL,0.6656731,0.38776785714285705,25.901658125,66.79681579553306
IND160002AAC,IND174001AAA,Congested,FTL,0.8796903,0.5469407894736842,40.710377565789464,74.43287893185781
IND160002AAC,IND174103AAA,Stable,Carting,0.5752447,0.15583333333333335,18.657531666666664,119.72747593582885
IND160002AAC,IND174307AAA,Stable,FTL,0.9482397,0.43119897959183695,41.106156428571424,95.32990191090333
IND160002AAC,IND176041AAA,Stable,FTL,0.9869771,0.5598214285714287,54.19487749999999,96.80743668261559
IND160002AAC,IND181152AAA,Congested,FTL,0.91961414,0.8814999999999997,76.54107066666666,86.83048288901495
IND160002AAC,IND184104AAA,Congested,FTL,0.90016884,0.746875,66.08183166666667,88.47776624825664
IND160002AAC,IND421302AAG,High Risk,FTL,0.97908235,3.5036864406779653,281.6079557627118,80.37475970829756
IND160002AAC,IND562132AAA,High Risk,FTL,0.9908256,4.2068209876543206,442.5377012345679,105.19527751080331
IND160003AAA,IND160002AAC,Stable,Carting,0.22241804,0.12124999999999998,9.20651375,75.93001030927836
IND160055AAA,IND160002AAC,Stable,Carting,0.20108409,0.07976973684210525,8.355840131578947,104.74950103092785
IND160102AAC,IND160002AAC,Stable,Carting,0.2066696,0.10852678571428574,9.3755159375,86.38895804195802
IND160102AAD,IND160002AAC,Stable,Carting,0.20666072,0.08256410256410257,9.76423358974359,118.26245652173913
IND160102AAD,IND160002AAD,Stable,Carting,0.19244182,0.10729166666666666,9.803628333333332,91.37362330097086
IND173025AAA,IND160002AAC,Stable,FTL,0.6999522,0.35125000000000006,23.02222125,65.54369039145907
IND173212AAA,IND134102AAA,Stable,Carting,0.38558146,0.31749999999999995,15.139967500000001,47.68493700787403
IND173212AAA,IND160002AAC,Stable,FTL,0.860251,0.4775000000000001,35.60536,74.56619895287956
IND173212AAA,IND173220AAA,Stable,Carting,0.49182835,0.22050000000000006,12.880714,58.41593650793649
IND173212AAA,IND174103AAA,Stable,Carting,0.5158538,0.34500000000000003,18.006555,52.192913043478256
IND173220AAA,IND173212AAA,Stable,Carting,0.3698537,0.28250000000000003,14.364664999999999,50.84837168141592
IND173220AAA,IND174103AAA,Stable,Carting,0.038015418,0.12250000000000003,7.447807499999999,60.79842857142855
IND174001AAA,IND175018AAA,Stable,Carting,0.39015722,0.17859375000000005,13.310675,74.53046369203847
IND174021AAA,IND176048AAA,Stable,Carting,0.53031075,0.14166666666666666,9.9593375,70.30120588235295
IND174101AAB,IND134102AAA,Stable,FTL,0.69035864,0.12250000000000003,9.330964999999999,76.17114285714284
IND174101AAB,IND160002AAC,Stable,FTL,0.64129245,0.3203977272727274,22.588365227272728,70.50101578294021
IND174103AAA,IND160002AAC,Stable,Carting,0.5652585,0.2913888888888889,17.874953055555554,61.34397616777883
IND174307AAA,IND176041AAA,Stable,FTL,0.88034046,0.15750000000000006,12.530551764705882,79.55905882352938
IND175001AAA,IND175101AAA,Stable,FTL,0.8494815,0.25169117647058836,15.542717647058824,61.7531288343558
IND175015AAA,IND174001AAA,Congested,FTL,0.7787503,1.7880612244897955,30.104772857142855,16.836544769731212
IND175018AAA,IND175001AAA,Stable,Carting,0.357021,0.11812499999999998,7.835204999999999,66.32977777777778
IND175101AAA,IND160002AAC,Congested,FTL,0.8166472,0.698046875,51.43684109375,73.68680089535535
IND176048AAA,IND175015AAA,Stable,Carting,0.5253019,0.37507812500000004,23.0885659375,61.556684857321386
IND176061AAA,IND160002AAC,Congested,FTL,0.84369606,0.6306944444444444,50.85852722222222,80.63893327460912
IND176110AAB,IND177033AAA,Stable,Carting,0.49063402,0.15111111111111117,9.566600555555555,63.308386029411736
IND176201AAA,IND176303AAA,Stable,FTL,0.86178046,0.26513888888888887,19.979512777777778,75.35489366160294
IND176215AAA,IND176061AAA,Stable,FTL,0.73462385,0.2033333333333334,11.674809999999999,57.417098360655714
IND176303AAA,IND176310AAA,Congested,FTL,0.9421088,0.8275000000000006,16.001902,19.33764592145014
IND176310AAA,IND145001AAA,Congested,FTL,0.7340534,1.0211538461538463,29.654827820512818,29.04050935342121
IND177001AAA,IND176110AAB,Stable,Carting,0.4372156,0.10964285714285715,8.621445,78.63207166123777
IND177033AAA,IND160002AAC,Congested,FTL,0.8118522,0.6917605633802817,43.496662112676056,62.87820441820218
IND177101AAA,IND176001AAA,Stable,FTL,0.63304406,0.234375,13.725494999999999,58.56211199999999
IND177101AAA,IND176001AAB,Stable,Carting,0.5923987,0.16375000000000003,13.47381,82.28280916030533
IND177203AAA,IND177101AAA,Stable,Carting,0.26715776,0.18166666666666675,11.139193333333333,61.316660550458685
IND181152AAA,IND184121AAA,Stable,Carting,0.49989778,0.09550000000000007,10.934759499999998,114.50009947643969
IND181152AAB,IND160002AAC,Congested,FTL,0.91640556,0.751,74.195835,98.79605193075899
IND181152AAB,IND181201AAB,Stable,Carting,0.397988,0.1355952380952381,8.368798333333332,61.7189692712906
IND181152AAB,IND184121AAA,Stable,Carting,0.51308537,0.10718749999999998,10.884304375,101.54453061224491
IND181201AAB,IND181152AAB,Stable,Carting,0.28989664,0.2522916666666667,7.944766666666665,31.49040462427745
IND184104AAA,IND160002AAC,Stable,FTL,0.8747962,0.5724468085106386,59.390083617021276,103.74777662144578
IND184104AAA,IND181152AAA,Stable,FTL,0.6598136,0.20020833333333338,20.931329999999996,104.54774609781474
IND184104AAA,IND181152AAB,Stable,FTL,0.67627877,0.18875000000000006,20.982263749999998,111.1643112582781
IND184104AAA,IND184121AAA,Stable,Carting,0.41234398,0.10791666666666669,11.700873333333336,108.42508108108107
IND184121AAA,IND160002AAC,Congested,FTL,0.88782513,0.6562307692307693,64.56040607692307,98.38064459031764
IND184121AAA,IND181152AAA,Stable,Carting,0.45450312,0.09750000000000002,11.6086075,119.062641025641
IND184121AAA,IND181152AAB,Stable,Carting,0.44473568,0.09375,10.953127499999999,116.83335999999998
IND184121AAA,IND184104AAA,Stable,Carting,0.34877518,0.1,11.304848333333332,113.04848333333332
IND201001AAA,IND201007AAA,Stable,Carting,7.120583e-05,0.10178571428571435,3.765424999999999,36.993649122806985
IND201001AAC,IND000000ACB,Stable,FTL,0.6100298,0.2361111111111112,24.366035555555555,103.19732705882349
IND201001AAC,IND110037AAM,Stable,Carting,0.2870717,0.11499999999999998,10.29730625,89.54179347826089
IND201005AAA,IND201007AAA,Stable,Carting,0.00010423936,0.11499999999999998,3.8459399999999997,33.442956521739134
IND201007AAA,IND201001AAA,Stable,Carting,9.975676e-05,0.04541666666666669,3.720441666666666,81.9179816513761
IND201007AAA,IND201005AAA,Stable,Carting,7.6246804e-05,0.1016666666666667,3.926008333333333,38.61647540983605
IND201007AAA,IND201007AAB,Stable,Carting,5.3008087e-05,0.20499999999999996,4.349765,21.21836585365854
IND201007AAA,IND245101AAA,Stable,Carting,0.24865587,0.16875,9.6671435,57.28677629629629
IND201007AAA,IND245304AAA,Stable,Carting,0.18170041,0.15034090909090914,7.848316477272727,52.20346560846559
IND201007AAB,IND110044AAB,Stable,Carting,0.2802225,0.10583333333333336,8.469266166666666,80.02456220472438
IND201007AAB,IND201007AAA,Stable,Carting,9.317625e-05,0.14125000000000001,4.121897499999999,29.18157522123893
IND201007AAB,IND201301AAF,Stable,Carting,7.5862845e-05,0.1185,4.465832,37.68634599156118
IND201204AAA,IND250002AAA,Stable,Carting,0.362636,0.09583333333333334,8.467392499999999,88.35539999999999
IND201301AAD,IND110037AAM,Congested,Carting,0.22344019,0.32083333333333336,9.289991666666666,28.955818181818177
IND201301AAF,IND201301AAL,Stable,Carting,0.02495896,0.06500000000000003,6.06739,93.34446153846149
IND201301AAF,IND201304AAA,Stable,Carting,6.836782e-05,0.0796875,4.042898125,50.734407843137255
IND201301AAF,IND203205AAA,Stable,Carting,0.35944998,0.18552631578947373,14.31574052631579,77.16285673758864
IND201301AAL,IND201301AAF,Stable,Carting,0.20924157,0.09500000000000004,6.497098125,68.39050657894734
IND201301AAL,IND201307AAA,Stable,Carting,0.023880143,0.052250000000000026,5.4631324999999995,104.55755980861238
IND201301AAM,IND000000ACB,Stable,Carting,0.47174653,0.2377536231884058,19.631501690821253,82.57077821802295
IND201304AAA,IND201301AAF,Stable,Carting,7.919533e-05,0.08767241379310349,4.0807562068965515,46.54549852507372
IND201306AAA,IND201301AAF,Stable,Carting,0.013262559,0.11937500000000002,5.10614125,42.77395811518324
IND201306AAA,IND201304AAA,Stable,Carting,8.5717285e-05,0.25750000000000006,4.6880749999999995,18.206116504854364
IND201307AAA,IND201301AAL,Stable,Carting,0.044754855,0.06314655172413795,5.6915418965517235,90.13226757679176
IND202001AAB,IND110037AAM,Stable,FTL,0.7402256,0.4675000000000002,34.05206583333334,72.83864349376113
IND202001AAB,IND205001AAB,Stable,FTL,0.77363634,0.3884042553191492,31.25280765957446,80.46463763352499
IND202001AAB,IND207123AAA,Stable,FTL,0.74971515,0.21708333333333343,24.20376,111.4952476007677
IND202001AAB,IND282002AAD,Stable,FTL,0.6968596,0.2486875,22.308067249999997,89.70321085699923
IND202001AAC,IND204215AAA,Stable,Carting,0.30407217,0.12171875000000003,8.214502187499999,67.48756611039792
IND203001AAA,IND203131AAA,Stable,Carting,0.14350803,0.10650000000000001,6.024794999999999,56.57084507042252
IND203131AAA,IND203135AAA,Stable,Carting,0.35471407,0.11578124999999997,10.33542890625,89.26686234817815
IND203135AAA,IND203390AAA,Stable,FTL,0.6004482,0.26890625000000007,24.5018834375,91.11682393956998
IND203135AAA,IND203396AAB,Stable,Carting,0.47895882,0.1851388888888889,15.419637916666666,83.28686646661664
IND203390AAA,IND201301AAF,Congested,FTL,0.7231339,0.514925,25.862846449999996,50.22643384958974
IND203396AAB,IND203390AAA,Stable,Carting,0.34045058,0.12166666666666674,11.853140833333335,97.42307534246571
IND204101AAA,IND202001AAB,Stable,Carting,0.49618,0.18625000000000008,12.18191625,65.40626174496641
IND204101AAA,IND282002AAD,Congested,FTL,0.6741618,0.4078125,18.314769375,44.909779310344824
IND204215AAA,IND207001AAA,Stable,Carting,0.3020981,0.1514583333333333,8.008189583333333,52.87387895460799
IND205001AAB,IND110037AAM,Congested,FTL,0.8611879,0.851818181818182,60.615007727272726,71.15956083244394
IND205001AAB,IND205135AAA,Stable,Carting,0.37292835,0.23565789473684215,11.422808157894737,48.471994416527075
IND205001AAB,IND209625AAA,Stable,Carting,0.5209341,0.25666666666666677,16.35607166666667,63.72495454545453
IND205001AAB,IND209721AAB,Stable,FTL,0.7695199,0.17716666666666672,14.534324,82.03757666980242
IND205001AAB,IND283203AAA,Congested,Carting,0.47349906,0.6800000000000002,23.111900000000002,33.988088235294114
IND205135AAA,IND283203AAA,Stable,Carting,0.21748908,0.10566666666666673,7.746512666666667,73.31084542586747
IND206001AAA,IND000000ACB,Congested,FTL,0.9072382,0.6431906614785992,66.73307317120621,103.75317486388384
IND206122AAA,IND206001AAA,Stable,FTL,0.7702241,0.1302155172413793,17.14412120689655,131.6595868917577
IND207001AAA,IND207302AAA,Stable,Carting,0.26764792,0.11759999999999995,11.4989518,97.78020238095242
IND207123AAA,IND202001AAB,Congested,FTL,0.7942862,1.0324999999999998,24.50406,23.73274576271187
IND207247AAB,IND205001AAB,Stable,Carting,0.3385231,0.23837499999999992,15.445457999999999,64.79478972207657
IND207302AAA,IND202001AAB,Stable,Carting,0.45908675,0.28702380952380957,15.366746666666666,53.53822978017419
IND208006AAA,IND209304AAA,Congested,Carting,0.32277322,0.306388888888889,8.485248333333333,27.69437352674523
IND208012AAA,IND209304AAA,Congested,Carting,0.06480874,0.9234090909090914,7.164278333333333,7.758509639839195
IND208017AAA,IND209304AAA,Congested,Carting,0.091649845,0.39576923076923076,5.6246723076923075,14.212
IND208019AAA,IND209304AAA,Stable,Carting,0.09981705,0.2855769230769231,5.675015769230769,19.87210909090909
IND209101AAA,IND209111AAA,Stable,FTL,0.7594496,0.08394230769230772,15.849094423076922,188.80937227949593
IND209111AAA,IND285001AAD,Stable,FTL,0.84336275,0.1537301587301588,14.557818888888889,94.69722147651002
IND209206AAB,IND210301AAA,Stable,Carting,0.15596241,0.08249999999999999,6.274265454545454,76.05170247933884
IND209304AAA,IND000000ACB,Congested,FTL,0.9291992,0.912766719745223,87.03514582802548,95.35311043364865
IND209304AAA,IND110037AAM,Congested,FTL,0.9214509,1.2021703296703294,91.7996319230769,76.36158509106697
IND209304AAA,IND206122AAA,Stable,FTL,0.84112656,0.13831896551724146,18.553175344827586,134.13327142411958
IND209304AAA,IND208006AAA,Stable,Carting,0.4369278,0.14621951219512194,11.772646097560976,80.51350959132611
IND209304AAA,IND208012AAA,Stable,Carting,0.21518457,0.06964285714285717,11.812407499999999,169.61405641025632
IND209304AAA,IND208019AAA,Stable,Carting,0.021551667,0.1947222222222223,5.83534875,29.96755420827388
IND209304AAA,IND209101AAA,Stable,Carting,0.33299294,0.1739705882352941,11.60173,66.68788165680473
IND209304AAA,IND209206AAB,Stable,Carting,0.22773077,0.08438405797101449,12.724519347826087,150.79293001288107
IND209304AAA,IND209801AAA,Stable,Carting,0.43316928,0.1686842105263158,14.267776157894735,84.58276037441496
IND209304AAA,IND211002AAB,Stable,FTL,0.8645867,0.3630555555555555,42.19593259259259,116.22445090538129
IND209304AAA,IND212601AAA,Stable,FTL,0.805772,0.24656250000000005,22.546505078124998,91.44336660329529
IND209304AAA,IND221313AAA,Congested,FTL,0.9292029,0.6928571428571431,62.73916208333333,90.55136795532644
IND209304AAA,IND282001AAA,Congested,FTL,0.920074,0.6202525252525253,51.51225015151515,83.05044809054637
IND209625AAA,IND241124AAB,Stable,FTL,0.8507432,0.18141666666666664,14.707737333333332,81.07158842443731
IND209721AAB,IND209625AAA,Stable,Carting,0.42964754,0.10412500000000004,9.153863249999999,87.91225210084029
IND209801AAA,IND209304AAA,Congested,Carting,0.5071368,0.7871,11.454687999999999,14.55302756955914
IND210001AAA,IND210427AAA,Stable,FTL,0.76025033,0.28775,14.698245333333332,51.079914277439904
IND210427AAA,IND209304AAA,Congested,FTL,0.8507588,0.7628061224489794,39.66947142857142,52.00465788241589
IND210431AAA,IND209304AAA,Congested,FTL,0.87252146,0.42129999999999984,26.2649478,62.342624732969405
IND210501AAB,IND209304AAA,Stable,FTL,0.708241,0.3040425531914894,27.10895361702127,89.16170888733377
IND211002AAB,IND209304AAA,Stable,FTL,0.9226716,0.39427083333333335,48.514402708333336,123.04841902245707
IND211002AAB,IND211011AAA,Stable,Carting,0.000120002034,0.09384615384615387,3.6030130769230766,38.39276229508195
IND211002AAB,IND211013AAA,Stable,Carting,0.059954222,0.16558823529411767,5.921040588235294,35.757616341030186
IND211002AAB,IND485001AAC,Congested,FTL,0.82272655,0.44740384615384604,36.17264583333333,80.85010029371732
IND211008AAA,IND211002AAB,Congested,Carting,0.2264635,0.7413888888888891,6.159095833333334,8.307510303484449
IND211010AAB,IND211002AAB,Stable,Carting,0.00011470454,0.060000000000000026,3.4315049999999996,57.19174999999997
IND211011AAA,IND212501AAA,Stable,Carting,0.43562832,0.16361842105263164,8.263401447368421,50.50410213108161
IND212402AAA,IND211002AAB,Congested,Carting,0.39811465,2.047769230769232,10.872887307692306,5.309625295819086
IND212501AAA,IND212402AAA,Stable,Carting,0.18236262,0.07840277777777777,6.805230833333333,86.79833835252437
IND212601AAA,IND210001AAA,Stable,FTL,0.78210604,0.2401953125000001,20.32184,84.60548121645793
IND221010AAA,IND221005A1A,Stable,Carting,7.7501e-05,0.125,4.592035,36.73628
IND221010AAB,IND222001AAA,Stable,FTL,0.80087733,0.2150000000000001,15.109499999999997,70.27674418604646
IND221010AAB,IND232101AAB,Congested,Carting,0.3664141,0.5133333333333335,7.380333333333333,14.37727272727272
IND221010AAB,IND233001AAA,Congested,FTL,0.8353373,0.9959375000000004,19.949348124999997,20.030722936931273
IND221303AAA,IND231001AAA,Stable,Carting,0.5964961,0.09250000000000001,10.127436666666666,109.48580180180178
IND221313AAA,IND211002AAB,Congested,FTL,0.78012514,0.5809722222222224,29.444191388888886,50.680893617021255
IND221313AAA,IND221010AAA,Stable,Carting,0.00012068229,0.09166666666666666,3.5868116666666667,39.12885454545455
IND221313AAA,IND221401AAA,Congested,FTL,0.7699858,1.4625,16.753275,11.455230769230768
IND221313AAA,IND222136AAA,Congested,FTL,0.7576871,0.9662500000000004,13.870674999999999,14.355161707632593
IND221313AAA,IND232101AAB,Congested,Carting,0.32066143,0.5641666666666666,7.971716666666667,14.130073855243724
IND221313AAA,IND276128AAA,Congested,FTL,0.7395041,0.8265000000000006,27.454861,33.21822262552932
IND221401AAA,IND221303AAA,Stable,Carting,0.033201024,0.10874999999999997,6.271299999999999,57.667126436781615
IND221706AAA,IND273014AAB,Congested,FTL,0.8438493,0.47709821428571453,26.943501874999995,56.47370094507342
IND222001AAA,IND222136AAA,Stable,Carting,0.3186092,0.0875,6.1828199999999995,70.6608
IND222125AAB,IND222001AAA,Stable,FTL,0.8377461,0.11875,8.6523325,72.86174736842105
IND223101AAB,IND222125AAB,Stable,Carting,0.5571745,0.12375000000000007,9.7543025,78.82264646464643
IND224001AAA,IND224141AAB,Stable,Carting,0.31002888,0.15276041666666665,8.532198645833335,55.853465393794764
IND224141AAB,IND224122AAA,Stable,Carting,0.35631195,0.10995000000000002,7.1496026,65.02594452023645
IND226004AAA,IND226016AAA,Stable,Carting,0.015001174,0.14681818181818188,5.899657272727272,40.18342414860679
IND226004AAA,IND226024AAA,Stable,Carting,0.20447902,0.08249999999999999,6.424127499999999,77.86821212121212
IND231205AAA,IND231216AAA,Stable,Carting,0.35453233,0.1633333333333334,8.413743333333333,51.51271428571425
IND231208AAA,IND231217AAA,Stable,Carting,0.5304041,0.11375000000000005,11.746665,103.26738461538457
IND231217AAA,IND231225AAB,Stable,FTL,0.7069172,0.12642857142857147,11.07978,87.63667796610166
IND231225AAB,IND486886AAA,Stable,Carting,0.37321094,0.10714285714285718,8.09363,75.54054666666663
IND232101AAB,IND232104AAB,Stable,Carting,0.0047309636,0.07153846153846158,4.592080769230769,64.19037634408598
IND232104AAB,IND221010AAB,Stable,Carting,0.3763569,0.13812500000000003,9.55497375,69.17628054298642
IND232104AAB,IND232327AAA,Stable,Carting,0.4329442,0.24214285714285708,15.629849999999998,64.54805309734515
IND232104AAB,IND233221AAC,Stable,FTL,0.61215633,0.1946875000000001,25.469198125,130.82092134831453
IND233001AAA,IND275101AAA,Stable,Carting,0.5579854,0.18041666666666673,11.401010833333332,63.192669745958405
IND233001AAA,IND275503AAA,Stable,FTL,0.7761519,0.2716666666666666,15.173106666666666,55.851926380368106
IND241124AAB,IND242001AAA,Stable,FTL,0.7521956,0.08874999999999998,8.21307375,92.54167605633805
IND242001AAA,IND242307AAB,Stable,Carting,0.1610953,0.2025000000000001,6.927445,34.20960493827159
IND242221AAA,IND207247AAB,Stable,Carting,0.5742673,0.3831666666666668,19.176198999999997,50.04662635928662
IND242307AAB,IND207247AAB,Stable,FTL,0.7301178,0.4523750000000002,28.743660749999993,63.539454545454504
IND242307AAB,IND242221AAA,Stable,Carting,0.51993763,0.11900000000000001,12.7680735,107.29473529411764
IND243001AAA,IND243503AAB,Stable,FTL,0.6873192,0.1361538461538462,8.980593461538461,65.95916101694912
IND243001AAA,IND244901AAB,Stable,FTL,0.7403725,0.175,15.90839833333333,90.90513333333332
IND243002AAA,IND243503AAB,Stable,FTL,0.754985,0.11375000000000005,8.903789999999999,78.27507692307688
IND243201AAA,IND262001AAA,Stable,Carting,0.27563244,0.16499999999999998,11.163705,67.65881818181819
IND243301AAB,IND244901AAB,Stable,FTL,0.71031517,0.25008333333333327,19.390935666666664,77.53789670109964
IND243301AAB,IND244901AAC,Stable,FTL,0.7321771,0.19833333333333342,17.913729166666666,90.32132352941173
IND243503AAB,IND244901AAB,Stable,FTL,0.77132446,0.3109756097560975,21.768165487804875,69.99959098039216
IND244001AAA,IND263153AAB,Stable,FTL,0.6246219,0.3080078125,23.511195859374997,76.33311528218135
IND244221AAA,IND131028AAB,Stable,FTL,0.8198428,0.36158,34.40412052,95.14940129431938
IND244235AAA,IND244901AAB,Stable,FTL,0.7914924,0.18140624999999996,30.151492874999995,166.20977984496125
IND244301AAA,IND244412AAA,Stable,Carting,0.48183438,0.11806818181818185,9.733027499999999,82.43565158806541
IND244412AAA,IND243301AAB,Stable,FTL,0.7717713,0.13000000000000006,30.91262475,237.78942115384604
IND244412AAA,IND244901AAB,Stable,FTL,0.6817032,0.22468750000000004,18.866098124999997,83.9659443671766
IND244501AAA,IND244601AAB,Stable,FTL,0.6866451,0.15031250000000007,10.726961874999999,71.36440332640329
IND244601AAB,IND244901AAB,Stable,FTL,0.6403561,0.24420000000000003,21.755027,89.08692465192463
IND244713AAA,IND244715AAA,Stable,FTL,0.74437666,0.10500000000000007,8.323279999999999,79.26933333333326
IND244713AAA,IND263401AAA,Stable,Carting,0.5326485,0.11750000000000008,8.4353478125,71.79019414893612
IND244715AAA,IND244713AAA,Stable,FTL,0.6643008,0.0890625,8.7993565625,98.79979298245614
IND244715AAA,IND263401AAA,Stable,Carting,0.36005843,0.2,15.9696775,79.84838749999999
IND244901AAB,IND243002AAA,Stable,FTL,0.6218136,0.17177083333333332,15.848252291666666,92.26393086719224
IND244901AAB,IND243201AAA,Stable,Carting,0.4097002,0.3844999999999999,21.960518999999998,57.11448374512355
IND244901AAB,IND243503AAB,Congested,FTL,0.84259987,0.5793750000000003,21.8546825,37.721134843581424
IND244901AAB,IND244221AAA,Stable,FTL,0.6001195,0.18720833333333337,19.5329225,104.33789005119073
IND244901AAB,IND244301AAA,Stable,FTL,0.63207763,0.18308333333333332,24.939897499999997,136.22156121984523
IND244901AAB,IND244921AAB,Stable,Carting,0.23928687,0.12183333333333338,7.019775000000001,57.61785225718193
IND244901AAB,IND246725AAB,Stable,FTL,0.7450353,0.23066964285714278,24.301719999999996,105.35291813431394
IND244901AAC,IND244921AAB,Stable,Carting,0.2042195,0.07750000000000004,6.854388333333333,88.44372043010748
IND244921AAB,IND243201AAA,Stable,Carting,0.45669279,0.15249999999999997,9.502324999999999,62.31032786885247
IND244921AAB,IND262001AAA,Stable,Carting,0.48726708,0.24035714285714296,17.720139999999997,73.7242080237741
IND245101AAA,IND201007AAA,Stable,Carting,0.24965939,0.21350000000000005,10.119116000000002,47.39632786885245
IND245101AAA,IND245304AAA,Stable,Carting,0.038931265,0.09991666666666674,5.534265333333333,55.38881067556293
IND245304AAA,IND201007AAA,Stable,Carting,0.1991592,0.17427884615384623,8.285508942307692,47.5416788965517
IND245304AAA,IND245101AAA,Stable,Carting,0.0023734819,0.058482142857142885,4.74025625,81.05476335877859
IND246001AAA,IND249201AAA,Stable,FTL,0.95517665,0.4318749999999999,30.49305291666667,70.60620067534975
IND246149AAA,IND249407AAA,Stable,Carting,0.5936663,0.3239166666666667,18.499616333333332,57.11227064574221
IND246174AAA,IND246444AAB,Stable,FTL,0.8907336,0.21945312499999994,16.58900140625,75.59245923816306
IND246424AAA,IND246174AAA,Congested,FTL,0.9496692,0.5389285714285715,24.298408333333334,45.086509829909424
IND246444AAB,IND246424AAA,Stable,FTL,0.79285204,0.14666666666666675,9.842690666666668,67.10925454545452
IND246701AAA,IND246763AAA,Stable,Carting,0.58477515,0.11312500000000002,10.488753333333332,92.71826151012888
IND246725AAB,IND246701AAA,Stable,Carting,0.41031104,0.10975000000000001,11.82801725,107.7723667425968
IND246761AAA,IND244501AAA,Stable,FTL,0.9648404,0.10100000000000003,19.438875749999998,192.46411633663357
IND246761AAA,IND244601AAB,Stable,Carting,0.50787646,0.11125000000000007,12.746072499999999,114.57143820224711
IND246761AAA,IND244901AAB,Stable,FTL,0.8227963,0.25375000000000014,31.483357499999997,124.07234482758612
IND246763AAA,IND244901AAB,Stable,FTL,0.86309636,0.3516666666666668,40.93693722222222,116.40835229067926
IND246763AAA,IND246761AAA,Stable,FTL,0.6065913,0.1654545454545455,12.54440409090909,75.81782692307691
IND247554AAA,IND248001AAA,Stable,FTL,0.94657254,0.27546875000000004,24.058593854166663,87.33692607298164
IND247554AAA,IND248001AAD,Stable,FTL,0.9474719,0.35687500000000016,24.138489375,67.63849912434323
IND247667AAA,IND249407AAA,Stable,Carting,0.36928225,0.1863392857142858,9.601854999999999,51.52888164829896
IND247667AAB,IND249407AAA,Stable,Carting,0.4192618,0.221875,9.44141625,42.552861971830986
IND247776AAA,IND251309AAB,Stable,FTL,0.8141155,0.08160714285714286,8.593152499999999,105.29902407002186
IND248001AAA,IND131028AAB,Congested,FTL,0.8008706,0.6874768518518521,50.53357361111111,73.50585474258389
IND248001AAD,IND131028AAB,Congested,FTL,0.7404455,0.6392938931297711,44.794320381679384,70.06843153526968
IND248122AAB,IND248001AAA,Stable,Carting,0.3335529,0.18633333333333332,11.623077666666665,62.37787656529517
IND248197AAA,IND248122AAB,Stable,Carting,0.36228842,0.264537037037037,15.184486851851853,57.400230311515585
IND249201AAA,IND246174AAA,Stable,FTL,0.94208807,0.4768750000000002,29.36117333333333,61.56995718654431
IND249201AAA,IND249407AAA,Congested,Carting,0.18512625,0.7316176470588237,7.494214411764705,10.24334834170854
IND249407AAA,IND131028AAB,Congested,FTL,0.7444734,0.7315598290598293,40.156666965811965,54.89184256798199
IND249407AAA,IND246149AAA,Stable,FTL,0.706056,0.2895000000000001,21.803668000000002,75.31491537132986
IND249407AAA,IND249201AAA,Stable,Carting,0.195253,0.14055555555555563,7.227638055555555,51.42193083003949
IND250002AAA,IND131028AAB,Stable,FTL,0.6268603,0.27449999999999997,21.13551533333333,76.99641287188828
IND250221AAA,IND251201AAA,Stable,Carting,0.037932195,0.125,6.99503,55.96024
IND250611AAA,IND247776AAA,Stable,Carting,0.5238972,0.13170454545454552,11.518067272727272,87.45383261432265
IND251001AAA,IND247554AAA,Stable,Carting,0.5276088,0.1109375,8.620217083333333,77.70336525821597
IND251201AAA,IND131028AAB,Congested,FTL,0.689032,0.8850000000000003,28.977873749999997,32.74336016949151
IND251201AAA,IND250002AAA,Stable,Carting,0.29242566,0.16375000000000003,11.2004725,68.3998320610687
IND251309AAB,IND131028AAB,Stable,Carting,0.40172356,0.2544166666666667,18.468515333333333,72.59160956436291
IND261001AAA,IND262701AAA,Stable,FTL,0.61143583,0.21165254237288142,15.010705084745764,70.92144944944944
IND261201AAB,IND261001AAA,Stable,Carting,0.5436225,0.14927631578947367,11.418330000000001,76.49123666813576
IND262001AAA,IND244901AAB,Stable,FTL,0.65485436,0.1885714285714286,24.67556,130.8552424242424
IND262001AAA,IND262122AAB,Stable,Carting,0.31862825,0.11912500000000001,11.6880505,98.11584889821614
IND262122AAB,IND244901AAB,Stable,FTL,0.67296743,0.40256250000000005,29.465498999999998,73.19484303679552
IND262405AAA,IND263153AAB,Congested,Carting,0.35107696,0.5666666666666667,12.468866666666667,22.00388235294118
IND262501AAA,IND263153AAB,Stable,FTL,0.8727809,0.5735624999999999,45.382555749999995,79.12399389778795
IND262701AAA,IND262802AAA,Stable,FTL,0.6739236,0.10968750000000008,9.959315625,90.79717948717942
IND262802AAA,IND262723AAB,Stable,FTL,0.71029973,0.3427380952380953,24.882568333333328,72.5993657519972
IND263002AAA,IND263645AAA,Stable,FTL,0.8993797,0.21134615384615382,16.55578076923077,78.33490445859873
IND263139AAA,IND263153AAB,Stable,Carting,0.38524258,0.15583333333333335,10.821165833333332,69.44063636363634
IND263153AAB,IND131028AAB,Congested,FTL,0.9034392,0.6320053475935832,56.56606136363636,89.50250433642167
IND263153AAB,IND244713AAA,Congested,Carting,0.5642402,0.3974999999999999,15.188436666666666,38.20990356394131
IND263153AAB,IND244715AAA,Stable,FTL,0.77542925,0.2828645833333333,19.980734375,70.63710182286873
IND263153AAB,IND263002AAA,Stable,FTL,0.84886193,0.32168918918918926,29.264005135135132,90.9698122243226
IND263153AAB,IND263139AAA,Stable,Carting,0.435931,0.17732142857142866,10.9028925,61.486604229607224
IND263153AAB,IND263401AAA,Stable,Carting,0.35977367,0.20499999999999996,12.4166875,60.569207317073186
IND263153AAB,IND263645AAA,Stable,FTL,0.95196164,0.34125000000000016,28.124836249999998,82.41710256410252
IND263401AAA,IND244713AAA,Stable,Carting,0.53132427,0.13250000000000003,8.52887,64.36883018867923
IND263401AAA,IND263153AAB,Stable,Carting,0.4003366,0.1905000000000001,11.275287333333335,59.18786001749778
IND263601AAA,IND262501AAA,Stable,FTL,0.7096176,0.4492500000000002,30.886387,68.75100055648299
IND263601AAA,IND263153AAB,Stable,FTL,0.85181475,0.4481250000000003,28.272229999999997,63.09005299860525
IND263601AAA,IND263645AAA,Stable,Carting,0.44474718,0.2375,16.6872825,70.26224210526316
IND263645AAA,IND262501AAA,Congested,FTL,0.7347629,0.5693749999999999,38.973733749999994,68.45002634467619
IND263645AAA,IND263601AAA,Stable,Carting,0.4197685,0.2553750000000001,16.812669999999997,65.83522271169845
IND271001AAA,IND271201AAA,Congested,Carting,0.30577448,0.3821000000000003,10.2888478,26.92710756346504
IND271001AAA,IND271210AAA,Congested,Carting,0.5295558,1.076785714285715,14.37474,13.349675621890539
IND271201AAA,IND271210AAA,Stable,Carting,0.2312421,0.07444444444444448,7.240002777777778,97.25376865671637
IND271210AAA,IND271001AAA,Stable,Carting,0.48098597,0.24510416666666662,14.407565277777778,58.78139679841338
IND272001AAA,IND272175AAA,Stable,FTL,0.6778488,0.08625000000000001,10.1989825,118.2490724637681
IND272001AAA,IND273014AAB,Stable,FTL,0.81703246,0.21816666666666673,35.526897,162.8429197860962
IND272155AAA,IND272001AAA,Stable,Carting,0.5568057,0.07666666666666669,11.447595833333333,149.3164673913043
IND272207AAB,IND272153AAC,Stable,Carting,0.1570283,0.09357142857142857,6.0117199999999995,64.24738931297709
IND273014AAB,IND209304AAA,Congested,FTL,0.9487213,0.9312777777777778,74.34801655555555,79.8344149615224
IND273014AAB,IND273155AAA,Stable,Carting,0.3640781,0.13059523809523815,10.783603333333334,82.57271467639012
IND273014AAB,IND273304AAA,Stable,Carting,0.48667976,0.2644444444444446,19.987897222222223,75.58448529411761
IND273014AAB,IND274001AAA,Stable,FTL,0.678683,0.22161458333333334,14.935231354166666,67.39281833137484
IND273014AAB,IND274301AAB,Stable,FTL,0.6252963,0.2150000000000001,16.923841666666664,78.71554263565886
IND273014AAB,IND277303AAC,Stable,FTL,0.7782435,0.3044444444444444,28.46459233333333,93.49683613138686
IND273155AAA,IND273014AAB,Stable,Carting,0.55344933,0.18200000000000002,11.622218999999998,63.858346153846135
IND273155AAA,IND273303AAA,Stable,Carting,0.061947033,0.04000000000000001,5.908851666666667,147.72129166666664
IND273303AAA,IND273304AAA,Stable,Carting,0.28326452,0.17000000000000004,8.4869925,49.92348529411763
IND273304AAA,IND273014AAB,Congested,Carting,0.55778855,0.3610999999999999,19.17184395,53.09289379673222
IND274001AAA,IND273014AAB,Congested,FTL,0.82129574,0.5175000000000002,15.71654,30.370125603864725
IND274001AAA,IND274509AAB,Stable,FTL,0.6251758,0.12666666666666668,9.924111458333332,78.34824835526314
IND274301AAB,IND273014AAB,Congested,FTL,0.860895,0.34933333333333344,14.503940499999999,41.518913645038154
IND274304AAA,IND274304AAB,Stable,Carting,0.16487761,0.15125000000000005,6.6139616666666665,43.72867217630852
IND274304AAB,IND274301AAB,Stable,FTL,0.89021176,0.09817307692307699,8.5656725,87.25072869735547
IND274304AAB,IND274304AAA,Stable,Carting,0.28173977,0.08000000000000002,5.576235,69.70293749999998
IND274402AAA,IND274301AAB,Stable,FTL,0.61568165,0.18500000000000003,11.785217499999998,63.70387837837836
IND274402AAA,IND274304AAB,Stable,Carting,0.17185533,0.1,6.27501875,62.750187499999996
IND274509AAB,IND274001AAA,Stable,Carting,0.582335,0.13000000000000006,10.224794999999999,78.65226923076918
IND274509AAB,IND274304AAA,Stable,FTL,0.6652155,0.2179166666666667,16.262464166666664,74.62698661567875
IND274509AAB,IND274402AAA,Stable,FTL,0.669749,0.25416666666666665,15.9985875,62.94526229508197
IND275101AAA,IND275503AAA,Stable,Carting,0.17373478,0.11375000000000005,5.573015,48.99353846153844
IND275303AAA,IND276140AAA,Stable,FTL,0.79477316,0.09437500000000003,8.13619625,86.21135099337745
IND275503AAA,IND275303AAA,Stable,Carting,0.107924215,0.1375,6.611394999999999,48.082872727272715
IND276128AAA,IND276305AAA,Stable,Carting,0.40058863,0.13250000000000003,10.971312916666667,82.80236163522011
IND276129AAA,IND221010AAB,Congested,FTL,0.6448989,0.5075000000000003,22.73656,44.80110344827584
IND276140AAA,IND276129AAA,Stable,Carting,0.33457404,0.2,12.60637,63.03185
IND276305AAA,IND223101AAB,Stable,Carting,0.5860693,0.13053571428571425,9.70051,74.31307250341999
IND277201AAA,IND221706AAA,Stable,FTL,0.7636935,0.24098214285714287,21.9932925,91.26523749536865
IND277211AAA,IND277201AAA,Stable,Carting,0.5046481,0.12950000000000006,8.233155,63.57648648648646
IND277303AAC,IND277211AAA,Stable,Carting,0.44517636,0.11104166666666669,11.795431666666666,106.22527579737333
IND281121AAB,IND110037AAM,Stable,FTL,0.8045898,0.43579545454545465,34.844490757575755,79.95606744893522
IND281401AAA,IND121004AAB,Stable,Carting,0.5848175,0.21761904761904774,19.2546,88.47846827133475
IND281401AAA,IND321022AAA,Stable,Carting,0.19169997,0.09420000000000002,9.563885800000001,101.5274501061571
IND282001AAA,IND000000ACB,Stable,FTL,0.86303556,0.4222500000000001,44.527339500000004,105.4525506216696
IND282001AAA,IND110037AAM,Congested,FTL,0.75322986,0.5512804878048783,43.12768121951219,78.23182966486004
IND282001AAC,IND000000ACB,Stable,FTL,0.8597545,0.4285937500000003,44.374017187499994,103.53398104265395
IND282001AAF,IND283122AAB,Stable,Carting,0.26591375,0.08587499999999999,7.104474124999999,82.73041193595343
IND282002AAD,IND110037AAM,Stable,FTL,0.8370967,0.4490624999999999,45.195832499999995,100.64486012526096
IND282002AAD,IND204101AAA,Stable,Carting,0.5750887,0.18972222222222232,13.251878888888887,69.8488491947291
IND282002AAD,IND205001AAB,Stable,FTL,0.6739377,0.31130952380952387,31.827389166666666,102.23712007648182
IND282002AAD,IND281004AAA,Stable,FTL,0.83530843,0.19912500000000008,26.54765225,133.32154300062768
IND282002AAD,IND474003AAA,Stable,FTL,0.7440033,0.3014285714285715,27.80766285714286,92.25290995260661
IND283122AAB,IND282005AAA,Congested,Carting,0.407188,0.9699999999999999,8.54811,8.812484536082476
IND283122AAB,IND328001AAA,Stable,Carting,0.40386042,0.1313095238095239,17.730778333333333,135.03040616500445
IND283203AAA,IND110037AAM,Congested,FTL,0.8280922,0.5991923076923077,52.430724769230764,87.50233288401051
IND283203AAA,IND282002AAD,Stable,FTL,0.7748811,0.13625000000000007,12.347964999999999,90.62726605504582
IND284001AAA,IND284403AAA,Stable,FTL,0.75348634,0.241851851851852,25.40675148148148,105.05088667687588
IND284403AAA,IND472001AAA,Stable,FTL,0.6189081,0.26749999999999996,21.489562499999998,80.33481308411216
IND284403AAA,IND474003AAA,Congested,FTL,0.957149,1.3025000000000007,78.14292499999999,59.99456813819574
IND285001AAD,IND285205AAB,Stable,Carting,0.42974845,0.10011904761904766,9.287833333333332,92.76789536266344
IND285205AAB,IND210431AAA,Stable,FTL,0.67236996,0.26716666666666666,18.83400633333333,70.49534497816593
IND301001AAB,IND302014AAA,Congested,FTL,0.7912998,0.4606250000000003,34.457753749999995,74.80652103120754
IND301001AAB,IND321001AAB,Stable,Carting,0.5695483,0.21529411764705889,19.031281568627453,88.3966630236794
IND301001AAB,IND321606AAA,Stable,Carting,0.5041808,0.34027777777777785,19.929241111111107,58.56756571428569
IND301019AAA,IND123001AAA,Stable,FTL,0.75966793,0.27156250000000004,19.21359125,70.75200460299193
IND301019AAA,IND301705AAA,Stable,FTL,0.70871407,0.28638888888888897,14.887053611111112,51.98195247332686
IND301705AAA,IND123001AAA,Stable,Carting,0.3600576,0.17000000000000004,14.4036725,84.72748529411763
IND302004AAA,IND302014AAB,Stable,Carting,0.018551545,0.12833333333333338,5.594670666666667,43.59483636363635
IND302004AAA,IND302033AAB,Stable,Carting,0.00011470454,0.07250000000000002,4.4617474999999995,61.54134482758618
IND302006AAA,IND302014AAB,Stable,Carting,0.00023657239,0.10451923076923073,4.483179615384615,42.89334682612697
IND302006AAC,IND302014AAB,Stable,Carting,0.031455915,0.10500000000000007,5.75834,54.841333333333296
IND302014AAA,IND000000ACB,Stable,FTL,0.8410849,0.40684010152284267,42.80322228426395,105.20895586262826
IND302014AAA,IND110037AAM,Stable,FTL,0.8635139,0.4981006493506494,52.240084318181815,104.87857100022812
IND302014AAA,IND301001AAB,Stable,FTL,0.79172647,0.3108928571428571,32.35411361111111,104.06837232752571
IND302014AAA,IND303702AAB,Stable,FTL,0.81904614,0.18083333333333335,14.089756666666666,77.91570506912441
IND302014AAA,IND305001AAC,Stable,FTL,0.7721644,0.38425595238095267,30.01559833333333,78.11355464332733
IND302014AAA,IND306401AAB,Congested,FTL,0.8922029,0.6305769230769229,57.94402384615384,91.89049222323881
IND302014AAA,IND313001AAB,Congested,FTL,0.9370452,0.7097346368715084,74.89648337988827,105.52744573666293
IND302014AAA,IND332404AAA,Stable,FTL,0.8824505,0.2431250000000001,20.50601,84.34348586118249
IND302014AAB,IND302004AAA,Stable,Carting,0.012275699,0.08333333333333333,5.442425882352941,65.3091105882353
IND302014AAB,IND302006AAA,Stable,Carting,0.002590329,0.06882812499999999,4.76594453125,69.24414301929626
IND302014AAB,IND302006AAC,Stable,Carting,0.07902385,0.10838888888888895,5.8895246666666665,54.33697796002047
IND302014AAB,IND302020AAA,Stable,Carting,0.0001626853,0.0660416666666667,4.585928472222221,69.43992639327018
IND302014AAB,IND302023AAA,Stable,Carting,0.32717606,0.13245454545454544,7.3456103636363625,55.45759368565545
IND302014AAB,IND302026AAA,Stable,Carting,0.033685874,0.1182894736842106,5.894725789473684,49.83305450500553
IND302014AAB,IND303008AAB,Stable,Carting,0.43743566,0.13871428571428576,15.313001,110.39238619979399
IND302014AAB,IND303301AAB,Stable,Carting,0.27564746,0.08048076923076923,10.602675192307691,131.74172281959378
IND302014AAB,IND303303AAA,Stable,Carting,0.3926419,0.11972222222222229,12.938770833333333,108.07325986078881
IND302014AAB,IND303603AAB,Stable,Carting,0.53848344,0.1864285714285715,17.832915,95.65548275862065
IND302014AAB,IND303901AAA,Stable,Carting,0.2013686,0.09525000000000006,6.764258666666667,71.01583902012244
IND302014AAB,IND304001AAA,Stable,Carting,0.50669044,0.1765625,16.294586875,92.2879256637168
IND302020AAA,IND302014AAB,Stable,Carting,0.00011213582,0.13618421052631574,4.297901447368421,31.5594695652174
IND302022AAD,IND000000ACB,Stable,FTL,0.7157176,0.37534313725490187,40.06631908496732,106.74584162639853
IND302026AAA,IND302014AAB,Congested,Carting,0.14056842,0.45812500000000017,7.214471249999999,15.747822646657564
IND303002AAA,IND302014AAA,Stable,FTL,0.6638565,0.15249999999999997,13.539524249999998,88.7837655737705
IND303008AAB,IND303338AAB,Stable,Carting,0.19866472,0.08266666666666668,9.108171333333333,110.17949193548385
IND303106AAA,IND302014AAA,Stable,FTL,0.72740036,0.25535714285714284,20.213234999999997,79.15672447552447
IND303106AAA,IND303002AAA,Stable,FTL,0.7949499,0.07803571428571428,9.171165,117.52522654462244
IND303108AAB,IND303106AAA,Stable,FTL,0.69500095,0.0969444444444445,12.118415555555554,125.00371346704863
IND303301AAB,IND303303AAA,Stable,Carting,0.29521194,0.05941489361702127,7.904568297872341,133.04018263205018
IND303303AAA,IND322230AAA,Stable,Carting,0.5075778,0.14928278688524596,19.961745942622947,133.7176667124227
IND303338AAB,IND303603AAB,Stable,Carting,0.21443415,0.08000000000000002,11.128146458333333,139.10183072916664
IND303503AAA,IND302014AAB,Stable,Carting,0.5846431,0.15632812500000004,17.194461484374997,109.98955872063964
IND303603AAB,IND302014AAB,Stable,Carting,0.4557715,0.29722222222222217,17.542837083333335,59.022629439252356
IND303603AAB,IND303338AAB,Stable,Carting,0.3845603,0.08000000000000002,15.295166249999998,191.18957812499994
IND303702AAB,IND332001AAB,Stable,FTL,0.76608306,0.16796875,20.0443271875,119.33366883720929
IND303702AAB,IND332404AAA,Stable,FTL,0.69123846,0.07937499999999999,10.3361671875,130.21942913385828
IND303901AAA,IND304001AAA,Stable,Carting,0.44988573,0.12152777777777786,12.016909722222222,98.88199999999993
IND304001AAA,IND322001AAC,Stable,Carting,0.48281798,0.12749999999999997,16.203055,127.08278431372551
IND305001AAC,IND305802AAA,Stable,Carting,0.437094,0.1269318181818182,9.180695681818182,72.32777260519248
IND305001AAC,IND305901AAA,Stable,FTL,0.72743136,0.1861274509803922,15.142308725490194,81.3545161969976
IND305001AAC,IND306401AAB,Stable,FTL,0.78564143,0.3289077669902914,32.837096504854365,99.83679256143454
IND305001AAC,IND342602AAC,Stable,FTL,0.849864,0.25850000000000006,28.418613999999998,109.93661121856863
IND305404AAA,IND305001AAC,Congested,FTL,0.61823,0.4175000000000002,24.949111249999998,59.758350299401165
IND305404AAA,IND305601AAC,Stable,Carting,0.563896,0.1588157894736842,15.559347631578946,97.97103728251865
IND305601AAC,IND305001AAC,Stable,Carting,0.42522383,0.17050000000000007,13.545874999999999,79.44794721407621
IND305624AAA,IND305404AAA,Stable,FTL,0.73245305,0.23635416666666675,22.98174375,97.23434993389155
IND305802AAA,IND341512AAA,Stable,Carting,0.46904328,0.14854166666666668,11.316132916666666,76.18153997194949
IND305901AAA,IND305624AAA,Congested,FTL,0.77117014,0.6160000000000001,22.480486,36.494295454545444
IND305901AAA,IND342602AAC,Stable,FTL,0.82985705,0.19583333333333333,19.33464361111111,98.73009503546099
IND306116AAA,IND306001AAA,Stable,FTL,0.66321313,0.30574999999999997,25.232357500000003,82.52610793131645
IND306304AAB,IND311302AAA,Stable,FTL,0.6091411,0.17749999999999996,17.4080025,98.07325352112677
IND306401AAB,IND302014AAA,Congested,FTL,0.9065165,0.6290322580645162,62.462885645161286,99.29997205128203
IND306401AAB,IND305001AAC,Congested,FTL,0.70962864,0.5596601208459214,34.65355783987915,61.91893356185643
IND306401AAB,IND342005AAD,Stable,FTL,0.747144,0.16490740740740742,17.297740833333332,104.89365581134193
IND306401AAB,IND343001AAA,Stable,FTL,0.79489243,0.2375,25.06609525,105.54145368421054
IND306902AAA,IND306116AAA,Stable,Carting,0.421607,0.10249999999999998,10.808559999999998,105.44936585365853
IND307001AAA,IND306902AAA,Stable,Carting,0.41200215,0.07875000000000003,10.108017499999999,128.35577777777772
IND311001AAA,IND313324AAA,Stable,FTL,0.801762,0.30449999999999994,31.404905,103.13597701149428
IND311301AAA,IND305624AAA,Stable,FTL,0.75793654,0.2352083333333333,12.523793333333332,53.24553410097432
IND311302AAA,IND305624AAA,Congested,FTL,0.82334495,0.32750000000000007,12.606720000000001,38.493801526717554
IND312001AAA,IND311001AAA,Stable,FTL,0.6308506,0.14301282051282058,15.754798589743588,110.16354011653961
IND312001AAA,IND312601AAA,Stable,Carting,0.5041736,0.17312500000000006,18.486865833333333,106.7833405535499
IND312403AAA,IND312001AAA,Stable,FTL,0.6121726,0.23861111111111105,23.176126296296292,97.12928366317423
IND312601AAA,IND458664AAA,Stable,Carting,0.4276375,0.14333333333333337,16.62857583333333,116.0133197674418
IND312605AAB,IND313001AAB,Congested,FTL,0.74449855,0.4798809523809524,35.78621416666666,74.57310816174645
IND312605AAB,IND458001AAB,Stable,Carting,0.46134934,0.11625000000000002,10.707113958333332,92.10420609318994
IND313001AAB,IND306401AAB,Stable,FTL,0.8596309,0.43709745762711855,41.39167508474576,94.69667316174692
IND313001AAB,IND311001AAA,Congested,FTL,0.8061524,0.44083333333333363,32.35972833333333,73.40581096408312
IND313001AAB,IND312001AAA,Stable,FTL,0.76299477,0.28126923076923094,25.63944223076923,91.15622836045392
IND313001AAB,IND327001AAB,Congested,FTL,0.8771518,0.634107142857143,43.72402374999999,68.95368431427764
IND313001AAB,IND382430AAB,Congested,FTL,0.917339,0.5852112676056341,51.5849203169014,88.14751726835132
IND313324AAA,IND313001AAB,Stable,FTL,0.75443083,0.18609756097560973,17.043018658536585,91.58109633027524
IND321001AAA,IND301001AAB,Congested,FTL,0.69166607,0.9465000000000003,26.865167,28.38369466455361
IND321001AAA,IND321401AAB,Stable,Carting,0.4337849,0.09349999999999999,11.751298999999998,125.6823422459893
IND321001AAB,IND321001AAA,Stable,Carting,0.45132634,0.11000000000000003,9.991272083333333,90.8297462121212
IND321001AAB,IND321401AAB,Stable,Carting,0.53255886,0.2091666666666666,17.586146666666668,84.07719521912354
IND321022AAA,IND121004AAB,Stable,FTL,0.6109367,0.35830128205128203,21.314257820512818,59.4869705698184
IND321408AAB,IND301001AAB,Congested,FTL,0.68253684,0.7099999999999999,25.80335625,36.342755281690145
IND321408AAB,IND321606AAA,Stable,Carting,0.37972748,0.14781249999999999,13.2006875,89.30697674418606
IND321606AAA,IND301001AAB,Congested,FTL,0.64389485,0.5256944444444442,18.013070833333334,34.26528665785999
IND321606AAA,IND321001AAA,Stable,Carting,0.5561583,0.14125000000000001,15.373084999999998,108.83599999999997
IND322001AAC,IND302014AAB,Stable,FTL,0.6714957,0.31763888888888897,29.151191805555555,91.77463095758634
IND322201AAA,IND302014AAB,Stable,FTL,0.67114025,0.24670454545454562,25.454628181818183,103.17859419622287
IND322201AAA,IND303503AAA,Stable,Carting,0.30910185,0.09285714285714289,10.4760975,112.8195115384615
IND322230AAA,IND322241AAA,Stable,Carting,0.2257948,0.08668181818181822,8.700029545454544,100.367409543786
IND322241AAA,IND322201AAA,Stable,Carting,0.34257004,0.09883333333333333,8.491721,85.91960539629005
IND327001AAB,IND312605AAB,Stable,FTL,0.83301735,0.1464285714285714,21.5794125,147.37159756097563
IND328001AAA,IND000000ACB,Stable,FTL,0.86911976,0.45525,53.31230099999999,117.1055485996705
IND328001AAA,IND282002AAD,Stable,Carting,0.49578652,0.3535714285714287,16.370015,46.299032323232304
IND328001AAA,IND474003AAA,Stable,Carting,0.5854738,0.1751315789473684,17.525653157894737,100.07134785875284
IND331022A1B,IND331001A1C,Stable,FTL,0.74249476,0.22333333333333344,16.479878333333332,73.79049999999995
IND331023AAA,IND331304AAA,Stable,Carting,0.37769103,0.08000000000000002,10.319195833333334,128.98994791666664
IND331304AAA,IND332001AAB,Congested,FTL,0.83479846,0.6908928571428571,33.148525,47.979255621607656
IND331507AAA,IND302014AAA,Congested,FTL,0.8522179,0.6240624999999999,43.42294833333332,69.58108896678351
IND331701AAA,IND125001AAA,Congested,Carting,0.50643444,0.6266666666666666,18.81396416666667,30.022283244680857
IND332001AAB,IND333001AAA,Stable,Carting,0.587355,0.1327777777777778,16.116535555555554,121.37976569037654
IND332001AAB,IND333028AAA,Stable,FTL,0.61549497,0.24750000000000014,24.06691875,97.2400757575757
IND332001AAB,IND333031AAA,Stable,FTL,0.6871142,0.40700000000000025,26.830377,65.92230221130217
IND332001AAB,IND333042AAA,Stable,Carting,0.38780427,0.1525892857142857,11.226954999999998,73.57629959040374
IND332001AAB,IND334001AAB,Stable,FTL,0.8807744,0.3485277777777777,41.792688,119.91207204909541
IND332001AAB,IND334001AAC,Stable,FTL,0.8455325,0.3441666666666668,41.76181592592592,121.34183804143122
IND332404AAA,IND332001AAB,Stable,FTL,0.7351415,0.10736111111111117,14.374676944444444,133.89091073738672
IND332713AAA,IND332709AAA,Stable,Carting,0.41772377,0.16854166666666673,10.982151250000001,65.15985908529046
IND332713AAA,IND332715AAB,Stable,Carting,0.5191372,0.17250000000000001,12.9849125,75.27485507246377
IND333001AAA,IND333028AAA,Stable,Carting,0.3440257,0.12375000000000007,11.65983,94.22084848484843
IND333028AAA,IND333502AAA,Stable,Carting,0.22004692,0.12250000000000003,12.836529999999998,104.78799999999997
IND333028AAA,IND333504AAA,Stable,Carting,0.36889452,0.16750000000000007,11.8086325,70.49929850746265
IND333031AAA,IND331023AAA,Stable,Carting,0.5462763,0.16350000000000003,11.880253000000002,72.6620978593272
IND333042AAA,IND333031AAA,Stable,FTL,0.6429123,0.2021794871794872,20.1560791025641,99.69398668357638
IND333504AAA,IND332713AAA,Stable,Carting,0.46834317,0.140625,12.642586249999997,89.90283555555554
IND334001AAB,IND334803AAA,Stable,FTL,0.83578235,0.17166666666666675,16.262359166666666,94.7321893203883
IND334001AAC,IND334803AAA,Stable,FTL,0.81955737,0.14416666666666664,16.421343750000002,113.90527456647402
IND334001AAC,IND341001AAC,Stable,FTL,0.84201527,0.20950000000000013,25.161482499999998,120.1025417661097
IND334803AAA,IND341001AAC,Stable,FTL,0.859283,0.12972222222222218,14.696441666666667,113.2916274089936
IND335001AAA,IND125104AAA,Stable,FTL,0.7121404,0.23300000000000007,24.895101,106.84592703862658
IND335051AAA,IND335513AAA,Stable,Carting,0.5244343,0.30753048780487807,23.014289268292682,74.83579736294239
IND335501AAA,IND331701AAA,Stable,Carting,0.5338533,0.09000000000000004,8.245194999999999,91.61327777777772
IND335513AAA,IND335001AAA,Stable,FTL,0.6421108,0.16833333333333336,16.352565833333333,97.14395544554453
IND335513AAA,IND335803AAA,Stable,Carting,0.17571294,0.07230000000000002,7.855770999999999,108.65520055325031
IND335513AAA,IND335804AAD,Stable,Carting,0.30533794,0.12083333333333333,11.722165,97.01102068965517
IND335523AAB,IND125001AAA,Congested,FTL,0.692638,0.8005000000000005,30.090745999999996,37.58993878825731
IND335524AAA,IND335523AAB,Stable,Carting,0.43069237,0.1125,11.72129,104.18924444444444
IND335701AAA,IND335051AAA,Stable,Carting,0.40182388,0.10500000000000007,12.297213833333334,117.11632222222215
IND335703AAA,IND335701AAA,Stable,Carting,0.2422929,0.07457142857142855,8.746284999999999,117.28734674329503
IND335803AAA,IND335804AAD,Stable,Carting,0.20514263,0.06529411764705882,6.612891764705881,101.27852252252251
IND335804AAD,IND335701AAA,Stable,Carting,0.41134888,0.12781250000000005,16.044428749999998,125.5309828850855
IND335804AAD,IND335703AAA,Stable,Carting,0.20245478,0.08758620689655175,10.765382068965517,122.911842519685
IND341001AAC,IND341030AAA,Stable,Carting,0.42711663,0.12749999999999997,11.758346249999999,92.22232352941178
IND341001AAC,IND341303AAA,Stable,FTL,0.7282935,0.2297321428571429,21.24778125,92.48937038476484
IND341030AAA,IND341303AAA,Stable,FTL,0.701405,0.12944444444444442,14.729112222222222,113.78713304721032
IND341303AAA,IND341306AAA,Stable,FTL,0.65423393,0.09000000000000004,10.203465,113.37183333333329
IND341306AAA,IND302014AAA,Congested,FTL,0.87063086,0.519921875,43.31943984375,83.31913298271975
IND341503AAB,IND341510AAB,Stable,FTL,0.7217443,0.1538541666666667,13.265968333333332,86.22430331753552
IND341505AAA,IND341503AAB,Stable,FTL,0.82573646,0.26819444444444446,22.96991375,85.64649352667011
IND341505AAA,IND341510AAB,Stable,FTL,0.7786249,0.3237499999999999,26.508273749999994,81.87883783783784
IND341510AAB,IND305001AAC,Stable,FTL,0.63533866,0.26857142857142857,19.19620333333333,71.47522517730495
IND341512AAA,IND341505AAA,Stable,Carting,0.54064184,0.1070833333333334,8.897670833333333,83.09108949416336
IND342005AAD,IND342601AAA,Stable,FTL,0.6379445,0.216851851851852,15.509719814814812,71.52219214346707
IND342005AAD,IND342902A1B,Stable,Carting,0.5635361,0.2618750000000001,23.560494999999996,89.96847732696894
IND342005AAD,IND342902AAA,Stable,Carting,0.5693779,0.3602500000000001,23.78033525,66.01064607911171
IND342005AAD,IND344022AAB,Stable,FTL,0.8046205,0.19736111111111115,24.537061111111107,124.32571428571424
IND342301AAA,IND342005AAD,Congested,FTL,0.8313203,0.9082870370370367,37.38760990740741,41.16276945817831
IND342601AAA,IND342902A1B,Stable,Carting,0.35384145,0.175,12.026734999999999,68.7242
IND342601AAA,IND342902AAA,Stable,Carting,0.33891323,0.15874999999999997,11.7583375,74.06826771653544
IND342602AAC,IND306304AAB,Stable,Carting,0.5499272,0.2025000000000001,17.5249025,86.54272839506169
IND342602AAC,IND311302AAA,Stable,FTL,0.7755318,0.28312499999999996,27.500342916666664,97.1314540103017
IND342902A1B,IND302014AAA,Congested,FTL,0.86417645,0.6530277777777779,50.660189222222215,77.57738789399802
IND342902AAA,IND302014AAA,Congested,FTL,0.8635409,0.6790499999999999,50.6440333,74.58071320226787
IND343001AAA,IND343029AAB,Stable,Carting,0.5878644,0.14750000000000002,18.043281666666665,122.32733333333331
IND343029AAB,IND307001AAA,Stable,Carting,0.53394157,0.1695833333333334,20.784510833333332,122.562226044226
IND344001AAA,IND342301AAA,Stable,FTL,0.8978827,0.4470833333333336,48.70350819444444,108.93608543025776
IND344001AAA,IND345001AAA,Stable,FTL,0.8126441,0.22976190476190486,34.674611666666664,150.91540829015537
IND344001AAA,IND345021AAA,Stable,FTL,0.90159744,0.35178571428571437,38.138548333333326,108.41414754653125
IND344022AAB,IND342301AAA,Stable,FTL,0.9155886,0.5022222222222221,45.707833888888885,91.01117367256639
IND344022AAB,IND344001AAA,Stable,FTL,0.8306389,0.15180555555555558,21.559013194444447,142.01728728270814
IND345001AAA,IND342301AAA,Stable,FTL,0.86753815,0.3114285714285714,35.720445,114.6986766055046
IND345001AAA,IND345021AAA,Stable,FTL,0.82783335,0.165625,25.051382999999998,151.25363320754715
IND345021AAA,IND342301AAA,Stable,FTL,0.7485488,0.11066666666666668,15.878307666666663,143.47868373493972
IND360003AAA,IND360311AAA,Stable,Carting,0.32693172,0.08031250000000002,8.577673125,106.80371206225678
IND360311AAA,IND360050AAA,Stable,Carting,0.34792966,0.09949999999999998,10.555005999999999,106.0804623115578
IND360370AAA,IND360410AAA,Stable,Carting,0.24771263,0.08000000000000002,5.690859999999999,71.13574999999997
IND360410AAA,IND360490AAA,Stable,Carting,0.27580705,0.09500000000000004,6.003252499999999,63.19213157894733
IND360490AAA,IND362001AAA,Stable,Carting,0.42794743,0.1742500000000001,11.890648,68.23901291248202
IND360510AAB,IND360530AAB,Stable,Carting,0.2218524,0.06452702702702702,7.186557567567567,111.37282931937173
IND360530AAB,IND362001AAA,Stable,Carting,0.41630596,0.22790404040404036,17.672350252525252,77.54294404432135
IND360575AAA,IND360510AAB,Stable,Carting,0.32396746,0.11445121951219513,10.797469268292682,94.3412338838572
IND361001AAA,IND361305AAC,Stable,FTL,0.8115956,0.13307291666666668,15.048180729166665,113.08221917808217
IND361305AAC,IND361315AAA,Stable,FTL,0.71889824,0.10102272727272729,12.53227659090909,124.05403149606296
IND361305AAC,IND361335AAA,Stable,FTL,0.82911944,0.17250000000000001,21.55012125,124.92823913043478
IND361315AAA,IND361335AAA,Stable,FTL,0.60979414,0.08818181818181821,11.378735454545454,129.03720618556696
IND361335AAA,IND360002AAB,Stable,FTL,0.830307,0.34249999999999997,50.18172444444444,146.51598377939985
IND362001AAA,IND360370AAA,Stable,FTL,0.68998885,0.09887499999999996,9.869914249999999,99.82214159292037
IND362001AAA,IND360575AAA,Stable,Carting,0.53746927,0.1650892857142858,21.017870312499998,127.31214034613296
IND362001AAA,IND362220AAA,Stable,Carting,0.28475955,0.09430555555555552,8.780683333333332,93.10886597938146
IND362001AAA,IND362265AAA,Stable,Carting,0.5375748,0.15234375,15.914462812499998,104.46416615384614
IND362150AAA,IND362001AAA,Stable,Carting,0.29441243,0.16864035087719303,15.150594298245615,89.83967490247072
IND362220AAA,IND362225AAA,Stable,Carting,0.25514543,0.09555555555555557,7.481551388888888,78.2953052325581
IND362220AAA,IND362265AAA,Stable,Carting,0.32357243,0.0845,10.007634,118.43353846153845
IND362225AAA,IND362265AAA,Stable,Carting,0.44266915,0.08760416666666669,9.433068749999999,107.67831153388818
IND362265AAA,IND362720AAA,Stable,Carting,0.5385539,0.12974358974358977,11.593218717948718,89.35484782608694
IND362560AAA,IND362150AAA,Stable,Carting,0.42828098,0.17050000000000007,16.356650692307692,95.93343514549963
IND362720AAA,IND362560AAA,Stable,Carting,0.25157994,0.09746376811594205,9.265836086956522,95.06954498141262
IND363001AAA,IND363421AAB,Stable,Carting,0.43952635,0.09169642857142861,9.0558625,98.75916260954232
IND363310AAB,IND382430AAB,Stable,FTL,0.79473853,0.34319444444444447,29.692635,86.51840226628894
IND363330AAB,IND363310AAB,Stable,Carting,0.39435285,0.13500000000000004,9.576783124999999,70.93913425925923
IND363421AAB,IND364710AAA,Stable,FTL,0.7731624,0.1568589743589744,15.940190000000001,101.6211540662035
IND363520AAC,IND363001AAA,Stable,FTL,0.65328944,0.11365384615384617,15.61018935897436,137.3485358150028
IND363621AAB,IND360002AAB,Stable,Carting,0.31480038,0.10375000000000002,9.842004375,94.86269277108431
IND363641AAA,IND360002AAB,Stable,Carting,0.42024347,0.17571428571428574,17.054035,97.05548373983738
IND363641AAA,IND363621AAB,Stable,Carting,0.28125057,0.07930555555555555,8.94942611111111,112.84740455341506
IND364004AAB,IND365560AAA,Stable,FTL,0.84412116,0.24028571428571438,26.722134999999998,111.20983650416166
IND364270AAA,IND364001AAA,Stable,FTL,0.6801673,0.13562500000000005,13.493515,99.49135483870964
IND364290AAA,IND365560AAB,Stable,FTL,0.6187473,0.12749999999999997,11.531064999999998,90.43972549019608
IND365560AAA,IND365560AAB,Stable,FTL,0.669688,0.20885416666666667,19.135907291666665,91.62329675810473
IND365560AAB,IND364290AAA,Stable,Carting,0.575866,0.16125000000000006,11.61265159090909,72.01644397463
IND370001AAA,IND370110AAA,Congested,Carting,0.59958774,0.3607500000000002,11.2822535,31.27443797643796
IND370001AAA,IND370201AAA,Congested,FTL,0.6469088,0.4950000000000003,14.884543333333331,30.06978451178449
IND370001AAA,IND370615AAB,Stable,Carting,0.5823697,0.14203125000000003,13.057804375,91.93613641364135
IND370110AAA,IND370001AAA,Stable,FTL,0.6293712,0.13999999999999999,11.82922125,84.4944375
IND370110AAA,IND370615AAB,Stable,FTL,0.7068527,0.2700000000000001,21.4827725,79.56582407407404
IND370201AAA,IND363310AAB,Stable,FTL,0.8338436,0.4389285714285715,34.541934999999995,78.69602766476808
IND370201AAA,IND363330AAB,Stable,FTL,0.71221375,0.2830208333333334,30.483368125000002,107.70715274199483
IND370615AAB,IND370001AAA,Congested,Carting,0.5575944,0.5575000000000003,14.975511249999998,26.861903587443926
IND380005AAA,IND382421AAA,Stable,Carting,0.000117168005,0.08500000000000002,3.8276524999999997,45.03120588235293
IND380005AAA,IND382430AAB,Stable,Carting,0.37846646,0.13083333333333336,7.777175,59.44337579617833
IND380005AAA,IND382721AAA,Stable,Carting,0.021376919,0.09375,5.1434774999999995,54.86375999999999
IND380006AAA,IND382430AAB,Stable,Carting,0.00011801597,0.05076388888888891,4.485259722222223,88.35532147742816
IND380006AAB,IND382430AAB,Stable,Carting,0.0014784667,0.08814814814814818,4.681000462962963,53.103786764705866
IND380021AAA,IND382430AAB,Stable,Carting,0.03243717,0.10900793650793653,5.0674561111111105,46.48703822351655
IND380054AAA,IND382430AAB,Stable,Carting,0.016627483,0.07609375000000002,5.626992291666667,73.94815331964408
IND382421AAA,IND382430AAB,Stable,Carting,0.2996221,0.20979166666666677,10.426819666666665,49.70082859980136
IND382421AAA,IND382721AAA,Stable,Carting,0.0026455277,0.046250000000000006,4.77061875,103.14851351351349
IND382430AAB,IND000000ACB,Congested,FTL,0.9561377,1.4662096774193552,159.8093275985663,108.9948661912008
IND382430AAB,IND313001AAB,Congested,FTL,0.93451,0.5718288590604028,56.162829865771805,98.21615152137551
IND382430AAB,IND364004AAB,Stable,FTL,0.8536374,0.31224025974025976,33.53871181818182,107.41315628574398
IND382430AAB,IND370201AAA,Stable,FTL,0.90822256,0.6791906474820143,66.2105615827338,97.48450133728782
IND382430AAB,IND380005AAA,Stable,Carting,0.3661693,0.09599537037037038,7.747881944444445,80.71099590065107
IND382430AAB,IND380015AAB,Stable,Carting,0.003680515,0.07858695652173917,4.772661376811594,60.73096081143381
IND382430AAB,IND380054AAA,Stable,Carting,0.018107746,0.0906645569620253,5.747898037974684,63.39740942408378
IND382430AAB,IND382345AAA,Stable,Carting,0.023371607,0.09164179104477614,5.838239253731343,63.70717100977197
IND382430AAB,IND384205AAA,Stable,FTL,0.6493804,0.2311184210526316,23.00254342105263,99.52708795900936
IND382430AAB,IND387620AAB,Stable,Carting,0.53426987,0.15666666666666665,16.988959166666667,108.44016489361704
IND382430AAB,IND388320AAA,Stable,FTL,0.65333486,0.14638888888888885,21.82231074074074,149.0708134092347
IND382430AAB,IND389001AAA,Stable,FTL,0.7758195,0.24404761904761899,27.842766666666662,114.08743414634148
IND382430AAB,IND395023AAA,Congested,FTL,0.8716533,0.5394833333333333,52.77930489999999,97.83305922333095
IND382715AAA,IND382430AAB,Stable,FTL,0.6484578,0.22788461538461532,16.940284038461538,74.33711139240508
IND382721AAA,IND382430AAB,Stable,Carting,0.30263972,0.17632575757575755,10.901511515151515,61.825972932330835
IND383001AAA,IND383315AAC,Stable,Carting,0.5633513,0.1038461538461539,13.81363576923077,133.02019629629623
IND383255AAB,IND384205AAA,Stable,FTL,0.74351454,0.29168918918918935,24.2104677027027,83.00090850127398
IND383315AAC,IND383255AAB,Stable,FTL,0.6110027,0.2013297872340426,23.44099159574468,116.4308169088507
IND383315AAC,IND384205AAA,Stable,FTL,0.7685911,0.20700000000000002,29.306843999999998,141.57895652173912
IND384170AAA,IND384265AAB,Stable,Carting,0.5726238,0.07676470588235293,9.116624999999999,118.76063218390806
IND384205AAA,IND382430AAB,Stable,Carting,0.59229153,0.26375000000000004,21.6832525,82.2113838862559
IND384205AAA,IND382715AAA,Stable,Carting,0.4171293,0.12201388888888888,12.048932777777777,98.75050199203187
IND384205AAA,IND383001AAA,Stable,FTL,0.6651475,0.14507575757575755,19.99855772727273,137.8490663185379
IND384205AAA,IND384170AAA,Stable,Carting,0.53786147,0.09750000000000002,9.64119625,98.88406410256408
IND384205AAA,IND384355AAB,Stable,Carting,0.4715435,0.12548076923076923,10.999346346153846,87.65762605363985
IND384205AAA,IND385001AAA,Stable,Carting,0.46291646,0.24666666666666662,18.642796666666666,75.57890540540542
IND384265AAB,IND385320AAA,Stable,Carting,0.55309016,0.1611363636363637,18.849635,116.97939915373762
IND384265AAB,IND385340AAB,Stable,Carting,0.59175813,0.22083333333333333,16.52506333333333,74.8304754716981
IND384355AAB,IND384205AAA,Stable,Carting,0.45536312,0.16499999999999998,10.2883725,62.353772727272734
IND384355AAB,IND385001AAA,Stable,Carting,0.48842412,0.20639705882352952,19.829586617647056,96.07494763092264
IND385001AAA,IND385535AAA,Stable,FTL,0.7733776,0.06960526315789473,8.47233947368421,121.71981096408318
IND385320AAA,IND385340AAB,Stable,Carting,0.3992784,0.06677083333333336,9.393839583333332,140.68776911076435
IND385340AAB,IND384205AAA,Stable,FTL,0.7011892,0.2235937500000001,22.8284809375,102.09802795248075
IND385535AAA,IND384205AAA,Stable,FTL,0.6296547,0.28444029850746283,21.475567462686566,75.50114233241501
IND387001AAA,IND388220AAA,Stable,Carting,0.22419775,0.08041666666666665,6.708528333333334,83.42211398963732
IND387620AAB,IND389230AAB,Stable,Carting,0.42308977,0.21642857142857133,16.291469999999997,75.27411881188121
IND388121AAA,IND388620AAB,Stable,Carting,0.30833745,0.10893518518518519,11.292610648148147,103.66357416064596
IND388220AAA,IND388320AAA,Stable,Carting,0.37178355,0.09916666666666671,7.698122499999999,77.62812605042012
IND388320AAA,IND387001AAA,Stable,Carting,0.038456187,0.06603448275862073,5.901334310344827,89.36746475195815
IND388320AAA,IND388121AAA,Stable,Carting,0.00010873255,0.12749999999999997,3.5900199999999995,28.15701960784314
IND388320AAA,IND388220AAA,Stable,Carting,0.18205748,0.07750000000000004,6.577246666666666,84.86769892473113
IND388320AAA,IND390022AAA,Stable,Carting,0.5466104,0.13333333333333333,11.530612916666666,86.479596875
IND388620AAB,IND388320AAA,Stable,Carting,0.38370335,0.13568840579710142,12.47099760869565,91.9090878504673
IND389001AAA,IND389151AAA,Stable,FTL,0.7790301,0.14726190476190482,17.803755,120.89857881972509
IND389151AAA,IND457661AAA,Stable,Carting,0.591711,0.1845454545454545,12.729566818181818,68.97794827586208
IND390018AAB,IND390020AAA,Stable,Carting,0.00010873255,0.060000000000000026,4.215714999999999,70.26191666666662
IND390020AAA,IND390018AAB,Stable,Carting,0.00011470454,0.09250000000000001,3.97726,42.997405405405395
IND390020AAA,IND390022AAA,Stable,Carting,0.00010911783,0.19416666666666677,4.474773333333332,23.04604291845492
IND390020AAA,IND391110AAD,Stable,Carting,0.1665271,0.1077678571428572,8.661935,80.37586743993367
IND390022AAA,IND382430AAB,Stable,FTL,0.8880664,0.20698717948717943,24.526643076923076,118.49353731805516
IND390022AAA,IND388320AAA,Stable,Carting,0.48472035,0.09496527777777786,12.583316666666665,132.5043948811699
IND390022AAA,IND390020AAA,Stable,Carting,0.00010612413,0.15450000000000005,4.331690999999999,28.036834951456296
IND390022AAA,IND395023AAA,Stable,FTL,0.8087721,0.34377551020408176,36.87346214285714,107.26029355891953
IND391110AAD,IND390020AAA,Stable,Carting,0.25975972,0.21437499999999995,9.119551874999999,42.54018367346939
IND391110AAD,IND390022AAA,Stable,Carting,0.14888139,0.3,9.02456625,30.0818875
IND395001AAA,IND395023AAD,Congested,Carting,0.00016135728,0.3273611111111111,5.003452222222222,15.284198557488333
IND395004AAB,IND395023AAD,Stable,Carting,0.0062256446,0.2482142857142859,5.136279999999999,20.69292661870502
IND395006AAA,IND395023AAD,Congested,Carting,0.0120886555,0.7106250000000003,5.411586249999999,7.615248900615651
IND395009AAA,IND395023AAD,Congested,Carting,0.015702847,0.3592857142857144,5.754199999999999,16.015666003976136
IND395010AAB,IND395023AAA,Stable,Carting,0.03929905,0.05749999999999999,6.219255,108.16095652173917
IND395023AAA,IND110037AAM,High Risk,FTL,0.9657625,1.959052393272962,200.41118103492883,102.30006186823039
IND395023AAA,IND382430AAB,Stable,FTL,0.90165067,0.4525373134328357,52.14664835820895,115.231709762533
IND395023AAA,IND390022AAA,Stable,FTL,0.8357906,0.3141037735849058,35.17576603773585,111.98772188016213
IND395023AAA,IND394221AAA,Stable,Carting,0.011491048,0.12166666666666674,4.677061666666667,38.44160273972601
IND395023AAA,IND396191AAC,Stable,FTL,0.83553994,0.23725,23.428067249999994,98.74843940990515
IND395023AAA,IND411033AAA,Congested,FTL,0.9075979,1.2231168831168835,77.47726909090908,63.344125291994025
IND395023AAA,IND421302AAG,Congested,FTL,0.87862664,0.7624166666666667,54.17331733333334,71.05473909716909
IND395023AAA,IND562132AAA,High Risk,FTL,0.9635305,1.9837272727272723,213.45817552406416,107.60459789948702
IND395023AAD,IND395001AAA,Stable,Carting,0.0006153876,0.09875000000000007,4.935011666666667,49.97480168776368
IND395023AAD,IND395004AAB,Stable,Carting,0.003728793,0.08874999999999998,4.848123823529412,54.62674730737367
IND395023AAD,IND395006AAA,Stable,Carting,0.00068701437,0.06698113207547168,5.266631603773585,78.62858450704228
IND395023AAD,IND395009AAA,Stable,Carting,0.0022749992,0.0953125,4.985994999999999,52.312078688524586
IND395023AAD,IND396445AAA,Stable,Carting,0.20420109,0.06374999999999999,6.292952499999999,98.71298039215687
IND396001AAA,IND395023AAD,Stable,Carting,0.5435808,0.3128378378378379,18.362709324324324,58.69721339092871
IND396105AAA,IND396191AAC,Stable,Carting,0.0007267868,0.05,4.437081249999999,88.74162499999998
IND396191AAB,IND421302AAG,Congested,FTL,0.7857961,0.44770833333333354,34.7723425,77.66740065146577
IND396191AAC,IND395023AAA,Stable,FTL,0.7281451,0.31625000000000014,25.07344,79.28360474308298
IND396191AAC,IND396105AAA,Stable,Carting,0.021987481,0.0375,7.063,188.34666666666666
IND396191AAC,IND396210AAA,Stable,Carting,0.0001270755,0.10750000000000005,3.6022349999999994,33.50916279069765
IND396191AAC,IND396232AAA,Stable,Carting,0.025687346,0.06941176470588234,4.792160882352941,69.0396059322034
IND396191AAC,IND421302AAG,Congested,FTL,0.7794642,0.545406976744186,34.92898581395349,64.04205905553779
IND396232AAA,IND396191AAC,Stable,Carting,0.03292592,0.0943333333333334,5.499256,58.295999999999964
IND396321AAA,IND396001AAA,Stable,Carting,0.43057117,0.0719318181818182,7.357256136363636,102.2809699842022
IND396321AAA,IND396580AAB,Stable,Carting,0.2682393,0.09493749999999998,10.2291371875,107.74601382488481
IND396445AAA,IND396321AAA,Stable,Carting,0.40807492,0.09321428571428575,7.602921666666666,81.5639106002554
IND396580AAB,IND396321AAA,Stable,Carting,0.25494772,0.13558823529411762,10.308187647058823,76.02567895878526
IND400011AAA,IND400072AAB,Stable,Carting,0.005159131,0.07791666666666668,4.872032083333333,62.528754010695174
IND400011AAA,IND400072AAD,Stable,Carting,0.047060367,0.1066822429906542,5.709173504672897,53.51568681559352
IND400015AAA,IND400072AAB,Stable,Carting,0.028171122,0.13133802816901413,5.609214366197183,42.70822734584449
IND400015AAA,IND421302AAG,Stable,Carting,0.44141176,0.115625,9.386378749999999,81.17949189189187
IND400015AAB,IND400072AAB,Stable,Carting,0.062340677,0.15916666666666673,6.209364583333332,39.011714659685836
IND400015AAB,IND421302AAG,Stable,Carting,0.36622417,0.19818181818181818,10.557543977272726,53.2720108944954
IND400016AAA,IND400015AAA,Stable,Carting,0.00011952413,0.04500000000000002,4.279764999999999,95.10588888888883
IND400016AAB,IND400072AAB,Stable,Carting,0.00010873255,0.15,3.9143999999999997,26.096
IND400016AAB,IND400072AAD,Stable,Carting,0.0011861563,0.1015625,5.234083749999999,51.53559384615384
IND400037AAA,IND400072AAJ,Stable,Carting,0.12280404,0.11107142857142864,5.65117,50.87870096463019
IND400064AAB,IND400072AAB,Stable,Carting,8.705835e-05,0.09312500000000004,4.477059999999999,48.07581208053688
IND400064AAB,IND400072AAD,Stable,Carting,7.229567e-05,0.11078125000000003,4.6732,42.18403385049364
IND400072AAA,IND421302AAG,Stable,Carting,0.299741,0.14333333333333337,7.107799999999999,49.58930232558138
IND400072AAB,IND000000AFT,Stable,Carting,0.11630069,0.10179104477611946,6.23390041044776,61.24213013196477
IND400072AAB,IND400011AAA,Stable,Carting,0.01745987,0.11375000000000005,5.3248825,46.81215384615383
IND400072AAB,IND400015AAA,Stable,Carting,0.022843655,0.1170338983050847,5.597168262711864,47.82518863142651
IND400072AAB,IND400015AAB,Stable,Carting,0.019584693,0.09750000000000002,5.414797499999999,55.53638461538459
IND400072AAB,IND400701AAB,Stable,Carting,0.03110417,0.08916666666666669,6.044674999999999,67.79074766355137
IND400072AAB,IND401104AAA,Stable,Carting,0.027460674,0.09338709677419359,5.642511677419355,60.42067772020723
IND400072AAB,IND401104AAB,Stable,Carting,0.019018888,0.08874999999999998,5.213145,58.739661971831
IND400072AAB,IND411033AAA,Stable,FTL,0.7841476,0.3064375000000001,28.676695249999998,93.58089414644093
IND400072AAB,IND421302AAG,Stable,Carting,0.37549227,0.15505555555555559,7.856783666666667,50.67076531709064
IND400072AAB,IND421302AAR,Stable,Carting,0.35387504,0.10685483870967746,7.876470564516129,73.71187547169808
IND400072AAB,IND421302AAS,Stable,Carting,0.38209164,0.17250000000000001,7.8480791666666665,45.496111111111105
IND400072AAC,IND400011AAA,Stable,Carting,0.018890664,0.10352941176470587,5.3145925,51.33413210227273
IND400072AAD,IND421302AAG,Stable,Carting,0.35245967,0.1403723404255319,7.613869468085106,54.240525198939
IND400072AAI,IND000000AFS,Congested,Carting,7.29589e-05,0.28250000000000003,5.15466,18.24658407079646
IND400072AAJ,IND400037AAA,Stable,Carting,0.00010873255,0.2700000000000001,4.8866825,18.09882407407407
IND400102AAB,IND421302AAG,Stable,Carting,0.30796903,0.17215517241379316,8.757120689655173,50.86760140210314
IND400102AAC,IND400052AAA,Stable,Carting,0.00010548372,0.13568181818181818,3.8237627272727273,28.18183584589615
IND400102AAC,IND421302AAG,Stable,Carting,0.2985155,0.21015432098765435,8.784448209876542,41.799988544573345
IND400612AAA,IND421302AAR,Stable,Carting,0.000101899466,0.11395833333333331,5.059527083333333,44.398043875685566
IND400701AAA,IND400705AAA,Stable,Carting,0.040042575,0.1375,6.62375,48.17272727272727
IND400701AAA,IND410206AAA,Stable,Carting,0.1107603,0.09054999999999999,6.543564999999999,72.26466040861402
IND400701AAB,IND421302AAG,Stable,Carting,0.14119792,0.1353921568627451,6.657077549019608,49.168856625633595
IND400705AAA,IND421302AAH,Stable,Carting,0.3179754,0.19157142857142873,7.831163999999999,40.87855928411629
IND400706AAA,IND000000AFT,Stable,Carting,0.00014217757,0.11875,3.6146775,30.439389473684212
IND401104AAA,IND400072AAB,Stable,Carting,0.024675708,0.15004237288135597,5.853857966101694,39.01469867269132
IND401104AAA,IND401208AAA,Stable,Carting,0.263575,0.0952702702702703,6.792805202702702,71.30036666666665
IND401104AAA,IND401209AAA,Stable,Carting,0.272314,0.10625,6.73995,63.43482352941177
IND401104AAA,IND421302AAG,Stable,Carting,0.35508353,0.14481481481481484,8.536912222222222,58.950544757033235
IND401104AAB,IND400072AAB,Stable,Carting,0.02846543,0.10249999999999998,5.703051666666666,55.63952845528456
IND401104AAB,IND421302AAG,Stable,Carting,0.42947116,0.19966666666666674,9.036028555555555,45.25556872565385
IND401209AAA,IND401104AAA,Stable,Carting,0.39290294,0.17849137931034492,7.472584482758621,41.865240280125555
IND401209AAB,IND401104AAA,Stable,Carting,0.45749718,0.18045454545454548,7.3097818181818175,40.50760705289672
IND401209AAB,IND421302AAG,Stable,Carting,0.29299626,0.1516666666666667,9.06514,59.77015384615383
IND401209AAB,IND421302AAH,Stable,Carting,0.29634714,0.17250000000000001,8.94480347457627,51.85393318594939
IND401501AAA,IND401602AAA,Stable,Carting,0.3698017,0.10676470588235294,7.8826746078431364,73.83221395775941
IND401602AAA,IND401501AAA,Congested,Carting,0.35940015,0.4273387096774196,8.535137258064516,19.97276882430646
IND402107AAA,IND402109AAA,Stable,Carting,0.35383123,0.11821428571428569,9.947493,84.14797703927493
IND402109AAA,IND402301AAA,Stable,Carting,0.55775535,0.1359873949579832,14.275273823529412,104.97497821720994
IND402301AAA,IND402107AAA,Stable,FTL,0.647385,0.2080973451327433,18.74272703539823,90.06711269402511
IND403002AAA,IND403726AAB,Stable,Carting,0.1763779,0.13000000000000006,7.235596666666667,55.65843589743587
IND403401AAA,IND403726AAB,Congested,Carting,0.37522843,0.5295833333333334,8.964940833333332,16.9282911093627
IND403507AAA,IND403726AAB,Stable,Carting,0.2364446,0.20833333333333334,7.476653333333333,35.887935999999996
IND403507AAB,IND403726AAB,Stable,Carting,0.28227648,0.22999999999999995,9.93766375,43.207233695652185
IND403601AAA,IND403726AAB,Stable,Carting,0.07367578,0.153,5.8506455,38.23951307189542
IND403702AAA,IND575004AAB,Congested,FTL,0.88043207,0.726276041666667,57.933422968749994,79.76777374592129
IND403702AAA,IND581314AAA,Stable,Carting,0.49506387,0.18500000000000003,19.248145,104.04402702702701
IND403726AAA,IND403702AAA,Stable,FTL,0.6004711,0.15736111111111117,13.61273861111111,86.50637069726386
IND403726AAA,IND411033AAA,Congested,FTL,0.8983205,0.821834061135371,83.07739296943231,101.08779484590862
IND403726AAA,IND416510AAA,Stable,FTL,0.6059704,0.33433333333333337,22.05455933333333,65.9657806580259
IND403726AAA,IND575004AAB,Congested,FTL,0.8869823,0.774732142857143,67.69864125,87.38328708078826
IND403726AAA,IND581303AAA,Stable,Carting,0.5363832,0.25012820512820516,21.44762846153846,85.74654126089183
IND403726AAA,IND581400AAB,Stable,FTL,0.83696425,0.40562500000000007,29.906931249999996,73.73049306625576
IND403726AAB,IND403002AAA,Stable,Carting,0.018015299,0.07375000000000001,5.003201875,67.8400254237288
IND403726AAB,IND403401AAA,Stable,Carting,0.24939473,0.12687500000000007,8.027200416666666,63.26857471264364
IND403726AAB,IND403507AAA,Stable,Carting,0.20707302,0.08050000000000003,6.903362666666666,85.75605797101446
IND403726AAB,IND403507AAB,Stable,Carting,0.24954863,0.06666666666666667,8.293261666666668,124.39892500000002
IND403726AAB,IND403601AAA,Stable,Carting,0.002656135,0.04812499999999999,5.03153875,104.55145454545458
IND410206AAA,IND000000AFT,Stable,Carting,0.022450106,0.10010000000000001,5.2109651999999995,52.05759440559439
IND410206AAB,IND000000AFT,Stable,Carting,0.063768014,0.10833333333333334,6.613048263888889,61.04352243589743
IND410401AAA,IND421302AAG,Stable,FTL,0.73209697,0.32462121212121225,22.214301666666668,68.43145437572926
IND410501AAF,IND411033AAA,Stable,Carting,0.0037610764,0.16000000000000003,5.1508449999999995,32.19278124999999
IND410503AAA,IND410505AAB,Stable,Carting,0.47967464,0.17124999999999999,8.948865625,52.2561496350365
IND410505AAB,IND410501AAF,Stable,Carting,0.0023398227,0.08400000000000005,4.582795,54.5570833333333
IND410505AAB,IND411033AAA,Stable,Carting,0.2400563,0.11812499999999998,6.330677499999999,53.59303703703704
IND411014AAA,IND411033AAA,Stable,Carting,0.28174037,0.26869565217391317,8.086731739130435,30.096250809061477
IND411014AAA,IND411043AAA,Stable,Carting,0.0022096694,0.21660714285714278,5.3743,24.811277823577914
IND411014AAA,IND411048AAA,Stable,Carting,0.00011597174,0.23958333333333334,4.8972525,20.44070608695652
IND411017AAA,IND412105AAC,Stable,Carting,0.010151865,0.10750000000000005,5.5097,51.25302325581392
IND411021AAA,IND411033AAA,Stable,Carting,8.531502e-05,0.09548245614035089,4.13967350877193,43.355331189710604
IND411033AAA,IND000000AAL,Stable,Carting,0.27367264,0.1806081081081081,7.682627702702702,42.537557052001496
IND411033AAA,IND000000ACB,High Risk,FTL,0.96979976,2.136620670995671,245.14201700757573,114.73352305130459
IND411033AAA,IND400072AAB,Stable,FTL,0.74711424,0.31612500000000004,29.22056725,92.43358560695926
IND411033AAA,IND403726AAA,Congested,FTL,0.9270233,1.2616268656716414,100.87021167164178,79.95249183120588
IND411033AAA,IND410503AAA,Stable,Carting,0.37853438,0.18653846153846157,13.437323846153845,72.03513814432988
IND411033AAA,IND410505AAB,Stable,Carting,0.15016524,0.09446428571428574,7.41872,78.5346540642722
IND411033AAA,IND411014AAA,Stable,Carting,0.25846905,0.15904166666666672,7.448394625,46.83297642127324
IND411033AAA,IND411021AAA,Stable,Carting,9.553315e-05,0.0908904109589041,3.7580573972602735,41.34712735493594
IND411033AAA,IND411036AAA,Stable,Carting,0.20634824,0.12300000000000004,6.965061157894736,56.62651347881897
IND411033AAA,IND413002AAA,Stable,FTL,0.90973514,0.4527854938271607,57.41632296296296,126.80689586067034
IND411033AAA,IND413501AAA,Congested,FTL,0.9068789,0.8839583333333337,56.962450416666655,64.44019844449677
IND411033AAA,IND414001AAA,Stable,FTL,0.87732196,0.2841666666666666,29.60587972222222,104.18491397849463
IND411033AAA,IND416012AAA,Stable,FTL,0.8952518,0.5479960317460321,50.88026166666666,92.8478651652847
IND411033AAA,IND421302AAG,Stable,FTL,0.77562845,0.3770576923076921,29.376422317307693,77.90962209925031
IND411033AAA,IND431136AAC,Stable,FTL,0.913676,0.4826458333333335,46.806512375,96.97900435964947
IND411033AAA,IND431603AAA,Congested,FTL,0.9338723,1.0000296442687746,90.0538437549407,90.05117425372765
IND411033AAA,IND501359AAE,Congested,FTL,0.9666246,1.0561311787072243,124.76669541825093,118.1356046802574
IND411033AAA,IND521225AAB,Congested,FTL,0.96678853,1.6926979472140773,169.76351800586508,100.29167831465143
IND411033AAA,IND562132AAA,Congested,FTL,0.95160425,1.413757396449704,152.69854809171596,108.00901800774301
IND411033AAA,IND580028AAA,Congested,FTL,0.9505653,0.8719210526315787,90.60742452631578,103.91700516101774
IND411033AAB,IND411057AAF,Stable,Carting,8.864449e-05,0.16000000000000003,4.5505075,28.440671874999996
IND411036AAA,IND411033AAA,Stable,Carting,0.26799816,0.14275252525252533,7.390535303030303,51.771660711126806
IND411043AAA,IND411014AAA,Stable,Carting,0.000508661,0.13250000000000003,5.096455,38.46381132075471
IND411048AAA,IND411014AAA,Stable,Carting,0.00071172626,0.17000000000000004,5.4389562499999995,31.993860294117635
IND412105AAC,IND411017AAA,Stable,Carting,0.015222642,0.08518939393939397,5.298379545454545,62.19529568697197
IND412210AAC,IND411033AAA,Stable,FTL,0.6317211,0.32999999999999996,23.154901875,70.16636931818182
IND412803AAB,IND421802AAA,Stable,Carting,0.35640293,0.08500000000000002,8.276712499999999,97.37308823529408
IND413002AAA,IND413304AAA,Stable,Carting,0.48788008,0.16222972972972977,14.884937162162162,91.75221574344022
IND413002AAA,IND413307AAC,Stable,FTL,0.6332786,0.16833333333333336,17.842140555555556,105.99291419141913
IND413002AAA,IND413501AAA,Stable,FTL,0.71824235,0.1375,16.687000555555553,121.36000404040401
IND413002AAA,IND421302AAG,Congested,FTL,0.92128676,1.1181643356643358,79.61149318181818,71.19838349567691
IND413002AAA,IND501359AAE,Stable,FTL,0.93730485,0.6457454128440365,73.87072176605504,114.39604571205315
IND413304AAA,IND413002AAA,Stable,Carting,0.5189453,0.1557051282051282,15.790227564102564,101.41109510086456
IND413304AAA,IND415301AAB,Stable,Carting,0.3913436,0.13069444444444447,13.302129166666667,101.78037194473961
IND413307AAB,IND413304AAA,Stable,Carting,0.40023577,0.10916666666666662,8.809114999999998,80.69418320610689
IND413307AAC,IND413002AAA,Stable,Carting,0.56660706,0.23425000000000012,19.596171,83.65494557097114
IND413401AAA,IND411033AAA,Congested,FTL,0.8482857,0.5918850267379682,47.573532326203214,80.37630650735208
IND413501AAA,IND411033AAA,Congested,FTL,0.8896139,0.7175000000000001,55.63173875,77.53552439024388
IND413501AAA,IND413401AAA,Stable,Carting,0.45977342,0.0994642857142857,10.854059166666666,109.12519090365052
IND413517AAA,IND431603AAA,Stable,Carting,0.5693449,0.256,21.00742,82.060234375
IND413517AAA,IND431717AAA,Stable,Carting,0.47073522,0.18729166666666675,12.888534166666668,68.81531034482757
IND413531AAA,IND413517AAA,Stable,Carting,0.4448978,0.15092592592592596,14.192557037037034,94.03657423312879
IND413709AAA,IND423109AAA,Stable,Carting,0.27821624,0.09250000000000001,7.801042307692307,84.3355925155925
IND413709AAA,IND423601AAA,Stable,Carting,0.33732027,0.08812500000000002,10.4116425,118.14629787234038
IND413709AAA,IND423701AAB,Stable,Carting,0.18737166,0.1460416666666667,9.00459875,61.65773751783165
IND414001AAA,IND411033AAA,Congested,FTL,0.765563,0.4637500000000003,32.434535,69.9396981132075
IND414001AAA,IND414203AAB,Stable,FTL,0.81330615,0.14500000000000005,15.775269999999999,108.79496551724134
IND414001AAA,IND414302AAB,Stable,Carting,0.5131448,0.10500000000000007,12.170497499999998,115.90949999999991
IND414203AAB,IND414302AAB,Stable,FTL,0.7142499,0.22125000000000009,23.015002499999998,104.02261016949147
IND414302AAB,IND411033AAA,Stable,FTL,0.63756555,0.35812499999999997,24.735059999999997,69.06823036649214
IND414302AAB,IND412210AAC,Stable,Carting,0.32196736,0.08249999999999999,8.006285,97.0458787878788
IND414502AAA,IND431107AAB,Stable,Carting,0.59807885,0.10175000000000006,9.367358,92.06248648648642
IND415003AAA,IND411033AAA,Stable,FTL,0.6756608,0.24400000000000002,27.441102500000003,112.46353483606558
IND415003AAA,IND412803AAB,Stable,Carting,0.38640574,0.12017857142857148,10.67648,88.83846656760768
IND415124AAA,IND415605AAA,Stable,FTL,0.9930804,0.35654166666666665,24.169502,67.78871660628725
IND415301AAB,IND413307AAB,Stable,Carting,0.15649669,0.10607142857142857,8.681669999999999,81.84739393939392
IND415408AAC,IND416012AAA,Congested,Carting,0.58819336,0.504423076923077,17.278619615384613,34.25422112085398
IND415409AAB,IND415124AAA,Stable,Carting,0.5802934,0.08572916666666668,9.580417291666667,111.75213365735114
IND415605AAA,IND415709AAA,Stable,Carting,0.5392212,0.13429687500000007,11.23889703125,83.68695869691676
IND415612AAA,IND415408AAC,Stable,FTL,0.65484476,0.4006249999999999,28.22357234375,70.44885452418099
IND415709AAA,IND416012AAA,Congested,FTL,0.8847626,0.5688571428571431,42.660176,74.99277548970365
IND415709AAA,IND416122AAA,Stable,FTL,0.846326,0.4267857142857144,43.03561499999999,100.8365874476987
IND416012AAA,IND395023AAA,Congested,FTL,0.94715005,1.188282122905028,119.79596794692738,100.81441573324244
IND416012AAA,IND415003AAA,Stable,FTL,0.7305648,0.3122340425531914,27.86060468085106,89.22987529812607
IND416012AAA,IND415409AAB,Stable,FTL,0.6405594,0.1203125,12.47346625,103.67556363636363
IND416012AAA,IND415612AAA,Congested,FTL,0.82827044,0.41005102040816344,29.95879357142857,73.06113649371652
IND416012AAA,IND591237AAB,Stable,Carting,0.5974038,0.1315,11.339048,86.22850190114067
IND416122AAA,IND395023AAA,Congested,FTL,0.945961,1.2435869565217388,115.26975326086955,92.69134953238354
IND416404AAA,IND416012AAA,Congested,FTL,0.8330791,0.59921875,36.4773478125,60.87484380704041
IND416510AAA,IND416602AAC,Stable,FTL,0.7847958,0.19833333333333342,14.353584583333332,72.37101470588232
IND416510AAA,IND416606AAA,Stable,Carting,0.3189377,0.1632720588235294,11.975462058823528,73.34667147038954
IND416602AAC,IND411033AAA,Congested,FTL,0.88524973,0.8284756097560972,62.34449823170732,75.25206233900055
IND416606AAA,IND416510AAA,Congested,Carting,0.25012237,1.9636500000000012,11.183211899999998,5.695114658925975
IND421301AAA,IND421302AAR,Stable,Carting,0.000114183706,0.10051724137931034,4.302891551724137,42.8074974271012
IND421302AAF,IND421302AAR,Stable,Carting,0.0001189248,0.06708333333333337,4.084651666666667,60.889217391304314
IND421302AAG,IND000000ACB,High Risk,FTL,0.96819997,2.338567769897558,229.13089880614655,97.97915705311534
IND421302AAG,IND000000AFT,Stable,Carting,0.15522863,0.14140000000000003,6.765393949999999,47.84578465346533
IND421302AAG,IND110037AAM,High Risk,FTL,0.9716228,2.724642487046632,238.74631914507768,87.62482427698836
IND421302AAG,IND131028AAB,High Risk,FTL,0.9775953,2.4800573549257763,256.0737671862348,103.25316335028819
IND421302AAG,IND160002AAC,High Risk,FTL,0.9857241,2.793050847457628,279.7963047457627,100.17587220098304
IND421302AAG,IND382430AAB,Congested,FTL,0.9492909,0.8995151515151519,92.33367553030304,102.64827154359247
IND421302AAG,IND395023AAA,Congested,FTL,0.86763424,0.6185046728971965,51.16875341121495,82.72977659413716
IND421302AAG,IND400015AAA,Stable,Carting,0.2743169,0.15203125000000003,10.57366641826923,69.54929607083562
IND421302AAG,IND400015AAB,Stable,Carting,0.26436287,0.13762411347517728,10.256635815602836,74.5264442154084
IND421302AAG,IND400072AAA,Stable,Carting,0.35569116,0.12150602409638557,7.717190060240962,63.51281854238966
IND421302AAG,IND400072AAB,Stable,Carting,0.35159713,0.11752442996742675,7.641411140065146,65.01976773835918
IND421302AAG,IND400072AAJ,Stable,Carting,0.3473776,0.13136363636363638,7.7155963181818175,58.73464325259514
IND421302AAG,IND400078AAB,Stable,Carting,0.03618638,0.07375000000000001,5.1905525,70.38037288135592
IND421302AAG,IND400102AAB,Stable,Carting,0.30032784,0.14928571428571427,8.713978214285714,58.371145933014354
IND421302AAG,IND400102AAC,Stable,Carting,0.3136371,0.17547337278106515,9.105082869822485,51.888686730736794
IND421302AAG,IND400701AAB,Stable,Carting,0.16598019,0.12090909090909095,6.417590454545453,53.077815789473654
IND421302AAG,IND401104AAA,Stable,Carting,0.30690122,0.14843548387096775,7.798312967741936,52.53671672280778
IND421302AAG,IND401104AAB,Stable,Carting,0.34575024,0.10625,8.05137025,75.77760235294117
IND421302AAG,IND410401AAA,Stable,FTL,0.66938066,0.2873295454545456,23.153102954545453,80.58030690132486
IND421302AAG,IND411033AAA,Stable,FTL,0.77419883,0.31482443820224737,28.880980772471904,91.73678173585235
IND421302AAG,IND413002AAA,Congested,FTL,0.94082254,0.7811725663716819,75.7715653539823,96.99721753660533
IND421302AAG,IND421401AAC,Stable,Carting,0.27878562,0.13127551020408165,10.423594285714286,79.40242829382044
IND421302AAG,IND422011AAD,Stable,FTL,0.87318593,0.2665277777777779,31.27563888888889,117.3447628973423
IND421302AAG,IND444005AAB,Congested,FTL,0.9527474,1.2749164677804297,103.1582125417661,80.91370309253261
IND421302AAG,IND462022AAA,Congested,FTL,0.9604651,1.514986033519553,144.39597106145249,95.31175064762658
IND421302AAG,IND501359AAE,Congested,FTL,0.97179866,1.3846870342771989,144.58868553651266,104.41975836943355
IND421302AAG,IND562132AAA,Congested,FTL,0.95785475,1.5988505747126434,171.31598197612732,107.14946392468066
IND421302AAG,IND712311AAA,High Risk,FTL,0.9865923,3.6934182908545723,356.8862014092953,96.62761520756969
IND421302AAG,IND834002AAB,High Risk,FTL,0.9799779,3.489136178861789,296.46866666666665,84.96907299369994
IND421302AAN,IND400072AAB,Stable,Carting,0.3314126,0.10562499999999998,7.449850624999999,70.5311301775148
IND421302AAR,IND400612AAA,Stable,Carting,0.00014267748,0.06695652173913048,4.913838695652173,73.38849999999994
IND421302AAR,IND421004AAA,Stable,Carting,0.000346077,0.09481132075471699,4.650639528301886,49.05152139303481
IND421302AAR,IND421301AAA,Stable,Carting,0.00014179324,0.10610294117647061,4.325304117647058,40.765167013167
IND421302AAR,IND421302AAF,Stable,Carting,0.020605423,0.18000000000000008,7.17962,39.88677777777776
IND421401AAC,IND421601AAB,Stable,FTL,0.6318824,0.10398148148148145,7.968530370370369,76.63413000890473
IND421502AAA,IND421302AAR,Stable,Carting,0.018165682,0.11477272727272733,5.576505454545454,48.58737425742571
IND421601AAB,IND421302AAG,Stable,Carting,0.3302118,0.22840163934426225,10.663868278688524,46.68910568813925
IND421802AAA,IND411033AAA,Stable,FTL,0.60505325,0.22651785714285708,21.16817625,93.45036420969652
IND422011AAD,IND413709AAA,Stable,Carting,0.57119066,0.25727272727272726,22.790284999999997,88.58414664310953
IND422011AAD,IND421302AAG,Stable,FTL,0.89250886,0.3937028301886793,31.489657499999996,79.98331504223326
IND422011AAD,IND422103AAC,Stable,Carting,0.27383712,0.10734375000000007,11.949205625,111.31719941775829
IND422011AAD,IND423109AAA,Stable,FTL,0.6065644,0.1710000000000001,19.401120666666664,113.45684600389855
IND422103AAC,IND422605AAA,Stable,Carting,0.2596193,0.09229166666666669,9.528747083333332,103.24601805869071
IND422103AAC,IND423601AAA,Stable,Carting,0.49973926,0.1258333333333334,12.651893333333332,100.54484768211914
IND422605AAA,IND413709AAA,Stable,Carting,0.37097573,0.13125,11.59984972222222,88.37980740740738
IND422605AAA,IND423109AAA,Stable,Carting,0.26853424,0.22374999999999995,11.543244999999999,51.58992178770951
IND423105AAA,IND423106AAA,Stable,Carting,0.47652227,0.09000000000000004,10.914644999999998,121.27383333333326
IND423105AAA,IND423301AAB,Stable,Carting,0.39855918,0.09857142857142863,10.146117499999999,102.93162681159413
IND423106AAA,IND423105AAA,Stable,Carting,0.45457846,0.13812500000000003,10.902112812499999,78.92932352941175
IND423109AAA,IND413709AAA,Stable,Carting,0.34894404,0.08666666666666666,8.34148,96.24784615384617
IND423109AAA,IND423601AAA,Stable,Carting,0.00012717258,0.05812500000000001,4.08674875,70.30965591397847
IND423109AAA,IND423701AAB,Stable,Carting,0.28366017,0.11875,8.60227375,72.4402
IND423601AAA,IND413709AAA,Stable,Carting,0.2126031,0.13312500000000008,10.480502083333333,78.7267762128325
IND423601AAA,IND423701AAB,Stable,Carting,0.18483266,0.09277777777777778,7.265434166666665,78.31006886227543
IND423701AAB,IND422011AAD,Stable,Carting,0.53904206,0.2721666666666666,24.388461611111108,89.6085546029802
IND424006AAA,IND421302AAG,Congested,FTL,0.9421765,0.6492708333333336,57.554728802083325,88.64517832504407
IND424006AAA,IND423105AAA,Congested,FTL,0.7810697,0.35750000000000004,16.726885,46.788489510489505
IND424006AAA,IND423106AAA,Stable,FTL,0.68196326,0.15224999999999997,19.82176175,130.1921954022989
IND424006AAA,IND424101AAA,Stable,Carting,0.44237092,0.11852941176470584,12.34116882352941,104.11904218362285
IND424006AAA,IND424304AAC,Stable,FTL,0.8210178,0.17135416666666667,14.910034999999999,87.01297021276595
IND424006AAA,IND425401AAA,Stable,Carting,0.29644793,0.08000000000000002,9.773805999999999,122.17257499999997
IND424006AAA,IND425405AAA,Stable,FTL,0.63211083,0.1452777777777778,15.216020555555554,104.73742638623324
IND424006AAA,IND425412AAA,Stable,FTL,0.78986883,0.23312499999999994,23.116056250000003,99.15734584450406
IND424006AAA,IND452001AAC,Stable,FTL,0.66129416,0.24774999999999991,20.5644495,83.00484157416753
IND424101AAA,IND431103AAA,Stable,Carting,0.56236213,0.08000000000000002,8.639516666666665,107.9939583333333
IND424201AAA,IND424006AAA,Congested,FTL,0.844251,1.7675000000000012,30.00235,16.974455445544542
IND424304AAC,IND424006AAA,Congested,FTL,0.8079072,2.3149999999999995,19.86341,8.580306695464364
IND424304AAC,IND425412AAA,Stable,FTL,0.69278055,0.13319444444444445,14.879670555555554,111.71389781021897
IND425109AAA,IND424201AAA,Stable,Carting,0.33344185,0.10562499999999998,11.629458750000001,110.10138461538465
IND425201AAA,IND425508AAB,Stable,Carting,0.16604632,0.10979166666666665,9.364563055555555,85.2939329538267
IND425401AAA,IND425109AAA,Stable,Carting,0.17535216,0.08062500000000003,8.429925,104.55720930232555
IND425405AAA,IND424006AAA,Congested,FTL,0.6767081,1.8202777777777783,20.4587425,11.239351899893174
IND425405AAA,IND425409AAA,Stable,Carting,0.571715,0.22666666666666682,16.561766666666667,73.06661764705878
IND425406AAA,IND425405AAA,Stable,Carting,0.17401809,0.09875000000000007,7.353071249999999,74.46148101265817
IND425406AAA,IND425409AAA,Stable,FTL,0.9227377,0.14624999999999996,12.99382,88.8466324786325
IND425406AAA,IND425412AAA,Stable,FTL,0.81372184,0.15874999999999997,15.120758333333333,95.24887139107612
IND425409AAA,IND424006AAA,Congested,FTL,0.7317445,2.2350000000000003,33.09607,14.808085011185678
IND425409AAA,IND424304AAC,Stable,FTL,0.650091,0.24083333333333337,21.438865000000003,89.01950865051903
IND425409AAA,IND425406AAA,Stable,FTL,0.7714319,0.16611111111111115,13.934944722222221,83.88929933110366
IND425409AAA,IND425412AAA,Stable,Carting,0.37856048,0.14250000000000007,12.360949999999999,86.74350877192977
IND425412AAA,IND424006AAA,Congested,FTL,0.85137177,2.732500000000001,38.206525,13.98225983531564
IND425412AAA,IND424304AAC,Stable,FTL,0.7249764,0.15,15.284744999999997,101.89829999999999
IND425412AAA,IND425406AAA,Stable,FTL,0.81704265,0.1670833333333333,15.239344166666667,91.20804488778056
IND425412AAA,IND425409AAA,Stable,Carting,0.53856677,0.140625,11.966695999999999,85.09650488888889
IND425508AAB,IND450331AAA,Stable,Carting,0.30736688,0.09406250000000001,6.764111666666666,71.91082170542634
IND431001AAB,IND431136AAC,Stable,Carting,0.001158738,0.09159722222222223,4.849555277777777,52.9443487490523
IND431107AAB,IND431136AAC,Stable,Carting,0.4268929,0.1852083333333334,13.933217083333334,75.22996850393699
IND431112AAB,IND431136AAC,Stable,Carting,0.49915984,0.29329545454545447,15.83410698863636,53.986881635025185
IND431122AAA,IND431127AAA,Stable,FTL,0.710642,0.09928571428571425,9.533965,96.02554676258995
IND431127AAA,IND414502AAA,Stable,Carting,0.57011306,0.19988095238095246,15.820083333333331,79.14752829064915
IND431131AAB,IND431603AAA,Congested,FTL,0.7136013,1.8717857142857137,32.17623,17.19012478534631
IND431136AAC,IND411033AAA,Congested,FTL,0.8428296,0.5681538461538461,50.30639276923076,88.54361034389385
IND431136AAC,IND431001AAA,Stable,Carting,0.0005272742,0.11974358974358973,4.4719105128205126,37.34571948608137
IND431136AAC,IND431112AAB,Stable,FTL,0.6045288,0.23968750000000014,16.811585,70.1395984354628
IND431136AAC,IND431122AAA,Stable,FTL,0.85964864,0.29688888888888887,26.756094555555556,90.12157597305391
IND431136AAC,IND431203AAA,Stable,Carting,0.4863169,0.15546875,15.334468437500002,98.63376683417087
IND431203AAA,IND431112AAB,Stable,Carting,0.5202797,0.15103571428571433,14.909836999999998,98.71729392291317
IND431203AAA,IND431136AAC,Stable,Carting,0.57054406,0.15421875000000007,15.877784999999998,102.95625531914887
IND431514AAA,IND431515AAA,Stable,FTL,0.7093602,0.10609375000000003,9.8510715625,92.8525154639175
IND431515AAA,IND431517AAB,Stable,Carting,0.17054781,0.11446428571428567,7.571875,66.1505460218409
IND431517AAB,IND411033AAA,Congested,FTL,0.87628704,0.890049342105263,64.58163917763157,72.5596167790816
IND431603AAA,IND413517AAA,Stable,Carting,0.5446666,0.28725,20.967772,72.9948546562228
IND431603AAA,IND413531AAA,Stable,FTL,0.6723785,0.31813829787234055,27.83724329787234,87.50044708242766
IND431603AAA,IND431401AAA,Stable,Carting,0.54904693,0.23049999999999998,17.087517999999996,74.13239913232103
IND431603AAA,IND431708AAA,Stable,FTL,0.6766708,0.11583333333333339,9.932905499999999,85.75170215827333
IND431708AAA,IND431514AAA,Stable,FTL,0.61089355,0.11328125,11.465138125,101.20949517241378
IND431717AAA,IND431603AAA,Stable,Carting,0.53588986,0.3316666666666668,16.623537777777777,50.121219430485745
IND441206AAB,IND441603AAA,Stable,Carting,0.5621699,0.22333333333333344,18.086833333333335,80.98582089552235
IND441206AAB,IND442605AAA,Stable,Carting,0.4593733,0.163719512195122,12.697662804878048,77.55741899441337
IND441603AAA,IND442605AAA,Stable,Carting,0.21068399,0.07666666666666669,7.460319999999999,97.3085217391304
IND441614AAA,IND481001AAA,Stable,Carting,0.5875327,0.11930555555555553,11.037323888888888,92.51307566938303
IND441904AAB,IND441912AAA,Stable,Carting,0.14405423,0.09236111111111113,7.380289583333332,79.90689473684208
IND441912AAA,IND441107AAB,Stable,FTL,0.64781684,0.36345454545454553,22.261976227272726,61.251060155077525
IND442001AAA,IND442101AAB,Stable,Carting,0.12020101,0.12300000000000004,6.237126,50.70834146341462
IND442101AAB,IND445001AAB,Stable,FTL,0.82889324,0.1679285714285715,14.8828,88.62577626541892
IND442605AAA,IND441603AAA,Stable,Carting,0.47656745,0.08175000000000002,8.321299,101.78959021406726
IND443201AAA,IND000000AAZ,Stable,FTL,0.84997696,0.25,8.3265,33.306
IND443301AAA,IND443201AAA,Stable,FTL,0.7522348,0.16499999999999998,12.438055,75.38215151515152
IND444005AAB,IND000000AAZ,Congested,FTL,0.8767024,0.5464999999999999,26.805499,49.04940347666973
IND444005AAB,IND421302AAG,Congested,FTL,0.963343,1.053550119331742,100.21692698090692,95.12307496531221
IND444005AAB,IND443301AAA,Stable,FTL,0.7892402,0.29450000000000004,25.06267575,85.10246434634973
IND444203AAA,IND444005AAB,Stable,FTL,0.68404657,0.18975000000000009,13.423507999999998,70.74312516469034
IND444303AAA,IND444203AAA,Stable,Carting,0.33003825,0.09250000000000001,5.9314849999999995,64.12416216216215
IND444602AAA,IND444005AAB,Stable,FTL,0.76890826,0.2499107142857144,21.335541250000002,85.37265523401211
IND445101AAA,IND440014AAA,Stable,Carting,0.24348344,0.11333333333333341,7.5570483333333325,66.67983823529407
IND450331AAA,IND452001AAC,Stable,Carting,0.46601447,0.22869565217391308,18.88358865217391,82.57082490494294
IND451666AAA,IND421302AAG,Congested,FTL,0.96071076,0.8859677419354843,74.15781709677418,83.70261532859998
IND451666AAA,IND424006AAA,Stable,FTL,0.8406698,0.32012500000000016,25.746014874999997,80.42488051542361
IND452001AAC,IND425201AAA,Congested,Carting,0.26575476,0.30018518518518533,6.777002037037036,22.5760709438618
IND452001AAC,IND425508AAB,Stable,Carting,0.33654046,0.15562499999999999,12.832866666666664,82.46018741633199
IND454001AAA,IND457001AAA,Stable,Carting,0.54305905,0.1904779411764707,21.193008529411767,111.26227214823388
IND457001AAA,IND382430AAB,Congested,FTL,0.8991214,0.6667361111111111,64.96095180555555,97.43127861681074
IND457001AAA,IND457226AAA,Stable,Carting,0.36376828,0.100390625,11.466573124999998,114.21956108949415
IND457226AAA,IND382430AAB,Congested,FTL,0.9104644,0.660420673076923,71.0908111778846,107.64473929422898
IND458001AAB,IND458990AAA,Stable,Carting,0.43423045,0.10204545454545458,9.585128636363637,93.92999109131401
IND458664AAA,IND312403AAA,Stable,FTL,0.62079865,0.23107142857142857,14.530935,62.88503554868624
IND458990AAA,IND312605AAB,Stable,Carting,0.5965197,0.22691666666666657,15.99627283333333,70.49404113110542
IND460001AAA,IND480334AAA,Stable,FTL,0.7643337,0.2337500000000001,22.834801666666664,97.68899108734398
IND461001AAA,IND461111AAA,Stable,Carting,0.11523456,0.16750000000000007,7.415204999999999,44.269880597014904
IND461111AAA,IND460001AAA,Stable,FTL,0.78361714,0.19612499999999997,20.5599743125,104.830971637986
IND462001AAA,IND462022AAA,Stable,Carting,0.00031714095,0.1405357142857143,4.460824375,31.741571156289705
IND462011AAA,IND462022AAA,Stable,Carting,0.00011536242,0.06849999999999999,4.30548125,62.853740875912415
IND462021AAA,IND462001AAA,Stable,Carting,0.00011470454,0.18500000000000003,4.09584,22.139675675675672
IND462022AAA,IND000000ACB,Congested,FTL,0.94828844,1.4703894658753711,142.61087983679525,96.98850756652715
IND462022AAA,IND209304AAA,Congested,FTL,0.955569,1.0474476190476196,100.88912453333333,96.31901652997757
IND462022AAA,IND461001AAA,Stable,FTL,0.7646118,0.26450000000000007,17.867948,67.55367863894138
IND462022AAA,IND462001AAA,Stable,Carting,0.00020954634,0.07208333333333332,4.355155,60.41833526011562
IND462022AAA,IND462011AAA,Stable,Carting,0.0016037838,0.08255102040816328,4.507712142857143,54.60516563658837
IND462022AAA,IND462042AAA,Stable,Carting,0.022590958,0.17749999999999996,6.7171562499999995,37.84313380281691
IND462022AAA,IND465669AAB,Stable,FTL,0.7903783,0.2494871794871796,24.554865641025643,98.42135251798557
IND462022AAA,IND466001AAA,Stable,FTL,0.6535918,0.2504761904761904,14.903087499999998,59.49901853612168
IND462022AAA,IND842003AAB,Congested,FTL,0.9317188,0.779401041666667,59.341907552083335,76.13783454174877
IND462042AAA,IND462022AAA,Stable,Carting,0.021384656,0.16470588235294117,5.398531764705882,32.776799999999994
IND464001AAA,IND464221AAA,Stable,Carting,0.56368494,0.2,23.546267500000003,117.73133750000001
IND464221AAA,IND470004AAA,Stable,FTL,0.85931283,0.3479999999999999,32.215134,92.57222413793106
IND464668AAA,IND462022AAA,Stable,FTL,0.81183743,0.3728125000000001,30.948421874999994,83.01336965632855
IND465001AAA,IND462022AAA,Stable,FTL,0.8537677,0.4096875000000002,42.359419374999995,103.39446376811588
IND465001AAA,IND465333A1B,Stable,Carting,0.54455703,0.1658333333333334,21.906079999999996,132.09696482412053
IND465001AAA,IND465333AAA,Stable,Carting,0.37321016,0.1820833333333334,17.95544333333333,98.61113043478257
IND465333A1B,IND462022AAA,Stable,FTL,0.76467705,0.2,28.205222499999998,141.02611249999998
IND465333A1B,IND465333AAA,Stable,FTL,0.8355796,0.11499999999999998,20.388725,177.29326086956527
IND465333AAA,IND462022AAA,Stable,FTL,0.7634042,0.31000000000000016,28.01067208333333,90.35700672043005
IND465669AAB,IND465683AAA,Stable,Carting,0.47412685,0.12022727272727281,11.837412045454544,98.45862570888461
IND465683AAA,IND465001AAA,Stable,Carting,0.5376425,0.22397435897435897,14.434396666666665,64.44664796794504
IND466001AAA,IND466116AAA,Stable,Carting,0.5417856,0.11508333333333336,11.978299666666665,104.08370456191162
IND466116AAA,IND462022AAA,Stable,FTL,0.7562822,0.34994318181818185,25.346265795454546,72.42966033446987
IND470004AAA,IND462022AAA,Stable,FTL,0.7943762,0.41178571428571425,38.99184,94.68963746747616
IND470004AAA,IND470113AAA,Stable,FTL,0.85880435,0.2243750000000001,20.08773375,89.52750417827295
IND470004AAA,IND470117AAA,Stable,FTL,0.78681105,0.15666666666666665,15.367146666666667,98.08817021276597
IND470004AAA,IND473443AAA,Stable,FTL,0.8238387,0.39275,38.216716999999996,97.30545385105027
IND470113AAA,IND470117AAA,Stable,Carting,0.05636269,0.09125000000000003,7.256584999999999,79.52421917808216
IND470113AAA,IND470227AAB,Stable,FTL,0.77852535,0.275,34.222229999999996,124.4444727272727
IND470117AAA,IND470227AAB,Stable,FTL,0.7274162,0.27583333333333326,28.98613083333333,105.08567069486406
IND471001AAA,IND472001AAA,Stable,FTL,0.6920341,0.21597222222222215,22.86949194444444,105.8908951768489
IND472001AAA,IND474003AAA,Congested,FTL,0.9529956,0.8351851851851857,53.39660537037036,63.93385121951214
IND472001AAA,IND485001AAC,Congested,FTL,0.84947944,0.6389032258064518,48.41538303225807,75.77889902049883
IND473001AAA,IND473331AAA,Stable,Carting,0.4396175,0.15011363636363637,11.979831818181818,79.80508705526117
IND473226AAA,IND473001AAA,Stable,Carting,0.35931996,0.13949999999999996,10.425253999999999,74.73300358422941
IND473226AAA,IND474003AAA,Congested,FTL,0.87884635,0.8386235955056179,51.7835617977528,61.74827667057444
IND473331AAA,IND473226AAA,Congested,Carting,0.51818615,0.908642857142857,21.74178,23.927750962974613
IND473443AAA,IND470113AAA,Stable,FTL,0.6619619,0.18196428571428575,17.5858575,96.64455544651618
IND474003AAA,IND000000ACB,Stable,FTL,0.8912308,0.5777733118971061,63.82999506430867,110.47584537043475
IND474003AAA,IND328001AAA,Stable,Carting,0.51751524,0.15750000000000006,15.796876666666662,100.29762962962957
IND474003AAA,IND473551AAA,Stable,FTL,0.7565797,0.27399999999999997,25.704728,93.81287591240877
IND474003AAA,IND475661AAB,Stable,FTL,0.8719139,0.2912500000000001,21.06764625,72.33526609442058
IND474003AAA,IND476001AAA,Stable,Carting,0.37439477,0.13374999999999998,10.646078333333332,79.59684735202492
IND474003AAA,IND476111AAA,Stable,FTL,0.70739955,0.27858695652173915,18.590344347826086,66.73084978540771
IND476001AAA,IND476111AAA,Stable,FTL,0.6596211,0.10500000000000007,10.178665,96.93966666666661
IND476111AAA,IND477001AAA,Stable,FTL,0.6943741,0.1820833333333334,17.5083825,96.15587643020591
IND476111AAA,IND477001AAB,Stable,FTL,0.7929349,0.21124999999999997,18.72764833333333,88.65158974358975
IND477001AAA,IND474003AAA,Stable,FTL,0.8201259,0.3056250000000001,19.823562499999998,64.86237218813903
IND477001AAB,IND474003AAA,Congested,FTL,0.8014877,0.4909482758620693,21.481876379310343,43.75588516242315
IND480001AAA,IND480661AAA,Stable,FTL,0.8636165,0.13933333333333334,17.3591145,124.5869461722488
IND480001AAA,IND481661AAA,Stable,FTL,0.8549238,0.3650000000000001,43.3686596875,118.81824571917805
IND480334AAA,IND480106AAA,Stable,Carting,0.44543448,0.11517857142857141,11.866685833333333,103.02859018087857
IND480661AAA,IND480001AAA,Stable,FTL,0.7313223,0.1670833333333333,19.50365083333333,116.73007980049876
IND480661AAA,IND481661AAA,Stable,FTL,0.77141136,0.23444444444444437,29.92805148148148,127.65519589257507
IND480886AAA,IND480001AAA,Stable,FTL,0.76556885,0.25750000000000006,31.836283749999996,123.63605339805821
IND480886AAA,IND480661AAA,Stable,FTL,0.7378471,0.12250000000000003,16.68886333333333,136.235619047619
IND481661AAA,IND842003AAB,Congested,FTL,0.660378,0.4857812499999999,26.951375937499996,55.48047796719203
IND482002AAA,IND842003AAB,Congested,Carting,0.0001063993,0.2924999999999999,3.8295424999999996,13.092452991452994
IND483225AAA,IND483501AAA,Stable,FTL,0.60225445,0.15041666666666664,13.469919166666664,89.55070914127423
IND483501AAA,IND483770AAA,Stable,FTL,0.61606556,0.18785714285714286,15.049969999999998,80.11390874524714
IND483770AAA,IND842003AAB,Congested,FTL,0.86329824,0.43895833333333345,29.943865,68.21573421926908
IND484001AAA,IND484224AAA,Stable,Carting,0.5448549,0.10750000000000005,14.216699,132.2483627906976
IND484001AAA,IND484446AAA,Stable,FTL,0.6032617,0.24453125,26.607634374999996,108.81077316293928
IND484224AAA,IND484446AAA,Stable,Carting,0.35690182,0.11750000000000008,18.871509999999997,160.6085957446807
IND484446AAA,IND842003AAB,Congested,FTL,0.90491366,0.6671666666666667,62.861037166666655,94.22089008243815
IND484551AAA,IND484001AAA,Stable,Carting,0.48386422,0.12124999999999998,11.681389999999999,96.34136082474227
IND484661AAE,IND484001AAA,Stable,FTL,0.77491355,0.2033333333333334,17.005467499999998,83.63344672131144
IND484661AAE,IND484551AAA,Stable,FTL,0.6719296,0.1625,9.51909,58.57901538461538
IND485001AAC,IND471001AAA,Stable,FTL,0.8742685,0.35741071428571447,32.401915625,90.65737072195849
IND485001AAC,IND485771AAA,Congested,Carting,0.4142738,0.38000000000000017,13.101192999999999,34.47682368421051
IND485001AAC,IND486001AAA,Congested,FTL,0.76851207,0.5,13.924720833333334,27.849441666666667
IND485001AAC,IND486771AAA,Congested,FTL,0.8134867,0.9864000000000004,30.501643199999993,30.92218491484183
IND485001AAC,IND488001AAA,Stable,FTL,0.79280657,0.2133333333333333,18.92197125,88.69674023437501
IND485771AAA,IND486001AAA,Stable,FTL,0.6677432,0.17833333333333337,16.617171666666668,93.18040186915886
IND485771AAA,IND486771AAA,Congested,FTL,0.8267487,0.9324999999999998,31.852155999999997,34.15780804289545
IND486001AAA,IND486771AAA,Stable,FTL,0.80919987,0.25625,17.87769375,69.76660975609757
IND486661AAA,IND211002AAB,Congested,FTL,0.8908042,1.1327380952380954,44.93543,39.66974377299
IND486771AAA,IND486661AAA,Stable,Carting,0.520881,0.10041666666666664,9.182961666666666,91.44858091286308
IND486886AAA,IND486889AAA,Stable,Carting,0.454047,0.13392857142857142,8.61924,64.356992
IND486889AAA,IND231205AAA,Stable,FTL,0.7046594,0.26229166666666665,23.105200416666666,88.08972359015091
IND486889AAA,IND231216AAA,Congested,FTL,0.6237381,0.4033333333333336,23.393832777777778,58.00123829201098
IND487001AAA,IND487551AAA,Stable,Carting,0.59410346,0.1234375,13.313776874999999,107.85844556962023
IND487001AAB,IND487551AAA,Stable,FTL,0.6445878,0.14812500000000003,13.845435625,93.47129535864977
IND487551AAA,IND464668AAA,Stable,Carting,0.5093062,0.27595238095238106,21.92439,79.44990336496977
IND488001AAA,IND471001AAA,Stable,FTL,0.77556473,0.16875,16.185572083333334,95.9145012345679
IND491001AAA,IND494334AAB,Stable,FTL,0.85564387,0.23500000000000015,29.525664,125.64112340425524
IND492001AAB,IND492007AAA,Stable,Carting,0.00011594536,0.0796875,4.1694450000000005,52.32244705882354
IND493118AAC,IND495334AAB,Stable,Carting,0.32140255,0.11858333333333336,11.42043875,96.30728390723822
IND493445AAB,IND490023AAA,Congested,FTL,0.8212837,2.1975000000000002,30.2533,13.767144482366323
IND494334AAB,IND493445AAB,Stable,FTL,0.86137515,0.4021969696969696,41.906023409090906,104.19278753060841
IND495004AAA,IND495671AAA,Stable,FTL,0.75300425,0.21666666666666667,17.081131666666664,78.8359923076923
IND495334AAB,IND491995AAB,Stable,Carting,0.5275618,0.11444915254237292,14.548400762711864,127.11671899296552
IND495677AAA,IND496001AAA,Stable,FTL,0.6697289,0.37388888888888894,28.51495759259259,76.26585983159978
IND500008AAC,IND500084AAB,Stable,Carting,5.5142795e-05,0.09250000000000001,3.954405,42.75032432432432
IND500008AAC,IND501359AAE,Stable,Carting,0.32154992,0.2400000000000001,7.033135199999999,29.304729999999985
IND500008AAD,IND501359AAE,Stable,Carting,0.28099456,0.16312500000000002,6.807660416666667,41.732784163473816
IND500008AAF,IND500039AAC,Stable,Carting,0.025692418,0.12289473684210522,5.476868157894737,44.56552248394006
IND500010AAA,IND500055AAA,Stable,Carting,0.0014448039,0.07750000000000004,5.568885,71.85658064516124
IND500010AAA,IND501359AAE,Stable,Carting,0.33585918,0.25835714285714295,10.680992999999999,41.34196903511195
IND500010AAA,IND501401AAC,Stable,Carting,0.038634356,0.14250000000000007,7.010884999999999,49.19919298245611
IND500010AAB,IND501359AAE,Stable,Carting,0.38430077,0.1712000000000001,11.0965432,64.81625700934575
IND500018AAA,IND500080AAB,Stable,Carting,0.00026687724,0.16125000000000006,5.1361099999999995,31.851844961240296
IND500032AAA,IND502295AAA,Stable,Carting,0.23021603,0.07395833333333333,6.854548749999999,92.68122253521126
IND500035AAA,IND500039AAC,Stable,Carting,9.8623e-05,0.07750000000000004,4.644937499999999,59.9346774193548
IND500039AAB,IND501301AAC,Stable,Carting,0.00012561565,0.040625,3.9942699999999998,98.3204923076923
IND500039AAC,IND500035AAA,Stable,Carting,0.0010741557,0.10500000000000007,4.877168333333333,46.44922222222219
IND500039AAC,IND500035AAD,Stable,Carting,8.508565e-05,0.08839285714285718,4.5911475,51.94025454545452
IND500039AAC,IND501359AAE,Stable,Carting,0.3484785,0.26114285714285707,9.161458999999999,35.08217341356674
IND500039AAC,IND508116AAA,Stable,Carting,0.5893434,0.13028846153846155,10.737974423076922,82.4169254612546
IND500039AAD,IND501359AAE,Stable,Carting,0.31591132,0.14528846153846153,9.17056673076923,63.119718067504955
IND500050AAA,IND501218AAC,Stable,Carting,0.37064216,0.27818181818181814,8.873034545454546,31.896529411764714
IND500050AAA,IND501359AAE,Stable,Carting,0.33638158,0.16105072463768125,9.607170289855071,59.6530708661417
IND500055AAA,IND500010AAA,Stable,Carting,7.458361e-05,0.11000000000000003,4.373914999999999,39.76286363636362
IND500055AAA,IND501401AAC,Stable,Carting,0.017560938,0.060000000000000026,5.381914999999999,89.69858333333329
IND500055AAC,IND501401AAC,Stable,Carting,0.027992727,0.054191176470588215,4.595433088235294,84.80039348710993
IND500080AAB,IND501359AAE,Stable,Carting,0.28551412,0.16364754098360662,7.29686081967213,44.5888815426997
IND501101AAB,IND501359AAE,Stable,Carting,0.48446178,0.20750000000000005,17.124304166666665,82.52676706827306
IND501101AAB,IND509216AAC,Stable,Carting,0.30062827,0.11140000000000008,12.3617172,110.96694075403941
IND501141AAA,IND501101AAB,Stable,Carting,0.1646348,0.11087500000000006,9.10750925,82.14213528748586
IND501301AAC,IND500039AAC,Stable,Carting,0.00011019987,0.09750000000000002,4.783729999999999,49.063897435897424
IND501359AAE,IND000000ACB,High Risk,FTL,0.9701209,3.324508928571428,302.220948125,90.90694433925528
IND501359AAE,IND411033AAA,Congested,FTL,0.9364837,1.2608697916666671,109.23855621875,86.63746006187856
IND501359AAE,IND413002AAA,Congested,FTL,0.88031393,0.6978860294117647,64.58121275735293,92.53833725800078
IND501359AAE,IND462022AAA,Congested,FTL,0.966149,1.7497597719869702,159.14504691368077,90.95251214568778
IND501359AAE,IND500008AAC,Stable,Carting,0.30344588,0.08046052631578947,7.4227696052631575,92.25355519215046
IND501359AAE,IND500010AAA,Stable,Carting,0.33912084,0.12843750000000007,11.328880208333333,88.20539334955389
IND501359AAE,IND500010AAB,Stable,Carting,0.44306517,0.18727272727272723,12.46922555944056,66.58324327856612
IND501359AAE,IND500039AAC,Stable,Carting,0.3152047,0.11393939393939394,8.875883333333334,77.90003989361703
IND501359AAE,IND500039AAD,Stable,Carting,0.34515458,0.13319444444444445,8.779135555555555,65.91217518248175
IND501359AAE,IND500050AAA,Stable,Carting,0.22532207,0.10303571428571429,8.889401,86.27494904679375
IND501359AAE,IND500080AAB,Stable,Carting,0.27279702,0.10510563380281693,7.587306408450703,72.18743785594637
IND501359AAE,IND501141AAA,Stable,Carting,0.40699488,0.21518749999999992,20.661265187499996,96.0151736857392
IND501359AAE,IND501218AAC,Stable,Carting,0.41931015,0.275,6.279087499999999,22.83304545454545
IND501359AAE,IND503111AAC,Stable,FTL,0.84966016,0.24791666666666667,30.402035416666667,122.63005882352941
IND501359AAE,IND505001AAB,Stable,FTL,0.8031047,0.33859374999999997,46.1915759375,136.421820950623
IND501359AAE,IND506002AAA,Stable,FTL,0.8821149,0.31470454545454557,34.387910454545455,109.27046002744272
IND501359AAE,IND508252AAB,Stable,FTL,0.8087455,0.18500000000000003,17.339859999999998,93.72897297297295
IND501359AAE,IND509001AAA,Stable,FTL,0.78882074,0.1678308823529412,20.24585345588235,120.6324674698795
IND501359AAE,IND509358AAA,Stable,FTL,0.69694316,0.09272058823529411,10.573329117647058,114.03431879460744
IND501359AAE,IND515004AAA,Stable,FTL,0.91661286,0.5421626984126983,65.8524663888889,121.46255465690764
IND501359AAE,IND518002AAA,Stable,FTL,0.88983387,0.3667913385826772,41.40326488188976,112.87961444748562
IND501359AAE,IND523002AAA,Stable,FTL,0.8696574,0.5565734265734269,64.94077790209789,116.67962357080026
IND501359AAE,IND533106AAA,Congested,FTL,0.9571083,0.9409681372549017,80.55966161764705,85.61359139392836
IND501359AAE,IND562132AAA,Congested,FTL,0.9424563,1.0098181818181824,102.27771399999999,101.28329618293115
IND501359AAE,IND585104AAA,Stable,FTL,0.91411,0.37537425149700593,45.76778709580838,121.92574987038884
IND501359AAE,IND712311AAA,High Risk,FTL,0.9815702,2.4226136363636366,254.71354395454546,105.13997780383694
IND501359AAE,IND751002AAB,High Risk,FTL,0.97969264,1.719562706270627,180.10954650165016,104.74148214825513
IND501359AAG,IND000000ACN,Stable,Carting,0.32849148,0.13250000000000003,6.74303159090909,50.89080445969123
IND501401AAC,IND500010AAA,Stable,Carting,0.0024135178,0.21773809523809529,4.960341666666666,22.781230180426455
IND502110AAA,IND502313AAA,Stable,Carting,0.45371348,0.0966447368421053,11.22982736842105,116.19698842750164
IND502220AAC,IND501359AAE,Stable,FTL,0.8428606,0.29104545454545466,31.874612318181818,109.51764344838352
IND502286AAB,IND502220AAC,Stable,Carting,0.58650434,0.18516304347826087,15.556074130434784,84.012845318462
IND502295AAA,IND500050AAA,Stable,Carting,0.24919169,0.09357142857142857,7.770465,83.04313740458015
IND502313AAA,IND503111AAC,Stable,FTL,0.80225843,0.17930555555555555,18.912331666666663,105.47543609604956
IND503111AAC,IND501359AAE,Congested,FTL,0.8131405,0.4358653846153847,31.257586858974356,71.71385469519815
IND503111AAC,IND503185AAA,Stable,FTL,0.70779425,0.20200000000000007,20.1483205,99.74416089108908
IND503111AAC,IND505001AAB,Stable,FTL,0.69789755,0.2087500000000001,22.001936249999996,105.39849700598795
IND503122AAA,IND502110AAA,Stable,Carting,0.36245728,0.13355263157894737,12.54689394736842,93.94718620689653
IND503185AAA,IND503187AAA,Stable,Carting,0.5020687,0.09276315789473687,10.147561052631579,109.39214751773046
IND503187AAA,IND503122AAA,Stable,Carting,0.5758059,0.09649999999999999,9.605886499999999,99.54286528497408
IND504201AAA,IND505001AAB,Stable,FTL,0.8633187,0.25,22.446016249999996,89.78406499999998
IND504201AAA,IND505184AAC,Stable,FTL,0.82558125,0.18500000000000003,16.8368725,91.0101216216216
IND504208AAB,IND504251AAA,Stable,Carting,0.029057812,0.08500000000000002,7.558319999999999,88.92141176470585
IND504208AAB,IND505001AAB,Stable,FTL,0.7452842,0.22680555555555557,18.9980525,83.76361175750152
IND504215AAA,IND505001AAB,Stable,Carting,0.5302446,0.2521666666666666,16.929792444444445,67.13731306455168
IND504215AAA,IND505326AAB,Stable,Carting,0.57911086,0.23583333333333342,16.462494999999997,69.80563250883388
IND504251AAA,IND504293AAA,Stable,Carting,0.45803154,0.18812500000000001,11.46838,60.961488372093015
IND504251AAA,IND504296AAA,Stable,Carting,0.3182548,0.11083333333333331,12.27063833333333,110.71252631578948
IND504293AAA,IND504208AAB,Stable,FTL,0.6060407,0.1358333333333333,15.521088333333333,114.26568098159511
IND504293AAA,IND505001AAB,Stable,FTL,0.8337342,0.3650000000000001,30.63467,83.930602739726
IND504296AAA,IND504208AAB,Stable,FTL,0.61157304,0.14500000000000005,15.680314999999997,108.14010344827581
IND504296AAA,IND504293AAA,Stable,Carting,0.4806776,0.08249999999999999,8.974034999999999,108.77618181818181
IND504296AAA,IND505001AAB,Stable,FTL,0.76317227,0.30800000000000005,29.495640999999996,95.76506818181815
IND505001AAA,IND505302AAB,Stable,Carting,0.39266774,0.11055555555555555,11.037695277777777,99.83844974874373
IND505001AAA,IND505327AAA,Stable,Carting,0.5121244,0.13875000000000004,12.4425525,89.67605405405402
IND505001AAB,IND501359AAE,Stable,FTL,0.7986456,0.45535714285714307,36.632979999999996,80.44889725490191
IND505001AAB,IND503111AAC,Stable,FTL,0.66086406,0.2087500000000001,21.901910625,104.91933233532929
IND505001AAB,IND504208AAB,Stable,FTL,0.6017117,0.18955882352941178,22.840059117647055,120.49061442979051
IND505001AAB,IND504251AAA,Stable,FTL,0.6832182,0.26687500000000003,25.016066249999998,93.7370163934426
IND505001AAB,IND505172AAA,Stable,FTL,0.70894617,0.08375000000000003,10.5004725,125.37877611940294
IND505001AAB,IND505184AAC,Stable,Carting,0.5453522,0.2219444444444444,16.828497777777777,75.82301877346684
IND505001AAB,IND505209AAA,Stable,FTL,0.7508248,0.2084523809523809,16.923263333333335,81.18527241576246
IND505001AAB,IND505302AAB,Stable,Carting,0.39856172,0.11468750000000003,11.131876875,97.06268664850134
IND505122AAA,IND506002AAA,Stable,FTL,0.71239614,0.30965517241379314,13.705477413793105,44.260450445434294
IND505184AAC,IND505001AAB,Stable,FTL,0.6385128,0.2538888888888889,16.843908148148145,66.3436207148067
IND505184AAC,IND505209AAA,Stable,Carting,0.48549664,0.10249999999999998,7.712932499999998,75.2481219512195
IND505209AAA,IND504201AAA,Stable,Carting,0.49045283,0.10050000000000002,10.984897,109.30245771144277
IND505209AAA,IND505001AAB,Stable,FTL,0.7436838,0.25666666666666677,16.722517777777774,65.15266666666663
IND505302AAB,IND505325AAA,Stable,Carting,0.468744,0.15183333333333332,17.318499333333335,114.06256421514821
IND505302AAB,IND505326AAB,Stable,Carting,0.43117315,0.12937500000000005,13.824737500000001,106.85787439613524
IND505302AAB,IND505327AAA,Stable,Carting,0.40993118,0.15625,10.909972499999999,69.82382399999999
IND505325AAA,IND505327AAA,Stable,FTL,0.76556087,0.07250000000000002,9.49669,130.98882758620684
IND505326AAA,IND505425AAA,Stable,FTL,0.8999653,0.15375000000000003,12.966275,84.33349593495933
IND505326AAB,IND505001AAB,Congested,Carting,0.4290058,0.6474999999999999,22.21401,34.30735135135136
IND505326AAB,IND505327AAA,Stable,FTL,0.71484125,0.09624999999999997,10.205247499999999,106.02854545454547
IND505326AAB,IND505425AAA,Stable,FTL,0.88363576,0.07750000000000004,9.01306,116.29754838709671
IND505327AAA,IND505425AAA,Stable,FTL,0.81343937,0.0765277777777778,9.283818055555555,121.31304900181483
IND505425AAA,IND504215AAA,Stable,Carting,0.5548807,0.10249999999999998,6.342105,61.87419512195123
IND505425AAA,IND505001AAB,Stable,Carting,0.58995795,0.2141666666666668,17.36943833333333,81.10243579766531
IND505467AAA,IND505122AAA,Stable,Carting,0.5504847,0.1470192307692308,14.352561730769228,97.62370307390448
IND505503AAA,IND506164AAA,Stable,FTL,0.8038867,0.16916666666666677,15.114248333333334,89.34531034482754
IND506001AAC,IND505122AAA,Stable,Carting,0.40242982,0.13875000000000004,13.008117499999999,93.75219819819816
IND506001AAC,IND505467AAA,Stable,Carting,0.44320148,0.10596153846153851,11.408426346153846,107.66572958257707
IND506002AAA,IND506132AAA,Stable,Carting,0.36422795,0.08956250000000002,10.978273249999999,122.57667271458476
IND506002AAA,IND506143AAA,Stable,FTL,0.718284,0.09624999999999997,9.346341323529412,97.10484491978612
IND506002AAA,IND506343AAA,Stable,FTL,0.89734393,0.10562499999999998,12.972461249999999,122.81620118343196
IND506132AAA,IND122001AAJ,Stable,FTL,0.7603339,0.12361842105263156,13.597464078947368,109.99545183608303
IND506143AAA,IND506167AAB,Stable,FTL,0.85451317,0.07329999999999999,8.577630599999999,117.02088130968623
IND506167AAB,IND501359AAE,Stable,FTL,0.79731506,0.3178947368421054,26.176965131578942,82.34475786423836
IND506169AAB,IND505503AAA,Stable,FTL,0.8550203,0.08500000000000002,8.22479,96.76223529411763
IND506314AAA,IND506002AAA,Stable,FTL,0.66137636,0.2586206896551725,10.776798103448275,41.67028599999998
IND506343AAA,IND506169AAB,Stable,Carting,0.5067607,0.12562500000000001,14.42233625,114.80466666666666
IND507002AAA,IND507117AAB,Stable,FTL,0.78093857,0.23450000000000013,27.968156999999998,119.26719402985067
IND507002AAA,IND507159AAA,Stable,Carting,0.42333868,0.08833333333333335,7.981446666666667,90.356
IND507002AAA,IND507167AAA,Stable,FTL,0.65676075,0.14263888888888895,10.38881861111111,72.83300292112946
IND507002AAA,IND508001AAA,Stable,FTL,0.7847997,0.3745,27.671476000000002,73.8891214953271
IND507002AAA,IND508206AAA,Stable,FTL,0.6235522,0.13489583333333333,11.271576458333332,83.55763243243243
IND507002AAA,IND508207AAB,Stable,FTL,0.8332765,0.2109375,21.407343124999997,101.48666370370368
IND507002AAA,IND508213AAB,Stable,FTL,0.7833507,0.14500000000000005,16.09032583333333,110.96776436781605
IND507111AAA,IND507117AAB,Stable,Carting,0.44116688,0.10993421052631583,10.668678815789471,97.04603111909032
IND507111AAA,IND507303AAA,Stable,FTL,0.84845513,0.2275000000000001,24.768391666666666,108.87205128205123
IND507117AAB,IND507303AAA,Stable,FTL,0.84966165,0.3289930555555557,29.859949097222216,90.76163947229546
IND507123AAA,IND506314AAA,Stable,FTL,0.7526942,0.2573437499999999,30.385943437500003,118.07531147540989
IND507159AAA,IND507002AAA,Congested,FTL,0.69872296,0.42886363636363617,8.778735,20.469758346581884
IND507159AAA,IND508206AAA,Stable,Carting,0.5568953,0.10700000000000003,14.7814205,138.14411682242988
IND507303AAA,IND507002AAA,Stable,FTL,0.83590996,0.2833680555555555,19.619287916666664,69.23606077686559
IND508001AAA,IND501359AAE,Stable,FTL,0.7960768,0.25549999999999995,27.560547999999997,107.86907240704502
IND508116AAA,IND508223AAA,Stable,Carting,0.5200643,0.16833333333333336,19.30532333333333,114.68508910891086
IND508116AAA,IND508277AAB,Stable,Carting,0.38850945,0.09187499999999998,11.73326875,127.70904761904765
IND508206AAA,IND507002AAA,Stable,Carting,0.49729598,0.11625000000000002,10.86225,93.43870967741934
IND508206AAA,IND507159AAA,Stable,FTL,0.72868395,0.11358695652173918,16.255291956521738,143.10879043062192
IND508206AAA,IND508207AAB,Stable,FTL,0.84684163,0.15022727272727276,14.257676363636362,94.90737670196668
IND508207AAB,IND507002AAA,Congested,FTL,0.722489,0.3693750000000001,20.938001,56.68494348561758
IND508207AAB,IND508206AAA,Stable,FTL,0.86597776,0.18250000000000005,14.737776666666667,80.75494063926939
IND508207AAB,IND521225AAB,Stable,FTL,0.79989266,0.39833333333333343,33.613545,84.38546861924685
IND508213AAB,IND508001AAA,Stable,FTL,0.6960823,0.1521428571428571,14.76988125,97.07903169014087
IND508223AAA,IND500039AAC,Stable,FTL,0.7412127,0.278125,27.116102279411766,97.49609808327826
IND508248AAB,IND508377AAB,Stable,FTL,0.8652639,0.11901315789473692,13.826528026315788,116.17646545052507
IND508252AAB,IND508207AAB,Stable,FTL,0.75314665,0.18374999999999997,30.391738124999996,165.39721428571428
IND508277AAB,IND508223AAA,Stable,Carting,0.57361555,0.09437500000000003,9.040266666666666,95.79090507726265
IND508377AAB,IND501359AAE,Stable,FTL,0.7374466,0.3680263157894738,33.86421622807017,92.01574663329754
IND509001AAA,IND509203AAA,Stable,Carting,0.45950252,0.1,10.796233552631577,107.96233552631577
IND509103AAB,IND509103AAC,Stable,Carting,0.034805033,0.08249999999999999,6.6329199999999995,80.3990303030303
IND509103AAB,IND518002AAA,Stable,FTL,0.8135013,0.23666666666666672,18.985021481481482,80.21840062597808
IND509103AAC,IND518002AAA,Stable,FTL,0.82196397,0.2305882352941178,18.28724676470588,79.30693749999995
IND509124AAA,IND509103AAB,Stable,Carting,0.46527636,0.14902777777777784,12.306087499999999,82.57579683131402
IND509124AAA,IND509103AAC,Stable,Carting,0.42173773,0.165625,13.1238625,79.23841509433963
IND509124AAA,IND518002AAA,Stable,FTL,0.8177622,0.2516666666666668,16.618548333333333,66.03396688741718
IND509124AAA,IND584101AAA,Stable,Carting,0.44189414,0.1625,14.244049166666665,87.65568717948716
IND509203AAA,IND509301AAA,Stable,Carting,0.5262148,0.08671052631578947,9.100119736842105,104.94827010622154
IND509216AAC,IND501359AAE,Stable,Carting,0.38269773,0.10437500000000005,9.104935,87.23291017964067
IND509301AAA,IND501359AAE,Stable,FTL,0.6742269,0.17327380952380952,17.531368333333333,101.17725455170044
IND509301AAA,IND509216AAC,Stable,FTL,0.61800116,0.10972222222222226,9.835241111111111,89.63764050632908
IND509324AAA,IND508248AAB,Stable,FTL,0.82526,0.15100000000000005,13.651435,90.40685430463573
IND509358AAA,IND508248AAB,Stable,FTL,0.85761684,0.20510416666666675,18.25246645833333,88.99120264093443
IND509358AAA,IND509324AAA,Stable,Carting,0.5819997,0.12777777777777785,10.947762777777776,85.67814347826081
IND515004AAA,IND501359AAE,Stable,FTL,0.92600644,0.5926054852320675,67.16983059071731,113.34662311539903
IND515004AAA,IND515401AAB,Stable,FTL,0.7283759,0.1386274509803922,14.718401764705881,106.17234653465343
IND515004AAA,IND515411AAA,Stable,FTL,0.8280379,0.18416666666666673,15.280019999999997,82.96843438914023
IND515004AAA,IND515671AAA,Stable,Carting,0.46882996,0.16038461538461538,11.141598461538461,69.468
IND515004AAA,IND515801AAA,Stable,FTL,0.81056577,0.25458333333333344,19.35241,76.01601309328966
IND515004AAA,IND562132AAA,Stable,FTL,0.85797554,0.5282638888888888,45.46715881944444,86.06902681740505
IND515134AAA,IND515201AAA,Stable,Carting,0.28030574,0.14730555555555563,13.09501122222222,88.89692702244007
IND515134AAA,IND515591AAA,Stable,Carting,0.32973537,0.15671875000000005,13.405850937499999,85.54082352941172
IND515201AAA,IND515134AAA,Stable,Carting,0.41526976,0.19125000000000014,14.814644833333332,77.46219520697161
IND515201AAA,IND515301AAA,Stable,Carting,0.33528322,0.09023809523809524,7.549430833333333,83.66123878627968
IND515301AAA,IND561202AAB,Stable,Carting,0.009045772,0.0625,4.8990878124999995,78.38540499999999
IND515401AAB,IND515801AAA,Stable,FTL,0.71187407,0.12550000000000003,9.419042999999999,75.0521354581673
IND515411AAA,IND516360AAB,Stable,FTL,0.6708248,0.22125000000000009,21.831856666666667,98.67505838041427
IND515591AAA,IND516269AAA,Stable,Carting,0.5700413,0.19741666666666666,17.828546166666666,90.30922498944702
IND515671AAA,IND515134AAA,Stable,Carting,0.43814203,0.11557692307692306,11.413952307692307,98.75632612312813
IND515671AAA,IND515591AAA,Stable,Carting,0.5366258,0.27583333333333326,19.661168333333332,71.27916012084593
IND515761AAA,IND515004AAA,Stable,Carting,0.53388536,0.18403508771929833,15.159160087719298,82.37103193517632
IND515801AAA,IND515761AAA,Stable,FTL,0.64030075,0.35125000000000006,23.57177375,67.10825266903913
IND515801AAA,IND515865AAB,Stable,FTL,0.6166813,0.2361458333333334,22.70518493055555,96.14899661814434
IND515865AAB,IND515761AAA,Stable,Carting,0.48671415,0.115625,12.141344444444444,105.00622222222222
IND516001AAA,IND516227AAA,Stable,FTL,0.61384594,0.13374999999999998,13.6248525,101.86805607476637
IND516101AAA,IND516115AAA,Stable,Carting,0.30832538,0.10807142857142864,8.880576999999999,82.17321744877721
IND516115AAA,IND517501AAB,Stable,Carting,0.54529864,0.2514889705882354,19.650281360294116,78.1357580586214
IND516227AAA,IND515004AAA,Congested,FTL,0.82969034,0.5014062499999999,43.1257159375,86.00953007167342
IND516269AAA,IND516390AAA,Stable,FTL,0.7014461,0.21627118644067805,21.18407389830508,97.95143887147329
IND516360AAB,IND516001AAA,Stable,FTL,0.6303779,0.13250000000000003,14.480943749999998,109.29014150943392
IND516390AAA,IND515004AAA,Stable,FTL,0.6755205,0.302625,24.341415,80.43425030978935
IND517325AAA,IND517408AAA,Stable,FTL,0.75497264,0.17250000000000001,16.330545,94.66982608695652
IND517501AAB,IND517583AAA,Stable,Carting,0.20923425,0.08618421052631581,7.734112719298245,89.73932315521625
IND517501AAB,IND517644AAA,Stable,Carting,0.56681925,0.15281250000000005,11.466289843750001,75.03502556237217
IND517583AAA,IND516101AAA,Stable,Carting,0.46845996,0.14828125000000003,13.986123593749998,94.3215922023182
IND517644AAA,IND524132AAA,Stable,FTL,0.6327446,0.13391666666666674,12.115223166666665,90.46837461107647
IND518002AAA,IND501359AAE,Stable,FTL,0.8590835,0.3850781250000002,40.597749427083336,105.42730628254543
IND518002AAA,IND509103AAB,Congested,FTL,0.6622725,0.4606250000000003,22.306046874999996,48.425610583446364
IND518002AAA,IND509124AAA,Stable,FTL,0.6407938,0.20694444444444451,16.06591,77.63392751677848
IND518002AAA,IND518206AAA,Congested,Carting,0.4448213,1.511250000000001,16.5358025,10.941804797353177
IND518002AAA,IND518401AAA,Stable,Carting,0.47237095,0.11625000000000002,10.11343173076923,86.99726220016541
IND518002AAA,IND518501AAA,Stable,FTL,0.6614052,0.14990740740740746,18.484058703703703,123.3031710932674
IND518002AAA,IND562132AAA,Stable,FTL,0.9098623,0.6263225806451616,68.62640106451613,109.57037664812522
IND518002AAA,IND584101AAA,Stable,FTL,0.6418498,0.2551363636363637,22.56530181818182,88.44408337787277
IND518102AAA,IND518002AAA,Stable,FTL,0.7922169,0.32032467532467546,33.4500609090909,104.42548915467255
IND518124AAA,IND518002AAA,Stable,FTL,0.6104717,0.18083333333333335,20.919336666666666,115.68296774193547
IND518124AAA,IND518206AAA,Stable,Carting,0.059656013,0.0875,6.795185833333333,77.65926666666667
IND518206AAA,IND518002AAA,Stable,FTL,0.71038073,0.17833333333333337,15.91616833333333,89.24954205607473
IND518206AAA,IND518222AAA,Stable,Carting,0.40894115,0.12218750000000007,11.180071875,91.49930946291555
IND518222AAA,IND518002AAA,Stable,FTL,0.68417704,0.1185,14.622393333333333,123.39572433192687
IND518401AAA,IND518422AAB,Stable,FTL,0.6952476,0.10968750000000008,10.84636875,98.88427350427344
IND518422AAB,IND518102AAA,Stable,FTL,0.68718946,0.27258928571428576,26.65709375,97.79215525712414
IND518501AAA,IND518124AAA,Stable,Carting,0.51549155,0.13616666666666669,11.191919666666667,82.19280048959608
IND520011AAA,IND521185AAA,Stable,Carting,0.3553354,0.102202380952381,10.914401666666667,106.79204892253927
IND521001AAA,IND521165AAA,Stable,FTL,0.6503392,0.10583333333333336,10.834529999999999,102.37351181102359
IND521001AAA,IND521225AAB,Stable,FTL,0.71974117,0.2248333333333335,18.024048,80.16626241660484
IND521105AAA,IND521333AAA,Stable,Carting,0.5455758,0.2025000000000001,12.471943749999998,61.589845679012306
IND521105AAA,IND534001AAA,Stable,Carting,0.0415239,0.08312500000000002,6.39653875,76.95084210526315
IND521165AAA,IND521225AAB,Congested,Carting,0.47235805,0.3875,11.418636249999999,29.46744838709677
IND521185AAA,IND520011AAA,Stable,Carting,0.3134552,0.125,14.646414999999998,117.17131999999998
IND521185AAA,IND521225AAB,Stable,Carting,0.51634717,0.19470238095238107,14.800031666666666,76.01361418526439
IND521201AAA,IND521105AAA,Stable,Carting,0.1683622,0.09333333333333335,7.628121666666666,81.72987499999998
IND521225AAB,IND501359AAE,Stable,FTL,0.90759647,0.5854166666666667,61.44095867424242,104.95252727272725
IND521225AAB,IND507002AAA,Stable,FTL,0.7554993,0.31802238805970146,34.00160410447761,106.91575618913528
IND521225AAB,IND521001AAA,Stable,FTL,0.81012946,0.26687500000000003,19.620203749999998,73.51832786885244
IND521225AAB,IND521165AAA,Congested,Carting,0.58291936,0.31000000000000016,10.856947499999999,35.02241129032256
IND521225AAB,IND521185AAA,Stable,Carting,0.36355057,0.11916666666666664,12.892605833333333,108.18969930069932
IND521225AAB,IND521201AAA,Stable,Carting,0.4930698,0.1733928571428572,13.554574166666667,78.17262135255747
IND521225AAB,IND521301AAA,Stable,Carting,0.5755765,0.1615131578947369,14.515785789473686,89.87370427698573
IND521225AAB,IND523002AAA,Stable,FTL,0.76817685,0.29833333333333345,29.779022777777776,99.81795344506513
IND521301AAA,IND521001AAA,Stable,FTL,0.6970401,0.0968421052631579,10.594315789473685,109.39782608695653
IND521333AAA,IND521225AAB,Stable,FTL,0.7189249,0.3313775510204081,24.525449285714284,74.01059368745189
IND522647AAA,IND523201AAA,Stable,FTL,0.618398,0.15388157894736842,15.260120657894738,99.16794955109022
IND523002AAA,IND523105AAA,Stable,Carting,0.48007336,0.24333333333333348,14.24351833333333,58.53500684931502
IND523002AAA,IND523226AAA,Stable,Carting,0.14818253,0.09624999999999997,7.448612499999999,77.38818181818183
IND523002AAA,IND523230AAA,Stable,FTL,0.7214056,0.1928571428571428,19.270109444444444,99.91908600823048
IND523002AAA,IND523316AAB,Stable,FTL,0.72424006,0.2924999999999999,21.42287,73.24058119658122
IND523002AAA,IND600056AAB,Congested,FTL,0.89907914,0.6762056737588655,67.01250599290779,99.10077450312019
IND523105AAA,IND524201AAA,Stable,Carting,0.55621576,0.10782894736842105,15.102145394736839,140.0565039658328
IND523201AAA,IND523002AAA,Congested,Carting,0.5360641,0.4349999999999999,11.683898333333333,26.85953639846744
IND523226AAA,IND523316AAB,Stable,FTL,0.7724246,0.19731707317073177,17.808126341463414,90.25132014833125
IND523230AAA,IND523105AAA,Stable,Carting,0.5119505,0.1299561403508772,13.721770877192982,105.58770705366183
IND523316AAB,IND522647AAA,Stable,FTL,0.8795985,0.145952380952381,17.977339166666663,123.1726337683523
IND524003AAA,IND501359AAE,Congested,FTL,0.93704075,0.8258966244725741,92.05263253164557,111.45781421546711
IND524101AAB,IND517501AAB,Stable,FTL,0.71936476,0.28820312499999995,23.167448828124996,80.38583491461101
IND524132AAA,IND524101AAB,Stable,Carting,0.49714443,0.12107142857142854,11.585944999999999,95.69512094395282
IND524201AAA,IND523002AAA,Stable,FTL,0.61589825,0.17282258064516126,24.67295080645161,142.76462435837612
IND530012AAA,IND501359AAE,Congested,FTL,0.9503906,1.172236286919831,112.1889364978903,95.70505345187533
IND530012AAA,IND530043AAA,Stable,Carting,0.046702858,0.10980769230769229,5.886196346153846,53.604590192644494
IND530012AAA,IND531001AAA,Stable,Carting,0.2716632,0.07316666666666667,6.742864333333333,92.15759908883827
IND530012AAA,IND531036AAA,Stable,Carting,0.20745718,0.18187500000000004,9.34626875,51.38841924398624
IND530012AAA,IND531162AAA,Stable,Carting,0.0023597048,0.06625000000000002,5.177757499999999,78.15483018867921
IND530012AAA,IND532001AAB,Stable,Carting,0.5913142,0.18224431818181822,20.84644174242424,114.38733426864117
IND530012AAA,IND533106AAA,Stable,FTL,0.8565505,0.3432812499999999,39.344339999999995,114.6125516613564
IND530012AAA,IND535001AAA,Stable,Carting,0.46626118,0.27020833333333344,14.245662083333333,52.72103161141092
IND530012AAA,IND751002AAB,Stable,FTL,0.95374346,0.6758333333333335,84.57149228070175,125.1366100330975
IND530012AAA,IND764001AAC,Congested,FTL,0.8158211,0.651323529411765,40.328280588235295,61.91743237751183
IND530012AAA,IND764020AAC,Congested,FTL,0.7245368,0.8536666666666671,35.58488966666667,41.68475946895742
IND530012AAC,IND501359AAE,Congested,FTL,0.9638598,1.4146739130434782,116.68023956521739,82.47854045332309
IND530012AAC,IND533106AAA,Stable,FTL,0.9006276,0.378125,38.85683703125,102.76188305785125
IND530018AAA,IND531162AAA,Stable,Carting,0.00011470454,0.0875,4.274724999999999,48.85399999999999
IND530026AAA,IND531036AAA,Stable,Carting,0.19883397,0.14640625000000007,9.21676875,62.95338313767339
IND530043AAA,IND530012AAA,Stable,Carting,0.24807076,0.20375000000000015,7.232015,35.49455214723923
IND530043AAA,IND531163AAA,Stable,Carting,0.20630841,0.07592857142857147,6.933700999999999,91.31873377234237
IND531001AAA,IND530012AAA,Congested,Carting,0.46727923,0.475,8.659735,18.23102105263158
IND531001AAA,IND531116AAA,Stable,Carting,0.21520515,0.12920000000000004,10.166755199999999,78.69005572755415
IND531036AAA,IND530012AAA,Stable,Carting,0.19681299,0.15390625,9.879765,64.19339695431472
IND531116AAA,IND530012AAA,Stable,Carting,0.4019645,0.22169642857142857,14.451698749999998,65.18688119210631
IND531116AAA,IND531001AAA,Stable,Carting,0.38075596,0.10150000000000006,11.811968,116.37406896551717
IND531163AAA,IND535001AAA,Stable,Carting,0.20715111,0.08134615384615387,6.789390641025641,83.46295823483054
IND532001AAB,IND530012AAA,Stable,FTL,0.6467392,0.3022629310344828,24.62986478448276,81.48490024955436
IND532001AAB,IND532127AAA,Stable,Carting,0.4717919,0.13720238095238102,10.658939166666665,77.68771279826458
IND532001AAB,IND532201AAA,Stable,FTL,0.6988687,0.18416666666666673,14.767433333333333,80.1851583710407
IND532001AAB,IND532421AAA,Stable,FTL,0.75487113,0.11762820512820511,9.453093461538462,80.36417329700274
IND532127AAA,IND535591AAA,Stable,Carting,0.5740498,0.14375,14.074756048387094,97.9113464235624
IND532201AAA,IND532222AAA,Stable,Carting,0.5634861,0.10062500000000002,9.326624125,92.68694782608694
IND532201AAA,IND761200AAA,Stable,Carting,0.3163882,0.11625000000000002,11.319,97.36774193548386
IND532222AAA,IND532001AAB,Stable,FTL,0.7859478,0.26875,23.504704999999998,87.45936744186046
IND532222AAA,IND761200AAA,Stable,FTL,0.68947405,0.22772727272727286,22.740801363636365,99.85980638722549
IND532421AAA,IND532201AAA,Stable,FTL,0.72396755,0.08648437500000003,8.966057187499999,103.67256729900627
IND532440AAA,IND532001AAB,Stable,Carting,0.4481713,0.1193382352941177,12.073468235294117,101.1701589648798
IND533003AAA,IND533106AAA,Stable,Carting,0.56893796,0.20611111111111124,15.484256666666667,75.12577358490562
IND533003AAA,IND533401AAA,Stable,FTL,0.6524815,0.17254629629629636,16.490074999999997,95.56898846257037
IND533106AAA,IND501359AAE,Congested,FTL,0.9313687,0.9202757352941177,79.88215658088235,86.80241531670096
IND533106AAA,IND530012AAA,Stable,FTL,0.8403973,0.34909090909090923,39.23694329545454,112.3974938151041
IND533106AAA,IND533003AAA,Stable,Carting,0.53283286,0.3445833333333335,17.814072499999998,51.69742926239416
IND533106AAA,IND533201AAA,Stable,FTL,0.6694545,0.3125,27.640935000000002,88.45099200000001
IND533106AAA,IND533242AAA,Congested,Carting,0.50785875,0.41208333333333325,22.877569166666667,55.51685136501518
IND533106AAA,IND533262AAA,Stable,FTL,0.66419244,0.21375000000000005,13.918849583333332,65.11742495126704
IND533106AAA,IND533308AAB,Stable,Carting,0.37831414,0.26500000000000007,11.92663294117647,45.00616204217535
IND533106AAA,IND534260AAC,Stable,Carting,0.5702747,0.26799999999999996,18.201936666666665,67.91767412935323
IND533201AAA,IND533242AAA,Stable,Carting,0.10169171,0.08625000000000001,7.37646,85.52417391304347
IND533201AAA,IND533262AAA,Stable,Carting,0.4251179,0.20194444444444457,15.815298333333331,78.31509491059141
IND533242AAA,IND533201AAA,Stable,Carting,0.092288435,0.08125,7.358154999999999,90.56190769230768
IND533262AAA,IND533106AAA,Stable,Carting,0.5428002,0.1707142857142858,15.9114775,93.20530753138071
IND533262AAA,IND533201AAA,Stable,FTL,0.72416764,0.14800000000000005,12.491255,84.4003716216216
IND533308AAB,IND533003AAA,Stable,Carting,0.30382395,0.14091666666666663,13.6375085,96.77711531638086
IND533308AAB,IND533106AAA,Stable,Carting,0.38880667,0.13250000000000003,11.675369999999997,88.11599999999996
IND533401AAA,IND533106AAA,Stable,FTL,0.81455433,0.24996323529411768,21.669185588235294,86.68949080747167
IND533401AAA,IND533308AAB,Stable,FTL,0.6445532,0.390625,25.992461249999998,66.5407008
IND534001AAA,IND521225AAB,Stable,FTL,0.77043104,0.2125,16.19952833333333,76.23307450980391
IND534001AAA,IND521333AAA,Stable,Carting,0.54794616,0.12160714285714284,8.6103375,70.80453744493393
IND534260AAC,IND533106AAA,Stable,Carting,0.5712357,0.30270833333333347,19.170433333333328,63.32971782518922
IND535001AAA,IND530012AAA,Stable,Carting,0.48631957,0.3229583333333333,16.116939416666664,49.90408282802219
IND535501AAB,IND532001AAB,Stable,FTL,0.6379969,0.25812499999999994,22.4183225,86.85064406779662
IND535501AAB,IND532440AAA,Stable,Carting,0.5222148,0.12220588235294123,12.371643529411765,101.23607220216601
IND535558AAA,IND535501AAB,Stable,Carting,0.5766982,0.08943750000000002,8.71038175,97.3907113906359
IND535591AAA,IND535558AAA,Stable,Carting,0.041952465,0.08916666666666669,6.643081666666666,74.5018504672897
IND560002AAA,IND560099AAB,Stable,Carting,0.04139826,0.10343750000000007,5.636101624999999,54.48799154078545
IND560002AAA,IND562132AAA,Stable,Carting,0.2685876,0.1464615384615385,7.539904615384615,51.48044117647057
IND560027AAA,IND560099AAA,Stable,Carting,0.047739394,0.08928571428571429,5.900619999999999,66.08694399999999
IND560043AAC,IND560064AAA,Stable,Carting,5.676206e-05,0.07144736842105263,4.619277894736841,64.65287661141804
IND560043AAC,IND560099AAB,Stable,Carting,0.29121614,0.10996212121212127,8.191867727272726,74.4971780916293
IND560043AAC,IND562132AAA,Stable,Carting,0.22570752,0.16390625000000003,7.715558958333333,47.07300031776294
IND560048AAB,IND560099AAB,Stable,Carting,0.2400726,0.12786764705882353,7.749676838235293,60.607018401380095
IND560048AAB,IND562132AAA,Stable,Carting,0.2560296,0.1877573529411765,9.38197338235294,49.968607009986286
IND560058AAB,IND560060AAB,Stable,Carting,0.0035282574,0.05318181818181819,4.957065909090908,93.2097863247863
IND560058AAB,IND560099AAB,Stable,Carting,0.20413874,0.11080246913580254,9.567737407407408,86.34949637883004
IND560058AAB,IND562132AAA,Stable,Carting,0.000304424,0.07026785714285715,4.560137499999999,64.89649301143581
IND560058AAD,IND562132AAA,Stable,Carting,0.0041655605,0.1322857142857143,4.9567215,37.46981695464362
IND560060AAB,IND560099AAB,Stable,Carting,0.19411877,0.07825581395348837,7.941993255813953,101.48758098068352
IND560060AAB,IND562132AAA,Stable,Carting,0.2524236,0.11732456140350879,7.212766842105262,61.47704074766354
IND560064AAD,IND560043AAC,Stable,Carting,0.007520151,0.08496951219512194,4.589509024390243,54.013597416576964
IND560067AAC,IND562114AAA,Stable,Carting,0.00011678328,0.06952702702702702,4.394273648648649,63.202380952380956
IND560077AAA,IND560099AAB,Stable,Carting,0.28806305,0.296875,10.615709999999998,35.75818105263157
IND560078AAC,IND560099AAB,Stable,Carting,0.15352824,0.11511627906976744,6.317617209302325,54.880311111111105
IND560078AAC,IND562132AAA,Stable,Carting,0.23131888,0.12693877551020413,8.432551428571427,66.43006752411571
IND560083AAB,IND560058AAD,Stable,Carting,0.34057578,0.09083333333333338,7.583811666666665,83.4915045871559
IND560083AAB,IND562132AAA,Stable,Carting,0.18646303,0.13652272727272732,9.936178636363636,72.78039953387712
IND560085AAA,IND562132AAA,Stable,Carting,0.27368122,0.13440476190476194,7.956013333333333,59.19443046944196
IND560099AAB,IND000000ACS,Stable,Carting,0.033237312,0.075,6.062945,80.83926666666667
IND560099AAB,IND515004AAA,Stable,FTL,0.893414,0.38699999999999996,47.005994,121.46251679586565
IND560099AAB,IND560002AAA,Stable,Carting,0.032833494,0.08662037037037038,5.925350925925926,68.405975414217
IND560099AAB,IND560043AAC,Stable,Carting,0.33668998,0.11074324324324322,7.647417702702701,69.05538865161684
IND560099AAB,IND560048AAB,Stable,Carting,0.2495669,0.11732954545454545,7.612111420454545,64.87804406779661
IND560099AAB,IND560058AAB,Stable,Carting,0.21289407,0.12233443708609275,8.781655529801323,71.78400243605357
IND560099AAB,IND560058AAD,Stable,Carting,0.26608944,0.09812500000000005,9.092514374999999,92.66256687898084
IND560099AAB,IND560060AAB,Stable,Carting,0.27079567,0.09287634408602154,8.448583387096773,90.96593400868304
IND560099AAB,IND560077AAA,Stable,Carting,0.24842213,0.25687500000000013,9.54256625,37.14867639902675
IND560099AAB,IND560078AAC,Stable,Carting,0.03424578,0.08767857142857144,6.184638125,70.53762423625254
IND560099AAB,IND560083AAB,Stable,Carting,0.0034871197,0.07375000000000001,5.87678,79.68515254237288
IND560099AAB,IND560085AAA,Stable,Carting,0.019797452,0.12154411764705889,5.560137058823529,45.74583424077432
IND560099AAB,IND560300AAA,Stable,Carting,0.3219963,0.16601239669421494,13.36499141322314,80.50598436838827
IND560099AAB,IND562132AAA,Stable,Carting,0.2389,0.1646167452830189,11.575132393867923,70.31564361187719
IND560099AAB,IND632006AAA,Stable,FTL,0.793698,0.3306640625,44.099440546875,133.36629391612522
IND560099AAB,IND635001AAA,Stable,Carting,0.54550105,0.2007692307692307,18.399591538461536,91.64547509578546
IND560099AAB,IND683511AAA,Congested,FTL,0.9305072,0.9415134529147982,86.42170556053811,91.7901972542062
IND560099AAB,IND683511AAB,Congested,FTL,0.9257195,0.9434374999999998,85.9683103125,91.12242232527328
IND560099AAG,IND560099AAB,Stable,Carting,0.00010234656,0.05375000000000003,3.8121999999999994,70.92465116279065
IND560099AAH,IND562125AAA,Stable,Carting,4.9871756e-05,0.075,4.0761,54.348000000000006
IND560300AAA,IND000000ACS,Stable,Carting,0.2654343,0.19125000000000014,10.34586875,54.096045751633945
IND560300AAA,IND560002AAA,Stable,Carting,0.16592523,0.08033333333333334,8.448605200000001,105.16935933609959
IND560300AAA,IND560043AAC,Stable,Carting,0.30421835,0.08861111111111111,8.001089797979796,90.29443032202904
IND560300AAA,IND560048AAB,Stable,Carting,0.3011376,0.08208333333333334,9.261568749999999,112.83129441624362
IND560300AAA,IND560058AAB,Stable,Carting,0.2494424,0.09200450450450451,8.661620585585585,94.14344039167685
IND560300AAA,IND560078AAC,Stable,Carting,0.17136154,0.21261718749999994,9.06625453125,42.641211831710464
IND560300AAA,IND560085AAA,Stable,Carting,0.14678685,0.10270833333333336,9.006532013888888,87.69037254901959
IND560300AAA,IND560099AAB,Stable,Carting,0.28022575,0.2300829383886255,12.482446943127963,54.251945105309254
IND560300AAA,IND562132AAA,Stable,Carting,0.14701433,0.18904705882352957,10.812374258823528,57.19408874229878
IND560300AAA,IND563101AAB,Stable,Carting,0.39820057,0.1274166666666667,13.236765499999999,103.88566775670368
IND560300AAA,IND563130AAA,Stable,Carting,0.32737154,0.13074999999999998,12.0371195,92.06209942638624
IND560300AAA,IND563131AAB,Stable,Carting,0.36708874,0.1603571428571429,16.098985,100.394561247216
IND560300AAB,IND563101AAB,Stable,Carting,0.3666046,0.13000000000000006,13.420595337837838,103.23534875259871
IND560300AAB,IND563116AAA,Stable,Carting,0.55980974,0.26222222222222225,22.170925,84.5501377118644
IND560300AAB,IND563125AAB,Stable,Carting,0.35784698,0.12124999999999998,13.481218333333333,111.1853058419244
IND560300AAB,IND563130AAA,Stable,Carting,0.34968626,0.13506249999999997,12.05346275,89.24359278111987
IND561202AAB,IND515134AAA,Stable,Carting,0.30906203,0.1961979166666668,15.443809791666666,78.71546270241566
IND561203AAB,IND562101AAA,Stable,Carting,0.20349158,0.06881944444444445,6.895794305555555,100.20124924318868
IND561207AAB,IND562108AAA,Stable,Carting,0.25243863,0.09973404255319156,10.352547234042552,103.80154026666658
IND561207AAB,IND572101AAA,Stable,Carting,0.47783938,0.26724999999999993,21.223796999999998,79.41551730589337
IND562101AAA,IND561207AAB,Stable,Carting,0.23675221,0.07158163265306125,10.095767857142857,141.0385245901639
IND562108AAA,IND572101AAA,Stable,Carting,0.33230796,0.20410714285714276,14.726197500000001,72.14934908136487
IND562114AAA,IND560048AAB,Stable,Carting,0.013319638,0.13333333333333333,5.730341944444445,42.97756458333333
IND562114AAA,IND560067AAC,Stable,Carting,0.0001166289,0.10454545454545455,4.0151331818181815,38.40562173913043
IND562117AAA,IND562132AAA,Stable,FTL,0.67372334,0.20509259259259263,21.466359444444443,104.66667358916476
IND562125AAA,IND000000ACS,Congested,Carting,0.025339324,0.4275000000000001,5.8781099999999995,13.749964912280698
IND562132AAA,IND000000ACB,High Risk,FTL,0.9838209,3.679286791314837,400.37132830820264,108.81764619526307
IND562132AAA,IND000000ACS,Stable,Carting,0.26345655,0.09791666666666667,8.000327222222223,81.70546950354611
IND562132AAA,IND302014AAA,High Risk,FTL,0.98175406,3.4817331288343554,338.8190580368098,97.31333376209754
IND562132AAA,IND395023AAA,High Risk,FTL,0.9685214,2.3330851063829794,226.3944028723404,97.03649569103092
IND562132AAA,IND411033AAA,Congested,FTL,0.95288265,1.345944570135747,159.21087522624435,118.28932539932676
IND562132AAA,IND416012AAA,Congested,FTL,0.96166795,0.9323578595317722,113.39755409698995,121.62449529190211
IND562132AAA,IND421302AAG,High Risk,FTL,0.96441036,1.6827616279069768,185.9502022868217,110.5029965046844
IND562132AAA,IND462022AAA,High Risk,FTL,0.97986805,2.818848000000001,258.526348416,91.71347600721995
IND562132AAA,IND501359AAE,Congested,FTL,0.94635165,0.9126846590909091,102.9630322159091,112.81337008388714
IND562132AAA,IND515004AAA,Stable,FTL,0.83394015,0.34187500000000004,41.87716263888889,122.49261466585415
IND562132AAA,IND518002AAA,Stable,FTL,0.9027861,0.5379360465116279,65.71426302325581,122.15999178600379
IND562132AAA,IND560002AAA,Stable,Carting,0.17984292,0.13399999999999998,6.795192599999999,50.71039253731343
IND562132AAA,IND560043AAC,Stable,Carting,0.20037939,0.10405303030303029,7.229585681818182,69.47981871132146
IND562132AAA,IND560048AAB,Stable,Carting,0.22285922,0.1430208333333334,9.001874097222222,62.940998786113106
IND562132AAA,IND560058AAB,Stable,Carting,0.00012294957,0.065875,4.531966249999999,68.79645161290321
IND562132AAA,IND560058AAD,Stable,Carting,0.0027441324,0.1107366071428571,5.385243125,48.63110098770411
IND562132AAA,IND560060AAB,Stable,Carting,0.3216176,0.09710714285714286,7.5308065,77.55151967635159
IND562132AAA,IND560066AAB,Stable,Carting,0.18942168,0.16125000000000006,9.139956875,56.681903100775166
IND562132AAA,IND560078AAC,Stable,Carting,0.2919626,0.1034,8.422892333333333,81.45930689877498
IND562132AAA,IND560083AAB,Stable,Carting,0.25720733,0.10856783919597994,9.933660954773869,91.49727053922699
IND562132AAA,IND560085AAA,Stable,Carting,0.32264915,0.13611111111111107,8.142500462962964,59.822452380952406
IND562132AAA,IND560099AAB,Stable,Carting,0.32950038,0.15137303149606302,12.144110807086614,80.22638304236158
IND562132AAA,IND560300AAA,Stable,Carting,0.18256652,0.14099502487562188,9.880201310116085,70.07482227711127
IND562132AAA,IND570020AAA,Stable,FTL,0.7554084,0.3025000000000001,37.31523185185185,123.35613835322921
IND562132AAA,IND572101AAA,Stable,Carting,0.37386805,0.10333333333333337,12.406922499999999,120.06699193548381
IND562132AAA,IND573201AAB,Stable,FTL,0.86730874,0.29627232142857146,34.8652540625,117.67975453929027
IND562132AAA,IND577002AAA,Stable,FTL,0.91263163,0.40136363636363653,49.85086272727273,124.20373499433744
IND562132AAA,IND577501AAA,Stable,FTL,0.8514479,0.3715625000000001,37.827405,101.8063044575273
IND562132AAA,IND577598AAC,Stable,FTL,0.85263073,0.2465000000000001,29.199623249999995,118.45688945233259
IND562132AAA,IND580028AAA,Congested,FTL,0.9483136,0.6791304347826089,73.8302333695652,108.71289164532645
IND562132AAA,IND583101AAA,Stable,FTL,0.91755897,0.4426749999999998,54.61941485,123.38490958378047
IND562132AAA,IND600056AAB,Congested,FTL,0.91496,0.6395054945054947,66.99022730769231,104.75316925852734
IND562132AAA,IND683511AAA,Congested,FTL,0.9282328,1.1928448275862071,88.15911999999999,73.9066121269061
IND562132AAA,IND712311AAA,High Risk,FTL,0.9836493,3.8729282407407406,327.2992526157407,84.50950605610527
IND562132AAA,IND751002AAB,High Risk,FTL,0.9855429,2.565617359413204,247.67665178484106,96.53686309695398
IND562132AAC,IND000000ACB,High Risk,FTL,0.9821913,3.724102564102566,400.4021394871795,107.51641035527399
IND562159AAA,IND562117AAA,Stable,Carting,0.5769339,0.12136363636363635,9.494842954545454,78.23466104868915
IND563101AAB,IND560300AAB,Congested,Carting,0.41262132,0.8475000000000004,22.352435,26.374554572271375
IND563101AAB,IND563125AAB,Stable,Carting,0.29194883,0.09000000000000004,9.261787499999999,102.90874999999994
IND563101AAB,IND563131AAA,Stable,Carting,0.30172944,0.06950000000000003,8.263259199999998,118.89581582733805
IND563116AAA,IND563131AAB,Stable,Carting,0.014085035,0.08482142857142859,5.205061249999999,61.364932631578924
IND563125AAB,IND560300AAA,Congested,FTL,0.6746948,0.5066666666666667,20.629559999999998,40.71623684210525
IND563125AAB,IND560300AAB,Stable,Carting,0.49478966,0.2829687500000001,13.86655703125,49.00384594146878
IND563130AAA,IND563131AAB,Stable,Carting,0.23532905,0.08441666666666668,7.794814999999999,92.33739387956562
IND563131AAA,IND563125AAB,Stable,Carting,0.38330823,0.12060714285714293,11.430330999999999,94.77325081433219
IND563131AAB,IND560300AAA,Stable,Carting,0.47905618,0.25702380952380965,18.740495,72.91345900880033
IND563131AAB,IND560300AAB,Stable,Carting,0.4838362,0.3497142857142857,17.667413,50.51956331699346
IND563131AAB,IND563116AAA,Stable,Carting,0.017607003,0.06632812500000002,4.85499984375,73.1966996466431
IND570020AAA,IND571301AAA,Stable,Carting,0.5287529,0.13132352941176476,9.269089117647058,70.58208958566625
IND570020AAA,IND571430AAA,Stable,Carting,0.5707951,0.29666666666666663,15.619531666666663,52.650106741573026
IND570020AAA,IND571602AAA,Stable,Carting,0.46260354,0.16776785714285722,12.694126249999998,75.66482916444913
IND571104AAA,IND573142AAA,Stable,Carting,0.4377715,0.11875,10.6373575,89.57774736842106
IND571104AAA,IND577598AAB,Stable,FTL,0.7708229,0.09620967741935485,9.71657693548387,100.9937585917854
IND571105AAA,IND571114AAA,Stable,FTL,0.61243546,0.2900000000000001,9.500119999999999,32.75903448275861
IND571105AAA,IND571213AAA,Stable,Carting,0.4303079,0.12989583333333338,11.860350833333332,91.30663031275056
IND571111AAB,IND571313AAB,Stable,Carting,0.43377757,0.11125000000000007,10.163229999999999,91.3548764044943
IND571114AAA,IND570020AAA,Congested,Carting,0.57584697,0.4218421052631579,16.298269473684208,38.63594759825327
IND571124AAA,IND570020AAA,Stable,Carting,0.4772779,0.2967500000000001,11.45668825,38.60720556023587
IND571213AAA,IND570020AAA,Congested,FTL,0.8187367,1.5050000000000001,29.771035,19.78141860465116
IND571213AAA,IND571114AAA,Stable,Carting,0.57378227,0.20562500000000009,20.271057916666663,98.58265248226945
IND571301AAA,IND571111AAB,Stable,FTL,0.68087095,0.09875000000000007,10.095553125,102.23344936708854
IND571313AAB,IND571440AAA,Stable,Carting,0.32961056,0.14612499999999998,12.229623,83.69288622754492
IND571401AAA,IND562160AAB,Stable,Carting,0.30663222,0.097,11.42918525,117.82665206185567
IND571426AAA,IND571104AAA,Stable,FTL,0.78811604,0.22272222222222215,20.068920666666667,90.10740134696935
IND571430AAA,IND571124AAA,Stable,Carting,0.30872735,0.12131578947368418,11.780362631578946,97.1049414316703
IND571432AAB,IND571426AAA,Stable,Carting,0.40184578,0.11617647058823527,12.102261911764705,104.1713683544304
IND571438AAB,IND571401AAA,Stable,Carting,0.39772943,0.09102941176470593,8.530064117647058,93.70668174474953
IND571440AAA,IND571430AAA,Stable,FTL,0.692514,0.1157894736842105,11.961846842105262,103.3068590909091
IND572101AAA,IND561203AAB,Stable,Carting,0.41419032,0.11986111111111117,12.477585069444444,104.10036210892231
IND572101AAA,IND562101AAA,Stable,FTL,0.6457362,0.21906249999999997,18.2375725,83.25282738944367
IND572201AAB,IND573103AAA,Stable,FTL,0.7932782,0.10125000000000005,9.292955,91.78227160493822
IND572201AAB,IND573201AAB,Stable,FTL,0.6397856,0.1758333333333334,15.589064166666667,88.65818483412319
IND572201AAB,IND577101AAA,Stable,FTL,0.6137241,0.30750000000000005,22.60299125,73.505662601626
IND572201AAB,IND577116AAA,Stable,FTL,0.62603813,0.17083333333333334,16.96693833333333,99.31866341463413
IND573103AAA,IND572201AAB,Stable,FTL,0.9039714,0.06999999999999999,8.637941666666666,123.39916666666667
IND573103AAA,IND577116AAA,Stable,Carting,0.5634562,0.08200000000000003,11.2480095,137.17084756097557
IND573116AAA,IND571426AAA,Congested,Carting,0.43878046,0.3950000000000003,9.9418025,25.169120253164536
IND573116AAA,IND571432AAB,Stable,FTL,0.62164015,0.14802083333333335,15.989370833333332,108.02108374384234
IND573116AAA,IND573142AAA,Stable,Carting,0.3074745,0.20499999999999996,15.610420000000001,76.14839024390245
IND573134AAB,IND573201AAB,Stable,Carting,0.57613045,0.15598214285714285,12.34918375,79.17049685174585
IND573134AAB,IND577101AAA,Stable,FTL,0.65145606,0.16000000000000003,16.828752499999997,105.17970312499996
IND573142AAA,IND573201AAB,Stable,Carting,0.3882769,0.1616176470588235,12.632249411764706,78.16132484076434
IND573201AAB,IND572201AAB,Stable,FTL,0.62492245,0.14575757575757584,15.395455303030301,105.62370582120576
IND573201AAB,IND573103AAA,Stable,FTL,0.61923784,0.20208333333333334,11.971709166666667,59.24144742268041
IND573201AAB,IND573116AAA,Stable,Carting,0.5450621,0.12705357142857138,11.507725,90.57380182712583
IND573201AAB,IND573134AAB,Stable,FTL,0.6202553,0.11458333333333333,12.237994999999998,106.80431999999999
IND573201AAB,IND575004AAB,Congested,FTL,0.8732446,0.5769414893617021,40.04806675531914,69.41443368828654
IND574104AAA,IND574216AAA,Stable,Carting,0.40376183,0.1510576923076923,11.969587403846154,79.23851623169955
IND574117AAA,IND576101AAA,Stable,Carting,0.56173587,0.09125000000000003,8.6629725,94.93668493150683
IND574117AAA,IND576201AAA,Stable,FTL,0.7796433,0.23500000000000015,15.224941666666666,64.78698581560279
IND574202AAA,IND574239AAA,Stable,Carting,0.46360275,0.10874999999999997,10.750532916666666,98.85547509578547
IND574211AAA,IND574202AAA,Stable,FTL,0.8952991,0.1171875,9.1665175,78.22094933333332
IND574211AAA,IND574216AAA,Stable,Carting,0.5408011,0.17749999999999996,12.2089625,68.78288732394368
IND574216AAA,IND562132AAA,Stable,FTL,0.8140792,0.5561363636363638,56.282749090909086,101.20314507560275
IND574216AAA,IND575004AAB,Stable,Carting,0.5911991,0.17275862068965514,14.975627413793102,86.68526846307387
IND574221AAA,IND562132AAA,Congested,FTL,0.83543795,0.5826694915254237,56.17872423728814,96.41610733764819
IND574227AAA,IND574104AAA,Stable,Carting,0.06999582,0.0593421052631579,5.249734736842105,88.46559645232814
IND574239AAA,IND574221AAA,Stable,Carting,0.2798529,0.13500000000000004,11.82627,87.60199999999998
IND575004AAB,IND562132AAA,Congested,FTL,0.8676815,0.6727884615384615,64.9080398076923,96.47614892096612
IND575004AAB,IND574117AAA,Stable,Carting,0.40860376,0.17825,11.225581499999999,62.976614305750346
IND575004AAB,IND574211AAA,Stable,FTL,0.8876525,0.125,8.704877999999999,69.63902399999999
IND575004AAB,IND574227AAA,Stable,Carting,0.33820498,0.11083333333333331,9.576204166666667,86.40184210526317
IND575004AAB,IND575014AAA,Stable,Carting,0.051581558,0.11625000000000002,6.963722499999999,59.902989247311815
IND575004AAB,IND576101AAA,Stable,FTL,0.60009336,0.2016666666666668,16.220084999999997,80.43017355371894
IND575004AAB,IND671323AAD,Stable,Carting,0.5210863,0.1125,8.519338333333332,75.72745185185184
IND575014AAA,IND403726AAA,Congested,FTL,0.90473217,0.7498076923076923,67.66860153846153,90.24794254937163
IND576101AAA,IND576201AAA,Stable,Carting,0.59889024,0.09458333333333341,11.434704166666666,120.89555066079285
IND576201AAA,IND581320AAA,Stable,FTL,0.80641586,0.14156249999999998,13.024405624999998,92.00463134657836
IND577002AAA,IND580028AAA,Stable,FTL,0.8611128,0.2514393939393941,30.28579060606061,120.4496643567339
IND577002AAA,IND581110AAE,Stable,Carting,0.50023305,0.18374999999999997,15.398831874999999,83.80316666666667
IND577002AAA,IND581115AAC,Stable,Carting,0.2662438,0.1028618421052632,8.777830065789473,85.33611576590978
IND577101AAA,IND577116AAA,Stable,Carting,0.5334479,0.09000000000000004,12.259053333333332,136.21170370370362
IND577101AAA,IND577132AAD,Stable,FTL,0.68579733,0.10642857142857144,10.331529999999999,97.07477852348991
IND577116AAA,IND577101AAA,Stable,Carting,0.5307342,0.084375,12.4408134375,147.44667777777775
IND577126AAA,IND577201AAA,Congested,Carting,0.3804624,0.42000000000000026,22.453071666666663,53.4596944444444
IND577132AAD,IND573134AAB,Stable,Carting,0.41647416,0.12675000000000006,12.148034499999998,95.84248126232735
IND577201AAA,IND562132AAA,Congested,FTL,0.85264415,0.5683663366336636,52.72789297029703,92.77096402752369
IND577201AAA,IND577432AAA,Stable,FTL,0.6576165,0.18374999999999997,15.939647499999998,86.74638095238096
IND577401AAA,IND562132AAA,Congested,FTL,0.87945616,1.0940384615384622,68.23987153846153,62.37428933028647
IND577401AAA,IND577201AAA,Stable,FTL,0.6769976,0.17826086956521744,20.19555391304348,113.29213170731704
IND577432AAA,IND577126AAA,Stable,FTL,0.7103622,0.10500000000000007,9.527455,90.73766666666661
IND577501AAA,IND577002AAA,Stable,FTL,0.77092105,0.1336666666666667,15.746853499999997,117.80688403990018
IND577522AAA,IND562132AAA,Stable,FTL,0.8011619,0.31121875,39.3348235,126.38963269404559
IND577535AAC,IND577522AAA,Stable,FTL,0.8456056,0.12050000000000007,15.562295,129.14767634854766
IND577598AAB,IND573142AAA,Stable,Carting,0.5454265,0.23735,18.2748314,76.99528712871287
IND577598AAC,IND577501AAA,Stable,Carting,0.55354685,0.12375000000000007,12.112672727272725,97.88018365472904
IND580002AAA,IND580028AAA,Stable,Carting,0.5013767,0.28125,8.343755,29.666684444444442
IND580028AAA,IND403726AAA,Congested,FTL,0.7946221,0.5840517241379312,42.79642499999999,73.27505977859775
IND580028AAA,IND421302AAG,Congested,FTL,0.9504655,1.1039583333333336,118.97024854166665,107.7669735799207
IND580028AAA,IND562132AAA,Congested,FTL,0.9009628,0.6744531249999999,72.530215078125,107.53929723155336
IND580028AAA,IND580002AAA,Congested,Carting,0.54879016,0.3779687499999999,9.2326128125,24.426921041752795
IND580028AAA,IND581402AAA,Stable,FTL,0.6539978,0.21000000000000013,22.30155025,106.19785833333326
IND580028AAA,IND590016AAA,Stable,FTL,0.84982586,0.335923076923077,24.424970769230764,72.71001144950765
IND580028AAA,IND591115AAB,Stable,FTL,0.8296116,0.14333333333333337,15.816867499999997,110.35023837209297
IND580028AAA,IND591123AAC,Stable,FTL,0.63814616,0.3208219178082191,25.139736712328766,78.36040905209224
IND581110AAE,IND577002AAA,Stable,Carting,0.43112752,0.24620000000000009,15.840039599999999,64.33809748172214
IND581110AAE,IND581119AAB,Stable,Carting,0.3702172,0.13109375000000004,12.41939015625,94.73670679380211
IND581115AAC,IND581110AAE,Stable,Carting,0.2981333,0.07347972972972977,8.29416804054054,112.87695356321834
IND581119AAB,IND577002AAA,Stable,Carting,0.1904844,0.13407407407407407,9.385235092592593,70.00037223756907
IND581303AAA,IND581325AAA,Stable,FTL,0.6272692,0.2853125000000001,28.654185,100.430878422782
IND581303AAA,IND581400AAB,Stable,Carting,0.4663256,0.11864583333333331,14.54361125,122.58004214223004
IND581314AAA,IND403726AAA,Stable,FTL,0.7592285,0.3667777777777779,28.55167933333333,77.84462708270217
IND581314AAA,IND581334AAA,Stable,FTL,0.6150364,0.18250000000000005,16.617988333333336,91.05747031963469
IND581320AAA,IND575004AAB,Stable,FTL,0.7842311,0.38291666666666657,29.91312333333333,78.11914689880307
IND581320AAA,IND581334AAA,Stable,Carting,0.4452107,0.13250000000000003,11.922732499999999,89.9828867924528
IND581325AAA,IND580028AAA,Stable,Carting,0.58810353,0.24642857142857152,20.371605833333334,82.66738599033813
IND581334AAA,IND581314AAA,Stable,Carting,0.5427682,0.178125,15.407520624999998,86.49836140350875
IND581334AAA,IND581320AAA,Stable,Carting,0.5200481,0.10125000000000005,10.339157499999999,102.11513580246907
IND581334AAA,IND581343AAC,Stable,Carting,0.030965028,0.1125,7.471414999999999,66.41257777777777
IND581343AAC,IND581314AAA,Stable,Carting,0.46659866,0.12229166666666665,10.953249999999999,89.56660988074958
IND581400AAB,IND581325AAA,Stable,Carting,0.55492276,0.2563281250000001,27.4740221875,107.18301859189269
IND581402AAA,IND577201AAA,Stable,FTL,0.8215669,0.3462500000000001,32.769129166666666,94.64008423586037
IND581402AAA,IND577401AAA,Stable,Carting,0.54374224,0.21064814814814808,19.267069629629628,91.46564923076924
IND582101AAB,IND580028AAA,Stable,FTL,0.6446278,0.2752884615384616,17.39482096153846,63.187613691931524
IND582209AAA,IND582101AAB,Stable,Carting,0.42662403,0.15203125000000003,12.05366859375,79.28415107913668
IND583101AAA,IND577535AAC,Stable,FTL,0.7541962,0.17216666666666663,17.8830155,103.87037076476284
IND583101AAA,IND583201AAA,Stable,FTL,0.8026441,0.20074074074074086,16.162522962962964,80.5144132841328
IND583119AAA,IND583101AAA,Stable,FTL,0.77431095,0.2727777777777779,13.694591944444443,50.204206720977574
IND583201AAA,IND583101AAA,Stable,FTL,0.81380105,0.2570833333333333,15.798457499999998,61.45267098865479
IND583201AAA,IND583119AAA,Stable,Carting,0.5358129,0.14430555555555552,9.224796388888887,63.92544177093359
IND583201AAA,IND583227AAA,Stable,Carting,0.25790748,0.11921875000000005,7.6472907291666665,64.1450336391437
IND583227AAA,IND583201AAA,Stable,Carting,0.231039,0.12833333333333338,7.183061666666666,55.971909090909065
IND583227AAA,IND583231AAA,Stable,Carting,0.2613788,0.11189999999999997,10.365823066666666,92.63470122132858
IND583231AAA,IND583201AAA,Stable,Carting,0.36894718,0.10877777777777785,7.917552999999999,72.78649336057195
IND584101AAA,IND509124AAA,Stable,Carting,0.47049922,0.16285714285714287,14.430606666666666,88.60898830409356
IND584101AAA,IND518002AAA,Congested,FTL,0.80761933,0.4887500000000003,23.295396250000003,47.66321483375957
IND584101AAA,IND584123AAA,Stable,Carting,0.28159362,0.103,10.9685415,106.4906941747573
IND584123AAA,IND584128AAA,Stable,Carting,0.23561588,0.10249999999999998,10.871035,106.0588780487805
IND584128AAA,IND583121AAA,Stable,Carting,0.47493425,0.09458333333333341,8.250439166666666,87.22931277533033
IND585104AAA,IND585211AAA,Stable,Carting,0.38707575,0.11817857142857141,10.930012999999999,92.48726624357812
IND585104AAA,IND585307AAB,Stable,Carting,0.33027086,0.1358928571428572,14.803621249999999,108.93597766097236
IND585104AAA,IND585314AAA,Stable,Carting,0.1800302,0.15262499999999998,10.412626,68.22359377559378
IND585104AAA,IND585330AAE,Stable,FTL,0.80612206,0.14420833333333338,15.978730249999998,110.80309910430506
IND585104AAA,IND586128AAA,Stable,Carting,0.4416135,0.1863931297709924,18.662024045801527,100.12184498822565
IND585211AAA,IND585104AAA,Stable,Carting,0.38885078,0.1788636363636364,11.64423590909091,65.10119186785259
IND585211AAA,IND585222AAA,Stable,Carting,0.24799213,0.07066326530612249,6.784662142857143,96.01399133574002
IND585222AAA,IND585211AAA,Stable,Carting,0.34243163,0.07479166666666667,7.5770625,101.30891364902506
IND585222AAA,IND585307AAB,Stable,Carting,0.29492456,0.09635416666666667,9.566919444444444,99.28910990990991
IND585307AAB,IND585104AAA,Congested,Carting,0.36357954,0.41740654205607464,15.463120373831774,37.04570680100756
IND585307AAB,IND585222AAA,Stable,Carting,0.15921819,0.08484374999999998,9.110077812499998,107.37476611418049
IND585314AAA,IND585104AAA,Stable,Carting,0.1892203,0.23139285714285715,9.766335,42.206726346658435
IND585314AAA,IND586211AAA,Stable,Carting,0.47500965,0.22898148148148156,21.106954814814813,92.17756247472701
IND585330AAE,IND585401AAA,Stable,FTL,0.8485073,0.12113095238095244,12.951146666666666,106.9185572481572
IND585401AAA,IND502286AAB,Stable,Carting,0.33329776,0.19181818181818192,13.121255,68.40464691943124
IND586101AAA,IND416404AAA,Stable,FTL,0.72158194,0.20375000000000015,16.201129583333334,79.51474642126783
IND586101AAB,IND416404AAA,Stable,FTL,0.71967775,0.1801666666666667,16.03425133333333,88.9967696577243
IND586128AAA,IND585104AAA,Stable,Carting,0.56733966,0.30833333333333335,18.526792083333333,60.08689324324324
IND586128AAA,IND586211AAA,Stable,Carting,0.28052896,0.1125,10.55185718309859,93.79428607198747
IND586211AAA,IND585314AAA,Stable,Carting,0.39688253,0.2518006993006994,20.17313576923077,80.11548746788858
IND586211AAA,IND586128AAA,Stable,Carting,0.25567752,0.13666666666666671,11.017932333333333,80.6190170731707
IND587103AAB,IND582101AAB,Stable,FTL,0.7127525,0.31875,24.3533675,76.40272156862746
IND587103AAB,IND582209AAA,Stable,Carting,0.5562318,0.20813725490196072,17.605605294117645,84.5865162505888
IND590016AAA,IND591302AAB,Stable,Carting,0.38733187,0.11400000000000006,11.924052,104.596947368421
IND591102AAA,IND591307AAC,Stable,Carting,0.5199152,0.17611111111111116,13.000525416666665,73.82001813880123
IND591115AAB,IND580028AAA,Stable,FTL,0.7790403,0.1570833333333334,15.547274166666666,98.97468965517237
IND591115AAB,IND590016AAA,Stable,FTL,0.6416569,0.11062500000000004,11.908049999999998,107.64338983050841
IND591123AAC,IND587103AAB,Stable,FTL,0.6522391,0.17563636363636365,17.634397454545454,100.40288405797101
IND591126AAA,IND591102AAA,Stable,Carting,0.40477163,0.11499999999999998,11.347463750000001,98.67359782608699
IND591201AAA,IND586101AAB,Stable,FTL,0.76425815,0.3120833333333335,30.39416916666666,97.39119626168217
IND591201AAA,IND591304AAA,Stable,FTL,0.6562256,0.15500000000000008,18.34745733333333,118.3706924731182
IND591237AAB,IND591201AAA,Stable,Carting,0.55282325,0.08249999999999999,8.611302,104.3794181818182
IND591302AAB,IND580028AAA,Stable,FTL,0.8436975,0.29568965517241375,23.01379137931034,77.83089795918367
IND591302AAB,IND591115AAB,Stable,Carting,0.44678804,0.14250000000000007,11.710011249999999,82.1755175438596
IND591304AAA,IND586101AAA,Stable,FTL,0.62308145,0.19870370370370363,21.173065925925926,106.55597017707366
IND591304AAA,IND586101AAB,Stable,Carting,0.59108144,0.17859375000000005,19.7133628125,110.38103412073488
IND591307AAC,IND580002AAA,Stable,FTL,0.6811786,0.32218749999999996,22.414450624999997,69.56958486905917
IND591307AAC,IND580028AAA,Congested,FTL,0.7574358,0.4232500000000002,27.354213249999997,64.62897401063198
IND591307AAC,IND580030AAA,Stable,FTL,0.70437294,0.3805000000000002,27.308190000000003,71.76922470433637
IND600004AAA,IND600008AAC,Stable,Carting,0.0062874984,0.18062499999999998,4.962798749999999,27.47570242214533
IND600008AAA,IND600044AAC,Stable,Carting,0.21688049,0.14092857142857143,10.888078,77.25954992397364
IND600008AAC,IND600004AAA,Stable,Carting,7.458361e-05,0.08249999999999999,4.6321449999999995,56.14721212121212
IND600008AAC,IND600013AAA,Stable,Carting,0.00010755496,0.12625000000000006,4.2298725,33.503940594059394
IND600008AAC,IND600056AAB,Stable,Carting,0.21102108,0.17626760563380278,11.004043873239436,62.428055533359974
IND600016AAA,IND600119AAA,Stable,Carting,0.076516196,0.11515625000000007,6.4055053125,55.62446947082764
IND600016AAB,IND600044AAC,Stable,Carting,0.22240137,0.13019444444444445,9.214625777777776,70.77587540004266
IND600016AAC,IND600056AAB,Stable,Carting,0.23835047,0.11750000000000008,9.0842675,77.31291489361696
IND600016AAC,IND600119AAA,Stable,Carting,0.18977213,0.09590909090909096,7.733133863636363,80.62983175355446
IND600032AAB,IND600008AAC,Stable,Carting,0.00010531522,0.12000000000000005,3.5166599999999995,29.305499999999984
IND600032AAB,IND600044AAD,Stable,Carting,0.00013758003,0.05363636363636364,3.674853636363636,68.51422033898304
IND600032AAB,IND600056AAB,Stable,Carting,0.24433462,0.12351214574898783,9.158856821862349,74.1534912726379
IND600032AAB,IND600076AAB,Stable,Carting,0.004244716,0.07220238095238099,4.969707916666667,68.83024979389938
IND600044AAD,IND600032AAB,Stable,Carting,0.00012208057,0.07250000000000002,3.7716058333333327,52.02214942528733
IND600044AAD,IND600048AAA,Stable,Carting,0.000245882,0.10380434782608698,4.196457391304348,40.42660523560208
IND600044AAD,IND600056AAB,Stable,Carting,0.16885753,0.10504901960784316,8.815010784313726,83.91330844610358
IND600044AAD,IND603001AAA,Stable,Carting,0.24875005,0.12406250000000002,8.987508541666665,72.44339378673382
IND600044AAD,IND603203AAA,Stable,Carting,0.018971499,0.10687500000000003,5.062925,47.3723976608187
IND600044AAE,IND600056AAB,Stable,Carting,0.14891054,0.11304597701149426,8.578067528735632,75.88122775800711
IND600048AAA,IND600044AAD,Stable,Carting,0.00011470454,0.05625,3.8778775,68.94004444444444
IND600056AAA,IND602105AAB,Stable,Carting,0.020596957,0.07785714285714285,4.5543425,58.496142201834864
IND600056AAB,IND501359AAE,Congested,FTL,0.95322526,1.0804658385093167,128.01049456521739,118.47713273547757
IND600056AAB,IND524003AAA,Stable,FTL,0.78640497,0.30664948453608243,35.48253128865979,115.71038947722307
IND600056AAB,IND530012AAA,Congested,FTL,0.95240575,1.361581632653061,152.27418642857143,111.83625188293928
IND600056AAB,IND560099AAB,Stable,FTL,0.8593588,0.5704391891891892,61.06570418918919,107.05033129997038
IND600056AAB,IND562132AAA,Congested,FTL,0.89791,0.6728725961538463,63.749104326923074,94.74171587803438
IND600056AAB,IND600008AAC,Stable,Carting,0.27099285,0.1510625,10.092441406249998,66.80970728175423
IND600056AAB,IND600016AAC,Stable,Carting,0.23885149,0.13525510204081628,8.846569285714285,65.40654771784234
IND600056AAB,IND600032AAB,Stable,Carting,0.24487345,0.12533653846153853,8.76192002403846,69.9071486382815
IND600056AAB,IND600044AAD,Stable,Carting,0.21198724,0.10880952380952387,9.413456666666667,86.51316849015312
IND600056AAB,IND600044AAE,Stable,Carting,0.23209047,0.12118932038834948,9.646558640776698,79.59908191468057
IND600056AAB,IND600076AAB,Stable,Carting,0.23710535,0.09963114754098364,9.82025581967213,98.56612176059231
IND600056AAB,IND600110AAA,Stable,Carting,0.22857471,0.12674107142857144,9.763517812499998,77.0351528707291
IND600056AAB,IND600116AAB,Stable,Carting,0.18351802,0.13657894736842108,7.753794078947368,56.77151734104045
IND600056AAB,IND605010AAB,Stable,FTL,0.784194,0.31852564102564096,33.197206987179484,104.22145884483801
IND600056AAB,IND605601AAA,Stable,FTL,0.7654005,0.2856250000000001,32.783444749999994,114.77792472647697
IND600056AAB,IND631501AAA,Stable,Carting,0.3630647,0.10659722222222226,9.784039027777778,91.78512182410421
IND600056AAB,IND632006AAA,Stable,FTL,0.7196451,0.2264903846153847,23.125875096153845,102.10532838038628
IND600056AAB,IND635802AAB,Stable,FTL,0.7681903,0.23644736842105255,32.63630078947369,138.02776071229835
IND600073AAA,IND603203AAA,Stable,Carting,0.0019293244,0.04750000000000002,4.59424,96.72084210526312
IND600076AAB,IND600032AAB,Stable,Carting,0.021121845,0.09320312500000003,5.41236828125,58.0706739312657
IND600076AAB,IND600056AAB,Stable,Carting,0.26512516,0.1234375,10.375290624999998,84.05298734177214
IND600083AAA,IND600116AAB,Stable,Carting,0.0011396081,0.06625000000000002,4.76497,71.92407547169809
IND600110AAA,IND600056AAB,Stable,Carting,0.2918754,0.13431250000000006,10.456724249999999,77.85369381107488
IND600110AAA,IND600056AAD,Stable,Carting,0.36850184,0.13187500000000002,10.360245,78.56109952606634
IND600116AAB,IND600056AAA,Stable,Carting,0.00011227245,0.07900000000000003,4.165672,52.730025316455674
IND600116AAB,IND600056AAB,Stable,Carting,0.1592696,0.09450000000000003,8.0259235,84.93040740740737
IND600116AAB,IND602024AAA,Stable,Carting,0.084550545,0.10862499999999997,6.247766,57.51683314154202
IND600119AAA,IND600016AAC,Stable,Carting,0.07678957,0.1780555555555556,6.019595555555556,33.80740093603743
IND602001AAA,IND600116AAB,Stable,Carting,0.29758954,0.16354166666666667,9.428559583333334,57.65233885350319
IND602001AAB,IND609001AAA,Stable,FTL,0.6784641,0.13090909090909097,10.701312045454545,81.7461336805555
IND602024AAA,IND600116AAB,Stable,Carting,0.0770936,0.115625,6.0532325,52.35228108108108
IND602024AAA,IND602001AAA,Stable,Carting,0.052665666,0.056944444444444464,4.661624722222222,81.86267804878047
IND603001AAA,IND603301AAA,Stable,Carting,0.23603164,0.08668367346938778,8.611126428571428,99.33965744555617
IND603102AAA,IND600056AAB,Stable,Carting,0.5897421,0.23028571428571426,18.053642,78.39670843672458
IND603203AAA,IND600044AAD,Stable,Carting,0.019929457,0.0986538461538462,5.105394807692307,51.750590643274826
IND603203AAA,IND600048AAA,Stable,Carting,0.00010873255,0.05,4.9567,99.13399999999999
IND603301AAA,IND600044AAD,Stable,Carting,0.4658525,0.25535714285714284,15.596507812499997,61.07723339160838
IND604303AAA,IND603102AAA,Stable,FTL,0.71345603,0.15204545454545457,15.36587181818182,101.06104035874439
IND605010AAB,IND600056AAB,Stable,FTL,0.790782,0.32027777777777783,32.16515166666666,100.42892107545529
IND605010AAB,IND604303AAA,Stable,FTL,0.75148904,0.13656250000000003,10.200929375,74.69788100686496
IND605010AAB,IND607001AAA,Stable,Carting,0.46777546,0.12708333333333333,8.91809625,70.17518360655738
IND605601AAA,IND600056AAB,Stable,FTL,0.82569885,0.35119047619047616,35.0195325,99.71663491525423
IND605601AAA,IND607106AAA,Stable,Carting,0.38925427,0.08548611111111111,7.193468333333333,84.1478017871649
IND605601AAA,IND636102AAA,Stable,FTL,0.79865354,0.22916666666666666,27.312386500000002,119.18132290909092
IND606003AAA,IND606105AAA,Stable,Carting,0.0013520794,0.04455357142857143,4.4979499999999994,100.95599198396792
IND606105AAA,IND606201AAC,Stable,Carting,0.42763668,0.11942567567567568,13.914383378378378,116.51081980198019
IND606201AAC,IND605601AAA,Stable,Carting,0.5647189,0.22933219178082187,22.038516643835617,96.09866139027852
IND606801AAB,IND632006AAA,Stable,FTL,0.6470086,0.26782051282051283,16.75210564102564,62.54974820488271
IND606803AAA,IND606801AAB,Stable,Carting,0.5316969,0.08125,8.528908181818181,104.97117762237761
IND607001AAA,IND608001AAA,Stable,FTL,0.602707,0.11068181818181817,11.513590454545454,104.02422587268994
IND607106AAA,IND607801AAA,Stable,Carting,0.14028093,0.05633333333333332,5.007811666666666,88.89606508875741
IND607801AAA,IND606003AAA,Stable,Carting,0.23648088,0.09005434782608698,7.756964021739129,86.13647435123713
IND608001AAA,IND609110AAA,Stable,Carting,0.06339137,0.09964285714285713,7.368304999999999,73.94714695340502
IND608301AAA,IND639104AAB,Stable,FTL,0.7995202,0.32033854166666675,31.424877968749996,98.09896057231116
IND609001AAA,IND614018AAA,Stable,Carting,0.5137029,0.2490277777777777,20.010514999999998,80.35454991634134
IND609110AAA,IND609602AAA,Stable,Carting,0.5843914,0.11609375000000005,12.2709496875,105.69862449528932
IND609602AAA,IND611001AAA,Stable,Carting,0.236337,0.12636363636363643,7.677335909090909,60.755895683453204
IND610001AAA,IND605010AAB,Stable,FTL,0.7481277,0.4050000000000002,31.420244333333336,77.5808502057613
IND610001AAA,IND614715AAA,Stable,Carting,0.3276106,0.07818627450980392,7.306876568627451,93.45472225705329
IND611001AAA,IND610001AAA,Stable,FTL,0.7616772,0.11020833333333341,8.355045416666668,75.81137618147444
IND614018AAA,IND613104AAA,Stable,Carting,0.44204774,0.2211666666666666,18.07264433333333,81.71504596834967
IND614602AAA,IND614804AAA,Stable,Carting,0.2940121,0.09140625,7.94457125,86.91496752136753
IND614616AAA,IND630002AAA,Stable,Carting,0.29684117,0.12843750000000007,11.23850546875,87.50174574209241
IND614620AAA,IND630561AAA,Stable,Carting,0.58445936,0.19692675159235667,20.789518025477708,105.56980124524947
IND614715AAA,IND614809AAA,Stable,Carting,0.256892,0.09651960784313722,11.730397549019608,121.5338293550026
IND614804AAA,IND614616AAA,Stable,Carting,0.5107334,0.08041666666666665,8.559160166666667,106.43515233160623
IND614809AAA,IND610001AAA,Stable,Carting,0.35533074,0.15704268292682927,12.33213731707317,78.52729644729179
IND620020AAA,IND621112AAA,Stable,Carting,0.0068186885,0.04890000000000002,4.5999051,94.06758895705518
IND621010AAA,IND621212AAA,Stable,Carting,0.4745607,0.11507812500000002,11.416325156249998,99.20499796334009
IND621112AAA,IND620012AAA,Congested,Carting,0.31956172,0.3875,7.9263449999999995,20.45508387096774
IND621211AAA,IND621010AAA,Stable,Carting,0.4675618,0.08886363636363637,8.30341909090909,93.44001023017901
IND621212AAA,IND621704AAA,Stable,Carting,0.5713291,0.08851562500000003,10.373793281249998,117.19731156222413
IND621306AAA,IND625106AAA,Stable,Carting,0.52652127,0.15903846153846157,17.93676769230769,112.78257799274482
IND621704AAA,IND621802AAA,Stable,Carting,0.40814173,0.12647058823529408,11.747492647058822,92.88715116279072
IND621802AAA,IND608301AAA,Stable,FTL,0.814312,0.10725000000000004,8.489806499999998,79.15903496503492
IND621802AAA,IND621212AAA,Stable,Carting,0.58139634,0.16791666666666671,17.726356666666668,105.56639205955332
IND622407AAA,IND622001AAA,Stable,Carting,0.45246884,0.10544642857142854,10.85606,102.95332091447928
IND623315AAB,IND614620AAA,Stable,Carting,0.23602408,0.07708333333333334,8.456356416666667,109.70408324324325
IND623407AAA,IND623315AAB,Stable,Carting,0.04376363,0.051750000000000004,4.964005666666666,95.9228148148148
IND623503AAA,IND623526AAA,Stable,FTL,0.8465982,0.1252380952380952,14.465833333333332,115.50665399239546
IND623526AAA,IND623704AAA,Stable,FTL,0.61306196,0.226171875,25.240653593749997,111.59943557858375
IND623701AAA,IND623503AAA,Stable,Carting,0.48394176,0.11017857142857146,12.7960825,116.13948460291732
IND623704AAA,IND626607AAB,Stable,Carting,0.52177125,0.1291071428571429,13.608744999999997,105.40660027662513
IND624001AAA,IND624619AAA,Stable,Carting,0.4751615,0.08699999999999998,9.305224249999998,106.95660057471265
IND624001AAA,IND624703AAA,Stable,Carting,0.43636173,0.08812500000000002,10.83532625,122.95405673758862
IND624001AAA,IND625008AAA,Stable,FTL,0.7727662,0.13630000000000006,18.7621924,137.65364930300802
IND624101AAA,IND624202AAA,Stable,FTL,0.9940122,0.1866250000000001,16.69934,89.48072337575347
IND624202AAA,IND625218AAA,Stable,FTL,0.6015333,0.08625000000000001,9.05109625,104.94024637681159
IND624601AAA,IND624001AAA,Congested,Carting,0.55109096,0.5033333333333336,15.292380833333333,30.38221357615892
IND624601AAA,IND624101AAA,Stable,FTL,0.99782956,0.2535344827586208,20.79733551724138,82.02961305678338
IND624619AAA,IND624601AAA,Stable,Carting,0.5684225,0.07882352941176472,9.201518529411764,116.73568283582087
IND624703AAA,IND624619AAA,Stable,Carting,0.55285466,0.11125000000000007,12.7250375,114.38235955056172
IND625008AAA,IND625516AAA,Stable,FTL,0.6526346,0.22062499999999996,24.129927499999997,109.37077620396602
IND625008AAA,IND626123AAA,Stable,FTL,0.67979515,0.17181372549019613,16.296026764705882,94.84706019971466
IND625008AAA,IND685514AAA,Stable,FTL,0.80955446,0.44849999999999995,32.836307,73.2136164994426
IND625106AAA,IND625008AAA,Stable,Carting,0.41232872,0.1526923076923077,12.958705576923077,84.86809697732997
IND625218AAA,IND624703AAA,Congested,Carting,0.53370464,0.40437500000000026,20.79541625,51.42606800618234
IND625516AAA,IND685514AAA,Stable,FTL,0.74907404,0.22214285714285728,11.683345,52.5938360128617
IND625531AAA,IND625516AAA,Stable,Carting,0.40054947,0.11571428571428571,11.606807499999997,100.30574382716047
IND625532AAA,IND625531AAA,Stable,Carting,0.33328214,0.1345833333333334,12.657645,94.05061300309595
IND625532AAA,IND685514AAA,Stable,FTL,0.7875523,0.4162499999999999,27.98522125,67.23176276276277
IND626117AAA,IND626138AAA,Stable,Carting,0.18195313,0.07888888888888891,7.279463333333334,92.27488732394364
IND626123AAA,IND627756AAA,Stable,Carting,0.5545698,0.16102941176470592,12.862292058823531,79.8754210045662
IND626138AAA,IND625008AAA,Stable,Carting,0.46566108,0.1921875,18.14991208333333,94.43856693766935
IND626607AAB,IND625008AAA,Stable,Carting,0.5697345,0.15234375,15.427986874999998,101.2708882051282
IND627005AAA,IND627117AAA,Stable,FTL,0.6736213,0.13250000000000003,14.0790986,106.25734792452828
IND627005AAA,IND627811AAA,Stable,Carting,0.53092325,0.14775000000000002,16.724560999999998,113.19499830795259
IND627005AAA,IND628801AAA,Stable,Carting,0.26324117,0.11982352941176468,11.283009294117646,94.16355326460483
IND627005AAA,IND629001AAA,Stable,FTL,0.6784194,0.25062500000000015,20.93781375,83.54239900249371
IND627117AAA,IND629001AAA,Stable,Carting,0.47706792,0.13090909090909097,10.929464318181818,83.48896354166662
IND627401AAA,IND627005AAA,Stable,Carting,0.43875,0.15826923076923075,11.627475192307692,73.46642891859054
IND627657AAA,IND628613AAA,Stable,Carting,0.27263528,0.06853260869565218,7.712262173913042,112.53419825535286
IND627756AAA,IND626117AAA,Stable,Carting,0.45959583,0.1068382352941177,9.720015735294117,90.97881211286987
IND627811AAA,IND627401AAA,Stable,Carting,0.45553055,0.10912499999999999,10.542271249999999,96.60729667812143
IND628204AAA,IND627657AAA,Stable,Carting,0.14716265,0.0819852941176471,9.579544779411764,116.84467174887885
IND628613AAA,IND627005AAA,Stable,Carting,0.21669357,0.11457547169811318,9.62677575471698,84.02126224783864
IND628801AAA,IND628204AAA,Stable,Carting,0.014998086,0.04536764705882354,4.794428676470588,105.6794651539708
IND629179AAA,IND627005AAA,Stable,FTL,0.7142134,0.3080681818181818,23.81171227272727,77.29364367392105
IND630002AAA,IND622407AAA,Stable,Carting,0.48285142,0.1363392857142858,14.86761625,109.04865880812042
IND630561AAA,IND623407AAA,Stable,Carting,0.34662712,0.08863333333333336,10.200419599999998,115.08559157578031
IND630561AAA,IND623701AAA,Stable,Carting,0.43402395,0.11499999999999998,12.218919999999997,106.25147826086956
IND631003AAA,IND600056AAB,Stable,Carting,0.27506578,0.16709459459459464,10.625462702702704,63.589505863323886
IND631102AAA,IND600056AAB,Stable,Carting,0.52536047,0.22055555555555556,19.834775138888887,89.93097040302266
IND631501AAA,IND600056AAB,Congested,Carting,0.28087544,1.1018750000000002,9.73791,8.837581395348835
IND631501AAA,IND631003AAA,Stable,Carting,0.197262,0.14500000000000005,7.053374999999999,48.643965517241355
IND632006AAA,IND562132AAA,Stable,FTL,0.86175066,0.5284722222222223,46.520827499999996,88.02889829172139
IND632006AAA,IND600056AAB,Stable,FTL,0.71277785,0.2468382352941177,25.571277941176472,103.5952874590408
IND632006AAA,IND632301AAA,Stable,Carting,0.48698375,0.1271428571428571,11.614616250000001,91.35091432584272
IND632006AAA,IND632402AAA,Stable,Carting,0.4677257,0.26062500000000005,8.335315625,31.982026378896876
IND632006AAA,IND635802AAB,Stable,Carting,0.5185752,0.11392857142857148,13.986834999999997,122.7684576802507
IND632301AAA,IND606803AAA,Stable,Carting,0.33127975,0.10546875,8.146858125,77.24428444444445
IND632301AAA,IND632006AAA,Stable,Carting,0.59167874,0.24375,11.77372,48.30244102564103
IND632402AAA,IND631102AAA,Stable,FTL,0.6264244,0.09738636363636365,9.216680454545454,94.64035939323219
IND635001AAA,IND562132AAA,Stable,FTL,0.7499693,0.32062499999999994,26.717732999999996,83.33016140350877
IND635001AAA,IND636705AAB,Stable,Carting,0.5386866,0.13999999999999999,15.19536083333333,108.53829166666665
IND635207AAA,IND635802AAB,Stable,Carting,0.46527863,0.3,13.61697,45.389900000000004
IND635601AAB,IND635207AAA,Stable,Carting,0.31348017,0.09916666666666671,6.224971666666666,62.77282352941173
IND635601AAB,IND635802AAB,Stable,Carting,0.34533042,0.22081632653061214,9.957440714285713,45.093770332717206
IND635802AAB,IND562132AAA,Stable,FTL,0.81604105,0.41865853658536595,38.38587951219512,91.68779842703172
IND635802AAB,IND635601AAB,Stable,Carting,0.3137227,0.12645000000000006,10.123176699999998,80.05675523922494
IND636005AAA,IND636005AAC,Stable,Carting,0.0037439442,0.15249999999999997,5.40435,35.43836065573771
IND636005AAA,IND636016AAA,Stable,Carting,0.0021056898,0.04750000000000002,4.14285375,87.21797368421048
IND636016AAA,IND636402AAA,Stable,Carting,0.3156855,0.17291666666666666,13.930799166666667,80.5636578313253
IND636016AAA,IND637211AAA,Stable,Carting,0.34969538,0.10100000000000003,12.612638733333332,124.87761122112207
IND636102AAA,IND605601AAA,Stable,FTL,0.80932707,0.2255,30.5132282,135.31365055432371
IND636352AAA,IND636705AAB,Stable,Carting,0.5715755,0.10400000000000004,9.817822,94.40213461538458
IND636705AAB,IND562132AAA,Stable,FTL,0.8040008,0.42181818181818187,33.26501818181818,78.8610344827586
IND636705AAB,IND635001AAA,Stable,Carting,0.5871466,0.1397916666666667,15.496690416666667,110.85560953800295
IND637211AAA,IND636402AAA,Stable,Carting,0.30011067,0.14395833333333338,15.021009427083335,104.34275723588999
IND637301AAA,IND638001AAA,Stable,Carting,0.06310342,0.08500000000000002,7.605324999999999,89.47441176470585
IND637408AAA,IND637001AAA,Stable,Carting,0.45157614,0.10975000000000001,10.63377525,96.89089066059223
IND638001AAA,IND638052AAA,Stable,Carting,0.043649945,0.09250000000000001,6.608536666666667,71.44363963963963
IND638401AAA,IND638452AAA,Stable,Carting,0.3905033,0.05318181818181819,7.541442575757576,141.8049031339031
IND638452AAA,IND638501AAB,Stable,Carting,0.13480183,0.05875000000000004,6.5881725,112.13910638297865
IND638501AAB,IND641062AAD,Stable,Carting,0.46959084,0.16554597701149423,17.927824310344825,108.29513730255164
IND638657AAA,IND638701AAA,Stable,Carting,0.22958244,0.07619047619047621,8.295752777777778,108.88175520833332
IND638701AAA,IND641607AAA,Stable,Carting,0.24317607,0.09338235294117651,7.013420784313725,75.10434855643041
IND639001AAA,IND624001AAA,Stable,FTL,0.68123937,0.15638888888888888,18.099085925925927,115.73127767910007
IND639104AAB,IND620012AAA,Stable,FTL,0.6062029,0.14750000000000002,15.433512499999997,104.63398305084742
IND641001AAA,IND641062AAD,Stable,Carting,0.24781883,0.17675000000000007,8.647051,48.922495049504924
IND641006AAD,IND641062AAD,Stable,Carting,0.2950473,0.15633333333333338,7.453737666666666,47.67849253731342
IND641008AAA,IND641001AAA,Stable,Carting,0.00052114995,0.075,4.826896666666666,64.35862222222222
IND641008AAA,IND641011AAA,Stable,Carting,5.748302e-05,0.0875,4.162794999999999,47.574799999999996
IND641011AAA,IND641062AAD,Stable,Carting,0.26091397,0.19185483870967748,9.202369354838709,47.96527112232028
IND641062AAD,IND638401AAA,Stable,Carting,0.3662984,0.11742187500000002,11.759444375,100.14696473719226
IND641062AAD,IND641001AAA,Stable,Carting,0.3132417,0.21312500000000015,9.125488749999999,42.8175425219941
IND641062AAD,IND641008AAA,Stable,Carting,0.28191498,0.15874999999999997,9.57088125,60.2890157480315
IND641062AAD,IND641607AAA,Stable,Carting,0.45548713,0.12340909090909094,10.588767954545453,85.8021712707182
IND641062AAD,IND642001AAA,Stable,Carting,0.32738057,0.12083333333333333,12.726886666666665,105.32595862068965
IND641062AAD,IND642126AAA,Stable,Carting,0.2994531,0.1499364406779661,14.929650423728813,99.57319485657764
IND641062AAD,IND643217AAA,Stable,Carting,0.41976973,0.334375,17.205189166666663,51.454771339563855
IND641062AAD,IND643231AAA,Stable,Carting,0.5725862,0.28382352941176475,17.478416941176466,61.58198715025904
IND641607AAA,IND641062AAD,Stable,Carting,0.43892583,0.14901315789473688,10.683035263157894,71.69189227373066
IND641607AAA,IND641654AAA,Stable,Carting,0.0154976705,0.06488636363636366,5.046549772727272,77.77519789842378
IND641607AAA,IND641664AAA,Stable,Carting,0.043700363,0.07250000000000002,6.029467499999999,83.16506896551721
IND641654AAA,IND641664AAA,Stable,Carting,0.37126613,0.06818181818181816,7.9463543939393935,116.54653111111114
IND641664AAA,IND638657AAA,Stable,Carting,0.19513015,0.09716216216216213,10.03162527027027,103.24621279554941
IND642001AAA,IND641062AAD,Stable,Carting,0.2661589,0.13634803921568625,12.939226176470589,94.89851303253643
IND642001AAA,IND642126AAA,Stable,Carting,0.18062365,0.09187499999999998,8.43815,91.84380952380954
IND642126AAA,IND642001AAA,Stable,Carting,0.20698594,0.0741923076923077,7.834252461538461,105.59386417833073
IND643001AAA,IND643212AAA,Stable,Carting,0.5053208,0.16222222222222224,13.033624722222221,80.34426198630136
IND643212AAA,IND641062AAD,Congested,Carting,0.58579683,0.5139285714285715,25.495915,49.609841556636546
IND643217AAA,IND643001AAA,Stable,Carting,0.14151105,0.10050000000000002,10.0709,100.20796019900496
IND643231AAA,IND643217AAA,Stable,Carting,0.28414717,0.10125000000000005,7.918683888888888,78.2092235939643
IND670643AAA,IND673632AAA,Stable,Carting,0.4070308,0.23072222222222222,19.112618,82.83821911870938
IND670645AAB,IND673592AAA,Stable,Carting,0.251722,0.21678571428571422,10.243039999999999,47.249607907743005
IND671315AAA,IND575004AAB,Congested,FTL,0.77321976,1.5637500000000009,28.193865,18.029649880095914
IND671323AAD,IND000000ACO,Stable,Carting,0.48066157,0.10874999999999997,9.665845,88.88133333333334
IND673027AAB,IND673104AAA,Stable,Carting,0.24976166,0.2275000000000001,14.008999999999999,61.578021978021944
IND673027AAB,IND673305AAA,Congested,Carting,0.1760711,0.3252777777777778,9.72023111111111,29.882862510674634
IND673104AAA,IND673506AAA,Stable,Carting,0.0017029152,0.06397058823529414,4.649429852941176,72.68074252873559
IND673121AAA,IND670645AAB,Stable,Carting,0.30331826,0.14375,8.237047291666666,57.30119855072464
IND673305AAA,IND673104AAA,Stable,Carting,0.01872346,0.05756249999999999,6.017592875,104.54015852334422
IND673506AAA,IND670643AAA,Stable,Carting,0.027709391,0.06735294117647062,6.111332499999999,90.73594104803487
IND673573AAA,IND673592AAA,Stable,Carting,0.5333981,0.1789583333333334,15.639306666666664,87.39077066356224
IND673592AAA,IND562132AAA,Congested,FTL,0.8705429,0.6417647058823529,58.54760235294117,91.22907791017414
IND673592AAA,IND670645AAB,Stable,Carting,0.27897915,0.22374999999999995,10.259025,45.85039106145252
IND673592AAA,IND673121AAA,Stable,Carting,0.016717123,0.07420454545454547,5.218272499999999,70.32281470137823
IND673632AAA,IND673104AAA,Stable,Carting,0.28634045,0.11833333333333336,12.534654999999999,105.92666197183095
IND673632AAA,IND673305AAA,Stable,Carting,0.17697932,0.07339285714285713,9.427755,128.4560291970803
IND673632AAA,IND676306AAA,Stable,Carting,0.021376764,0.044166666666666674,5.754509444444444,130.2907798742138
IND673632AAA,IND683511AAA,Stable,FTL,0.75281334,0.42236111111111113,34.85863694444444,82.53278066425517
IND676306AAA,IND676509AAA,Stable,Carting,0.013325455,0.06214285714285713,5.876175,94.5591379310345
IND676509AAA,IND678583AAA,Stable,Carting,0.15428056,0.06500000000000003,8.006366666666667,123.17487179487173
IND676509AAA,IND679322AAA,Stable,Carting,0.016710497,0.075,5.718521666666667,76.24695555555556
IND678683AAA,IND000000ABD,Stable,Carting,0.3968416,0.09240384615384614,10.21547423076923,110.55247866805412
IND679303AAA,IND679531AAA,Stable,Carting,0.00813314,0.09223214285714286,5.2268799999999995,56.67091577928363
IND679322AAA,IND673639AAA,Stable,Carting,0.2550337,0.14375,9.56381125,66.53086086956523
IND679329AAA,IND673639AAA,Stable,Carting,0.12885012,0.06571428571428571,6.385800000000001,97.17521739130436
IND679531AAA,IND680587AAA,Stable,Carting,0.020421773,0.06224999999999999,5.3843603333333325,86.49574832663988
IND680012AAA,IND679303AAA,Stable,Carting,0.24224864,0.12000000000000005,11.590202272727272,96.58501893939389
IND68004AAA,IND678683AAA,Stable,Carting,0.36457062,0.24805555555555567,10.023227407407406,40.40718775662558
IND68004AAA,IND683511AAA,Stable,Carting,0.3606018,0.1776000000000001,12.331102699999999,69.43188457207204
IND680104AAA,IND679576AAA,Stable,Carting,0.3507283,0.125,10.773409999999998,86.18727999999999
IND680307AAA,IND680712AAA,Stable,Carting,0.014621304,0.06696428571428571,5.45064,81.396224
IND680307AAA,IND683511AAA,Stable,Carting,0.036364105,0.0625,6.039806818181817,96.63690909090907
IND680587AAA,IND68004AAA,Stable,Carting,0.17971039,0.1456410256410257,10.238873076923076,70.3021214788732
IND680587AAA,IND683511AAA,Stable,Carting,0.4408621,0.26129310344827583,16.605765689655172,63.55225404157044
IND680712AAA,IND683511AAA,Stable,Carting,0.21930543,0.10972222222222226,10.128754027777775,92.31269493670881
IND683511AAA,IND000000ABA,Stable,Carting,0.30069235,0.07404255319148939,8.07416489361702,109.04762931034477
IND683511AAA,IND000000ADM,Stable,Carting,0.11736861,0.08381578947368423,6.486647631578946,77.39171428571424
IND683511AAA,IND562132AAA,Congested,FTL,0.9142338,1.01215625,91.97423221874999,90.86959866003889
IND683511AAA,IND680012AAA,Stable,Carting,0.36970243,0.1409090909090909,13.225242545454543,93.85655999999999
IND683511AAA,IND68004AAA,Stable,Carting,0.58425146,0.1710000000000001,15.022271833333333,87.8495428849902
IND683511AAA,IND680104AAA,Stable,Carting,0.55648965,0.21156250000000015,18.431744479166664,87.12198276710973
IND683511AAA,IND686028AAB,Stable,Carting,0.5116639,0.30833333333333335,20.175356666666666,65.43358918918918
IND683565AAA,IND683511AAA,Stable,Carting,0.0008593111,0.08307692307692308,4.834146153846154,58.1887962962963
IND683572AAA,IND680307AAA,Stable,Carting,0.00053092674,0.04329545454545455,4.2521961363636365,98.21345406824148
IND685514AAA,IND625008AAA,Stable,FTL,0.6412887,0.3617222222222222,31.580273666666667,87.3053180771003
IND686028AAB,IND686632AAA,Congested,Carting,0.02998299,0.32000000000000006,7.4409649999999985,23.25301562499999
IND686028AAB,IND689101AAA,Stable,Carting,0.22692934,0.05956521739130434,6.975623260869565,117.10900364963504
IND686507AAA,IND686513AAA,Stable,Carting,0.00012409648,0.05205357142857145,4.496735,86.38667581475126
IND686507AAA,IND686540AAA,Stable,Carting,0.2968894,0.08249999999999999,7.256514999999999,87.95775757575758
IND686513AAA,IND686507AAA,Stable,Carting,0.00011470454,0.05875000000000004,4.67957,79.65225531914888
IND686513AAA,IND686540AAA,Stable,Carting,0.30586186,0.13447916666666668,9.688589166666667,72.04527962819519
IND686540AAA,IND686028AAB,Stable,Carting,0.021498835,0.07375000000000001,5.37030375,72.81767796610168
IND686632AAA,IND686141AAA,Stable,Carting,0.033717178,0.125,7.647745,61.18196
IND688009AAA,IND686028AAB,Stable,Carting,0.24488887,0.2705113636363637,11.260837954545455,41.62796639361478
IND688524AAA,IND683511AAA,Stable,Carting,0.5752227,0.23023809523809527,14.885009999999998,64.65050879007237
IND689101AAA,IND689650AAA,Stable,Carting,0.0061139343,0.04863636363636363,4.960047272727272,101.98228037383177
IND689101AAA,IND690548AAA,Stable,Carting,0.3708386,0.07318181818181818,7.171725909090909,97.99873913043477
IND689503AAB,IND683511AAA,Stable,FTL,0.7249545,0.44649999999999984,28.671061999999996,64.21290481522958
IND689645AAA,IND691551AAA,Stable,Carting,0.47747028,0.09275000000000003,8.349360833333334,90.02006289308174
IND689650AAA,IND690548AAA,Stable,Carting,0.29095322,0.12041666666666669,10.373165833333331,86.14393771626294
IND690537AAA,IND689503AAB,Stable,Carting,0.5329686,0.14500000000000005,9.904195,68.30479310344825
IND690548AAA,IND688009AAA,Stable,Carting,0.16204102,0.0696111111111111,6.847421777777778,98.36679329608941
IND691001AAB,IND683511AAA,Stable,FTL,0.7796373,0.33027777777777795,34.613895,104.80237342304451
IND691001AAB,IND690573AAA,Stable,Carting,0.3116724,0.1,10.652075,106.52074999999999
IND691001AAB,IND691506AAA,Stable,Carting,0.14839645,0.06431451612903226,6.328294112903225,98.39604639498431
IND691001AAB,IND695012AAA,Stable,Carting,0.3275766,0.17166666666666675,17.854129999999998,104.00464077669896
IND691305AAA,IND689645AAA,Stable,Carting,0.20941035,0.10977777777777777,7.125971222222222,64.91269331983806
IND691305AAA,IND691551AAA,Stable,Carting,0.3304037,0.1875,8.425246666666665,44.93464888888888
IND691506AAA,IND691305AAA,Stable,Carting,0.010600174,0.060182926829268325,5.117559999999999,85.03341843971626
IND691551AAA,IND691001AAB,Stable,Carting,0.16195072,0.23398648648648646,9.959598581081082,42.56484522090673
IND691574AAA,IND695614AAA,Stable,Carting,0.025929471,0.06422619047619046,6.407943333333333,99.77149953660798
IND695012AAA,IND691001AAB,Stable,Carting,0.43371725,0.18777777777777777,16.71655125,89.02305399408284
IND695012AAA,IND695101AAB,Stable,Carting,0.37961903,0.11541666666666663,7.884630833333333,68.31449097472925
IND695012AAB,IND695012AAA,Stable,Carting,0.0005184359,0.1358333333333333,4.925281666666666,36.259742331288344
IND695101AAB,IND691574AAA,Stable,Carting,0.00016028948,0.03820512820512822,4.387579358974359,114.84268120805366
IND695101AAB,IND695012AAA,Congested,Carting,0.46569893,0.45250000000000007,10.485825,23.17309392265193
IND695121AAA,IND695541AAA,Stable,Carting,0.2883787,0.09750000000000002,8.080415,82.87605128205126
IND695121AAA,IND695572AAB,Stable,Carting,9.356525e-05,0.05683823529411765,4.332738529411764,76.2292936610608
IND695541AAA,IND695012AAA,Stable,Carting,8.5717285e-05,0.11750000000000008,5.2046399999999995,44.29480851063826
IND695541AAA,IND695572AAB,Stable,Carting,0.012110603,0.060000000000000026,6.203312499999999,103.38854166666661
IND695572AAB,IND000000AFJ,Stable,Carting,0.070439875,0.0875,5.9773875,68.313
IND695572AAB,IND695541AAA,Stable,Carting,0.015584453,0.06211538461538465,5.763221153846153,92.78250773993803
IND695582AAA,IND691574AAA,Stable,Carting,0.18496832,0.08687500000000004,8.55715,98.4995683453237
IND695582AAA,IND695101AAB,Stable,Carting,0.02021982,0.053947368421052626,5.332785131578947,98.8516268292683
IND695609AAA,IND695012AAA,Stable,Carting,0.20722571,0.10833333333333334,8.042755,74.24081538461537
IND695614AAA,IND695609AAA,Stable,Carting,0.0015731215,0.06875,5.462140833333333,79.44932121212119
IND700026AAC,IND700065AAA,Stable,Carting,7.300518e-05,0.07750000000000004,4.8686925,62.82183870967739
IND700026AAC,IND712311AAA,Stable,Carting,0.262821,0.27399999999999997,8.996043,32.83227372262774
IND700028AAB,IND712311AAA,Stable,Carting,0.13353059,0.2155263157894737,6.207962894736841,28.803735042735035
IND700053AAA,IND700136AAB,Stable,Carting,0.21577093,0.14250000000000007,8.105352499999999,56.87966666666663
IND700053AAA,IND700144AAA,Stable,Carting,0.36943722,0.25499999999999995,10.257807,40.226694117647064
IND700053AAA,IND712311AAA,Stable,Carting,0.34275505,0.27944444444444444,7.941696388888888,28.41958946322067
IND700053AAA,IND743513AAA,Stable,Carting,0.16647576,0.12333333333333331,7.1789375,58.207601351351364
IND700065AAA,IND700026AAC,Stable,Carting,5.554125e-05,0.09750000000000002,4.21603,43.24133333333332
IND700065AAA,IND712311AAA,Stable,Carting,0.06151459,0.22576086956521735,6.069711413043478,26.885577756379398
IND700065AAB,IND712310AAA,Stable,Carting,0.075503744,0.2276666666666666,6.217817666666666,27.31105856515374
IND700088AAA,IND712311AAA,Stable,Carting,0.34536436,0.16101851851851853,7.960323518518518,49.43731684876365
IND700136AAB,IND712311AAA,Stable,Carting,0.3639915,0.28500000000000014,7.982636666666667,28.009251461988292
IND700136AAG,IND712310AAA,Stable,Carting,0.21133302,0.18109999999999998,6.498408,35.8829817780232
IND700144AAA,IND743395AAA,Stable,Carting,0.11656841,0.15375000000000003,7.753585,50.42982113821137
IND711303AAA,IND721134AAB,Stable,Carting,0.36680767,0.06838235294117645,14.506531323529408,212.13852258064517
IND712103AAA,IND712124AAA,Stable,Carting,0.00011470454,0.06500000000000003,3.9953899999999996,61.467538461538425
IND712103AAA,IND712310AAE,Stable,Carting,0.23519649,0.18529605263157892,8.181272105263158,44.152436002130315
IND712124AAA,IND712103AAA,Stable,Carting,0.00011870783,0.0732142857142857,3.859048571428571,52.70895609756098
IND712124AAA,IND712310AAE,Stable,Carting,0.015470112,0.25549999999999995,5.677749,22.2221095890411
IND712310AAE,IND711303AAA,Stable,Carting,0.5098238,0.15400000000000003,12.814219055555553,83.20921464646462
IND712310AAE,IND711409AAA,Stable,Carting,0.045875043,0.04750000000000002,6.85265,144.26631578947362
IND712310AAE,IND712103AAA,Stable,Carting,0.14033432,0.16750000000000007,7.432156666666667,44.37108457711441
IND712310AAE,IND712124AAA,Stable,Carting,0.01943123,0.1435,5.605562666666667,39.06315447154472
IND712311AAA,IND000000ACB,High Risk,FTL,0.9769441,2.7833852583586634,259.4196979787234,93.20294314258918
IND712311AAA,IND421302AAG,High Risk,FTL,0.9897707,3.827760695187165,342.400240842246,89.45184093476975
IND712311AAA,IND700026AAC,Stable,Carting,0.22413822,0.18773529411764708,8.80171682352941,46.88365533448221
IND712311AAA,IND700028AAB,Stable,Carting,0.02460934,0.14277173913043484,5.701014565217391,39.93097373429766
IND712311AAA,IND700053AAA,Stable,Carting,0.31634066,0.21808139534883728,8.67196546511628,39.76481098373766
IND712311AAA,IND700065AAA,Stable,Carting,0.02005602,0.16995689655172416,6.093433620689655,35.85281765153436
IND712311AAA,IND700088AAA,Stable,Carting,0.31898597,0.27295180722891577,8.760473012048193,32.095310527477366
IND712311AAA,IND712310AAE,Stable,Carting,7.775535e-05,0.05,4.51094,90.21879999999999
IND712311AAA,IND712410AAC,Congested,Carting,0.35942408,0.3516176470588237,14.484768529411763,41.19465746549558
IND712311AAA,IND713103AAA,Stable,FTL,0.7773968,0.24940476190476205,21.93282333333333,87.940675894988
IND712311AAA,IND713145AAB,Stable,Carting,0.5968524,0.25541666666666674,23.949998333333333,93.76834584013048
IND712311AAA,IND713205AAB,Stable,FTL,0.8335435,0.35990000000000016,32.867971733333334,91.3252896174863
IND712311AAA,IND721306AAA,Stable,FTL,0.7597565,0.3081249999999999,28.594086397058817,92.80028039613411
IND712311AAA,IND732103AAB,Congested,FTL,0.93076897,0.893194444444445,59.47706916666666,66.58916156118795
IND712311AAA,IND742101AAC,Congested,FTL,0.8369458,0.7391796875000002,47.089364765625,63.704895523965526
IND712311AAA,IND742102AAB,Congested,FTL,0.8552339,0.7741666666666664,47.105538958333334,60.846767222820255
IND712311AAA,IND743235AAA,Stable,FTL,0.8109435,0.24487500000000015,19.558098,79.86972128637055
IND712311AAA,IND751002AAB,Congested,FTL,0.94299555,0.7970778508771929,81.7198100986842,102.52425156306961
IND712311AAA,IND781018AAB,Congested,FTL,0.9550624,2.3541625615763544,153.8032296551724,65.33245926406428
IND712311AAA,IND821115AAB,Congested,FTL,0.9545996,0.9067391304347827,106.92494217391302,117.92249676336607
IND712311AAA,IND826004AAA,Stable,FTL,0.8955546,0.445888157894737,51.184156578947366,114.79146883068974
IND712311AAA,IND834002AAB,Congested,FTL,0.9208123,0.9785798816568047,78.06077275147928,79.76944367517233
IND712406AAA,IND712602AAA,Stable,Carting,0.38355184,0.1625,10.5357,64.83507692307693
IND712406AAA,IND712612AAA,Stable,Carting,0.29558486,0.26749999999999996,14.4593925,54.05380373831777
IND712410AAC,IND712406AAA,Stable,Carting,0.2784984,0.1454166666666667,12.623353749999998,86.80816332378221
IND712602AAA,IND712311AAA,Congested,Carting,0.5767227,0.7550000000000002,21.493814999999998,28.468629139072835
IND712602AAA,IND722154AAA,Stable,FTL,0.60622823,0.20375000000000015,9.494047499999999,46.59655214723922
IND712612AAA,IND722154AAA,Stable,Carting,0.20978522,0.08083333333333335,7.376658333333332,91.25762886597934
IND713103AAA,IND713205AAB,Stable,FTL,0.7644879,0.17833333333333337,17.848492666666665,100.0850056074766
IND713128AAB,IND731204AAB,Stable,FTL,0.789247,0.1446153846153847,8.676316923076921,59.99580851063825
IND713128AAB,IND731301AAA,Congested,Carting,0.40053377,0.3529166666666666,13.51063,38.28277685950414
IND713130AAA,IND741123AAB,Stable,Carting,0.4241665,0.21693452380952394,15.689452916666665,72.32344875840302
IND713130AAA,IND741126AAB,Congested,Carting,0.38416225,0.37625000000000003,17.096003749999998,45.43788372093022
IND713145AAB,IND741101AAB,Stable,Carting,0.5127308,0.15125000000000005,11.017545,72.8432727272727
IND713145AAB,IND741316AAA,Stable,FTL,0.6173615,0.09833333333333331,9.205583333333333,93.61610169491527
IND713148AAA,IND713128AAB,Stable,Carting,0.45403868,0.19669117647058817,12.332265441176471,62.698620560747685
IND713205AAB,IND712311AAA,Congested,FTL,0.8890613,0.7537650602409637,33.20459361445783,44.05164867132868
IND713205AAB,IND713148AAA,Stable,Carting,0.186897,0.19916666666666671,7.9197766666666665,39.76456903765689
IND713205AAB,IND713303AAA,Stable,FTL,0.6367059,0.14624999999999996,10.4701275,71.5906153846154
IND713205AAB,IND722101AAA,Stable,Carting,0.26863986,0.1742500000000001,10.899112,62.548705882352905
IND713205AAB,IND722101AAB,Congested,Carting,0.45248437,0.4908333333333336,16.93690833333333,34.50643463497451
IND713205AAB,IND722101AAC,Stable,Carting,0.24193588,0.16770000000000007,11.542543599999998,68.82852474657122
IND713205AAB,IND722122AAA,Stable,Carting,0.4660975,0.19833333333333342,16.068569999999998,81.01799999999996
IND713205AAB,IND722143AAB,Stable,Carting,0.5264751,0.24325,11.305014,46.47487769784173
IND713205AAB,IND722202AAA,Stable,Carting,0.0037856475,0.134375,4.6165787499999995,34.35593488372093
IND713205AAB,IND723130AAA,Congested,FTL,0.86119086,0.49031250000000026,25.567556874999998,52.14543148502227
IND713205AAB,IND723133AAA,Stable,FTL,0.7280269,0.32916666666666666,22.374648333333333,67.97361518987341
IND713303AAA,IND713364AAB,Stable,Carting,0.46143258,0.17291666666666666,8.172155833333333,47.26066024096386
IND713364AAB,IND712311AAA,Congested,FTL,0.9173431,0.5657211538461538,46.14272586538461,81.56443426531825
IND721102AAA,IND712311AAA,Congested,FTL,0.87449807,1.4712500000000006,38.35419525,26.069121665250623
IND721133AAA,IND721434AAB,Stable,Carting,0.44527382,0.31312500000000015,14.879147499999997,47.51823552894208
IND721134AAB,IND712310AAE,Stable,FTL,0.6937789,0.35750000000000004,20.859894999999998,58.34935664335663
IND721134AAB,IND721139AAC,Stable,Carting,0.07205305,0.05531250000000002,5.6094390625,101.41358757062143
IND721139AAC,IND721602AAB,Stable,Carting,0.46804115,0.24083333333333337,16.708221249999998,69.37669723183389
IND721139AAC,IND721636AAB,Stable,Carting,0.38668707,0.20416666666666666,12.257093333333332,60.03474285714285
IND721212AAA,IND712310AAE,Stable,Carting,0.5672492,0.2155312500000001,18.04076575,83.70371233869794
IND721253AAC,IND721306AAA,Stable,FTL,0.6680558,0.20008064516129026,14.783348548387096,73.8869496170899
IND721253AAC,IND721501AAC,Stable,FTL,0.657679,0.2900000000000001,25.545426666666668,88.08767816091951
IND721306AAA,IND721102AAA,Stable,Carting,0.052465685,0.12350000000000007,6.601315,53.45194331983802
IND721306AAA,IND721133AAA,Stable,Carting,0.039333843,0.09500000000000004,6.926080000000001,72.90610526315787
IND721306AAA,IND721253AAC,Stable,FTL,0.75873184,0.24666666666666662,14.592363333333333,59.15822972972974
IND721306AAA,IND721507AAA,Stable,FTL,0.6420583,0.20307692307692307,13.909699999999999,68.49473484848484
IND721401AAA,IND721306AAA,Stable,FTL,0.6268223,0.2912500000000001,22.929974374999997,78.72952575107291
IND721434AAB,IND721401AAA,Stable,Carting,0.48390538,0.21000000000000013,12.83029125,61.09662499999996
IND721501AAC,IND721253AAC,Stable,FTL,0.6598036,0.30399999999999994,23.931431999999997,78.7218157894737
IND721501AAC,IND721306AAA,Stable,Carting,0.57865155,0.278125,24.555606249999997,88.28982022471908
IND721602AAB,IND721139AAC,Stable,Carting,0.4384967,0.19480769230769232,16.681002692307693,85.62804935834156
IND721636AAB,IND721602AAB,Stable,Carting,0.3194143,0.0836111111111111,9.630755555555556,115.18511627906979
IND722101AAA,IND722122AAA,Stable,Carting,0.3608917,0.07379629629629629,8.136641851851852,110.25813299874531
IND722101AAB,IND713205AAB,Stable,Carting,0.46203414,0.12350000000000007,12.107256,98.03446153846149
IND722122AAA,IND713205AAB,Stable,Carting,0.5185309,0.2170918367346938,17.723904285714283,81.64242632197417
IND722140AAA,IND722151AAA,Stable,Carting,0.49618897,0.11166666666666672,16.1056,144.22925373134322
IND722140AAA,IND723130AAA,Congested,FTL,0.7293294,3.3,27.03666,8.192927272727273
IND722143AAB,IND723133AAA,Stable,Carting,0.40404868,0.1435,12.063192749999999,84.06406097560975
IND722151AAA,IND723130AAA,Congested,FTL,0.76528835,1.8887500000000008,28.217567,14.939810456651218
IND722154AAA,IND712311AAA,Congested,FTL,0.65577453,1.0300000000000002,27.212255,26.41966504854368
IND722154AAA,IND712602AAA,Stable,Carting,0.4468819,0.13999999999999999,10.627295,75.90925000000001
IND722202AAA,IND713205AAB,Stable,Carting,0.035192348,0.1125,6.810475,60.53755555555556
IND722202AAA,IND722101AAC,Stable,Carting,0.17639507,0.08200000000000003,8.466782333333333,103.25344308943085
IND723101AAA,IND723202AAA,Stable,Carting,0.5434022,0.16187499999999996,12.84714625,79.36461003861005
IND723130AAA,IND723101AAA,Stable,FTL,0.7136919,0.10366666666666664,9.819635,94.72316720257237
IND723130AAA,IND723131AAA,Stable,FTL,0.7534328,0.2706818181818183,11.402735909090909,42.12597649034423
IND723131AAA,IND722140AAA,Stable,Carting,0.30083507,0.109375,11.873516666666665,108.55786666666665
IND723133AAA,IND723130AAA,Stable,FTL,0.84714323,0.1470192307692308,9.930023653846154,67.542345323741
IND723202AAA,IND713205AAB,Congested,FTL,0.836576,0.4814540816326532,41.17942107142857,85.53135728289088
IND731204AAB,IND731301AAA,Stable,Carting,0.10651766,0.12307692307692311,6.88868923076923,55.970599999999976
IND731224AAA,IND742147AAA,Stable,Carting,0.22257455,0.11651515151515153,7.222228787878787,61.98531859557866
IND731237AAB,IND731224AAA,Stable,Carting,0.4474086,0.11172222222222222,7.356909777777778,65.8500129288911
IND731301AAA,IND713205AAB,Stable,Carting,0.53807604,0.27713636363636357,21.189939909090906,76.46033754305397
IND732103AAA,IND732138AAA,Stable,Carting,0.42068088,0.20375000000000015,11.922811249999999,58.51686503067479
IND732103AAB,IND732123AAC,Stable,Carting,0.26280874,0.2685,14.676801999999999,54.66220484171321
IND732103AAB,IND732202AAA,Stable,Carting,0.18236981,0.12250000000000003,6.3110220833333335,51.51854761904761
IND732103AAB,IND733128AAA,Stable,Carting,0.5231296,0.14055555555555563,14.72139861111111,104.73722332015805
IND732123AAC,IND732139AAA,Stable,Carting,7.233288e-05,0.05250000000000003,3.7569874999999997,71.56166666666661
IND732138AAA,IND733102AAA,Stable,Carting,0.5882514,0.2087500000000001,15.71880625,75.2996706586826
IND732138AAA,IND733124AAA,Stable,Carting,0.28731447,0.11774999999999997,9.959698,84.58342250530788
IND732138AAA,IND733140AAA,Stable,Carting,0.42517388,0.18000000000000008,11.613178888888887,64.51766049382712
IND732139AAA,IND732103AAB,Congested,Carting,0.36361983,0.4083333333333333,13.793354166666667,33.77964285714286
IND732139AAA,IND732123AAC,Stable,Carting,5.554125e-05,0.05875000000000004,4.265642499999999,72.60668085106377
IND732202AAA,IND732204AAB,Stable,Carting,0.022322487,0.08329545454545458,5.544338863636363,66.5623219645293
IND732204AAB,IND732123AAC,Stable,Carting,0.16730903,0.17000000000000004,9.499863333333334,55.88154901960783
IND732204AAB,IND732139AAA,Stable,Carting,0.18569691,0.07354166666666669,9.7802075,132.988657223796
IND733102AAA,IND732103AAB,Congested,FTL,0.6384404,0.4066666666666668,21.67745611111111,53.30521994535517
IND733128AAA,IND733129AAB,Stable,Carting,0.41435245,0.19125000000000014,12.051116874999998,63.012375816993405
IND733128AAA,IND733134AAA,Stable,Carting,0.20580934,0.06666666666666667,6.674560666666666,100.11841
IND733129AAA,IND732103AAB,Stable,Carting,0.4420334,0.30187499999999995,13.271283958333333,43.96284541062803
IND733129AAB,IND733129AAA,Stable,Carting,0.24403603,0.0926666666666667,6.926539666666667,74.74683093525177
IND733134AAA,IND733129AAB,Stable,Carting,0.2197405,0.06777777777777777,6.645123333333332,98.04280327868852
IND733140AAA,IND732103AAA,Stable,FTL,0.8823188,0.28666666666666674,17.877941666666665,62.36491279069765
IND733140AAA,IND733102AAA,Stable,Carting,0.2707454,0.09000000000000004,8.377846346153845,93.08718162393157
IND733201AAA,IND733202AAB,Stable,FTL,0.8064057,0.16833333333333336,16.89408,100.36087128712869
IND733202AAB,IND733210AAA,Stable,Carting,0.38158283,0.10249999999999998,10.71805,104.56634146341466
IND733202AAC,IND733210AAA,Stable,Carting,0.5933032,0.13999999999999999,8.973545,64.09675
IND734214AAB,IND000000AFF,Stable,Carting,0.3235724,0.2883333333333333,14.359076666666667,49.800265895953764
IND735224AAA,IND736146AAA,Stable,FTL,0.67616516,0.1460416666666667,16.357041458333335,112.00256633380882
IND736135AAA,IND736101AAA,Stable,Carting,0.24804527,0.12000000000000005,7.876394166666667,65.63661805555553
IND736135AAA,IND736165AAA,Stable,Carting,0.44807196,0.19375,11.669864500000001,60.23155870967742
IND736146AAA,IND736135AAA,Stable,Carting,0.3943032,0.20625,16.691535,80.92865454545453
IND741101AAB,IND741502AAB,Stable,Carting,0.22280088,0.08000000000000002,5.870689999999999,73.38362499999997
IND741121AAA,IND741201AAC,Stable,Carting,0.024426159,0.13250000000000003,7.261659999999999,54.804981132075454
IND741123AAB,IND741126AAB,Stable,Carting,0.18628635,0.11278301886792454,9.053167358490565,80.27065997490588
IND741126AAB,IND741156AAA,Stable,Carting,0.45603278,0.08424999999999999,6.802627416666667,80.74335212660733
IND741156AAA,IND742101AAC,Stable,Carting,0.44201875,0.1686184210526316,11.311307368421051,67.08227545844711
IND741156AAA,IND742102AAB,Stable,Carting,0.41256934,0.16753846153846155,10.987572076923076,65.58238613406795
IND741165AAB,IND742121AAB,Stable,FTL,0.6910077,0.18383333333333335,30.560730666666664,166.24150861287396
IND741201AAC,IND712311AAA,Congested,FTL,0.8648974,2.1631250000000004,28.053952499999998,12.969177694308
IND742101AAC,IND712311AAA,Congested,FTL,0.88577616,0.6392924528301885,40.651395188679246,63.58810433114441
IND742101AAC,IND713130AAA,Stable,Carting,0.5346432,0.2027380952380952,19.009446666666665,93.76356547269526
IND742101AAC,IND731237AAB,Stable,Carting,0.26196715,0.12633928571428577,9.02163,71.407954770318
IND742101AAC,IND741123AAB,Congested,FTL,0.64476806,0.44375,28.339909499999997,63.864584788732394
IND742101AAC,IND742202AAA,Stable,FTL,0.8529539,0.24812500000000004,20.755017499999997,83.6474256926952
IND742101AAC,IND742303AAB,Stable,Carting,0.28006724,0.13169642857142858,8.54196125,64.86099389830508
IND742102AAB,IND712311AAA,Congested,FTL,0.89644504,0.590625,40.49467515625,68.56241296296297
IND742102AAB,IND713130AAA,Stable,Carting,0.51605827,0.22530898876404493,19.086397415730335,84.71209923949633
IND742102AAB,IND731237AAB,Stable,Carting,0.290554,0.13568181818181818,9.347885909090909,68.89564154103853
IND742102AAB,IND742121AAB,Congested,FTL,0.6469847,0.5056250000000001,28.530083749999996,56.42538195302841
IND742102AAB,IND742303AAB,Stable,Carting,0.2851919,0.10478723404255325,8.534342659574467,81.44448832487303
IND742121AAA,IND742101AAC,Stable,Carting,0.26656252,0.19931818181818198,7.010194545454545,35.17087343215504
IND742121AAA,IND742102AAB,Stable,Carting,0.2668674,0.1879,7.2382029999999995,38.52156998403406
IND742121AAB,IND742101AAC,Stable,Carting,0.30914128,0.22625000000000003,10.636464999999998,47.01199999999998
IND742121AAB,IND742121AAA,Stable,Carting,0.00062093296,0.09429687499999997,4.4553928124999995,47.24857332228667
IND742137AAA,IND742401AAA,Stable,Carting,0.24969262,0.11791666666666671,7.008792777777777,59.438525323910454
IND742147AAA,IND742137AAA,Stable,Carting,0.0055884733,0.08699999999999998,5.204492999999999,59.821758620689664
IND742148AAA,IND742225AAA,Stable,Carting,0.09159083,0.11130208333333336,5.833405520833333,52.41056902199343
IND742149AAA,IND742148AAA,Stable,Carting,0.2806716,0.1069886363636364,7.215193522727272,67.43887732342004
IND742149AAA,IND742225AAA,Stable,Carting,0.4293278,0.23300000000000007,11.2742,48.3871244635193
IND742202AAA,IND712311AAA,Congested,FTL,0.9276594,0.7921250000000005,52.40245499999999,66.15427489348266
IND742202AAA,IND732103AAA,Stable,FTL,0.88426834,0.2625,13.229737499999999,50.398999999999994
IND742223AAA,IND742226AAA,Stable,Carting,0.41401243,0.12957692307692312,13.594729615384617,104.91628673196793
IND742225AAA,IND742223AAA,Stable,Carting,0.00011478556,0.09125000000000003,4.359823124999999,47.778883561643816
IND742226AAA,IND742101AAC,Stable,Carting,0.32952407,0.15058823529411772,9.179431470588234,60.95716210937496
IND742226AAA,IND742102AAB,Stable,Carting,0.38171986,0.1649358974358975,8.837511666666666,53.581493198600825
IND742303AAB,IND741165AAB,Stable,Carting,0.5396645,0.15899305555555554,10.740473819444443,67.55310024022712
IND742401AAA,IND742101AAC,Stable,Carting,0.3479987,0.2855999999999999,15.173402999999997,53.12816176470589
IND742401AAA,IND742102AAB,Stable,Carting,0.32726163,0.2985267857142858,15.360274999999998,51.45359054882606
IND743235AAA,IND743270AAA,Stable,Carting,0.045558374,0.09208333333333336,6.366896666666666,69.1427692307692
IND743270AAA,IND712311AAA,Congested,FTL,0.77539337,2.833999999999999,34.560714999999995,12.195029992942839
IND743347AAA,IND700053AAA,Congested,Carting,0.49385977,0.38882653061224487,17.989107857142855,46.265124524340635
IND743395AAA,IND700053AAA,Congested,Carting,0.34566066,0.4053571428571431,16.081934999999998,39.673496035242266
IND743513AAA,IND743347AAA,Stable,Carting,0.4231649,0.12116935483870973,11.112135322580645,91.70747287853573
IND751002AAB,IND530012AAA,Congested,FTL,0.9222277,0.7632244318181819,92.21683684659091,120.82532083899423
IND751002AAB,IND562132AAA,High Risk,FTL,0.9686822,3.368856232294619,265.7992445609065,78.89895746007049
IND751002AAB,IND712311AAA,Congested,FTL,0.93677455,1.0414821428571428,85.2657295,81.86960293537713
IND751002AAB,IND754103AAA,Congested,FTL,0.7916388,0.7570454545454548,16.101683181818178,21.269110177123974
IND751002AAB,IND756100AAC,Stable,FTL,0.83456504,0.24450000000000002,26.714820416666665,109.26306918882071
IND751002AAB,IND760003AAB,Stable,FTL,0.81421703,0.42166666666666686,40.63065854166667,96.35729298418968
IND751014AAA,IND751002AAB,Stable,Carting,0.00013222202,0.08000000000000002,3.6912788888888883,46.1409861111111
IND751015AAA,IND751002AAB,Stable,Carting,0.000114632385,0.03708333333333333,3.573138333333333,96.35429213483147
IND751015AAA,IND752050AAA,Stable,Carting,0.00012090543,0.0375,4.5317475,120.8466
IND751015AAA,IND752055AAA,Stable,Carting,0.19869685,0.08916666666666669,7.027871666666666,78.81725233644858
IND751015AAA,IND752056AAA,Stable,Carting,0.34068483,0.07986111111111113,6.629628055555555,83.01447304347823
IND751021AAA,IND751002AAB,Stable,Carting,0.00011952413,0.08000000000000002,4.94081,61.76012499999999
IND752030AAA,IND754022AAA,Stable,Carting,0.44549078,0.08874999999999998,8.520119999999999,96.00135211267606
IND752050AAA,IND751002AAB,Stable,Carting,0.33018714,0.08958333333333333,7.628845,85.1592
IND752050AAA,IND752056AAA,Stable,Carting,0.00011553002,0.034999999999999996,3.391745,96.90700000000001
IND752055AAA,IND751002AAB,Stable,Carting,0.31866807,0.08562499999999999,9.337781249999999,109.05437956204379
IND752055AAA,IND752050AAA,Stable,Carting,0.045875043,0.04000000000000001,6.807604999999999,170.19012499999994
IND752056AAA,IND751002AAB,Stable,Carting,0.32225794,0.06583333333333333,6.90277,104.85220253164559
IND754022AAA,IND751002AAB,Stable,FTL,0.8000929,0.23041666666666671,19.327659166666663,83.88134177215187
IND754103AAA,IND754142AAA,Stable,Carting,0.33537462,0.24666666666666662,17.226346666666664,69.83654054054054
IND754142AAA,IND754211AAA,Stable,Carting,0.46166798,0.19125000000000014,13.130582500000001,68.65664052287578
IND754160AAA,IND754142AAA,Stable,Carting,0.3847523,0.13999999999999999,10.8143,77.245
IND754202AAA,IND751002AAB,Stable,Carting,0.40252143,0.19375,12.7908025,66.01704516129033
IND754211AAA,IND754202AAA,Stable,Carting,0.4053149,0.2150000000000001,12.644135,58.80993023255811
IND756019AAA,IND756029AAA,Stable,FTL,0.8434548,0.0625,9.794505,156.71208
IND756019AAA,IND756032AAA,Stable,FTL,0.8871677,0.1141666666666667,14.960049999999999,131.0369343065693
IND756019AAA,IND757001AAA,Stable,FTL,0.74827194,0.19750000000000015,15.799781666666666,79.99889451476787
IND756019AAA,IND757025AAA,Stable,FTL,0.798856,0.11156250000000002,9.3862846875,84.13476470588233
IND756019AAA,IND757041AAA,Stable,Carting,0.39222476,0.14500000000000005,16.5841375,114.37336206896549
IND756029AAA,IND712311AAA,Stable,FTL,0.8797036,0.39375,43.407035,110.24008888888889
IND756032AAA,IND712311AAA,Congested,FTL,0.8561516,0.5799603174603177,38.79951888888888,66.90029941840571
IND756045AAB,IND756019AAA,Stable,FTL,0.8083584,0.06750000000000002,8.06848,119.53303703703699
IND756100AAC,IND756045AAB,Stable,Carting,0.51097995,0.1,11.695337499999999,116.95337499999998
IND756100AAC,IND757037AAA,Stable,FTL,0.8282794,0.35875000000000007,49.795418749999996,138.8025609756097
IND756100AAC,IND758001AAA,Congested,FTL,0.85981417,0.5491666666666669,38.30667833333334,69.75419423368739
IND756100AAC,IND758034AAA,Congested,FTL,0.8295345,0.6516358024691361,48.79995382716049,74.88838649173492
IND757001AAA,IND757041AAA,Stable,Carting,0.43958512,0.1595,12.979035999999999,81.37326645768024
IND757024AAA,IND756019AAA,Stable,Carting,0.51098907,0.27250000000000013,20.44644,75.0328073394495
IND757025AAA,IND757001AAA,Stable,FTL,0.79842764,0.09431818181818177,8.4651,89.75045783132533
IND757037AAA,IND756100AAC,Congested,FTL,0.8563098,0.5939830508474576,41.5762413559322,69.99566956769867
IND757037AAA,IND758001AAA,Stable,FTL,0.65862226,0.14375,14.2022125,98.798
IND757041AAA,IND756019AAA,Stable,Carting,0.27183756,0.2814285714285714,15.015434999999998,53.35433756345177
IND757041AAA,IND757001AAA,Stable,Carting,0.46753275,0.15625,12.1441075,77.722288
IND758001AAA,IND757037AAA,Stable,Carting,0.5748924,0.16791666666666671,15.600380833333334,92.90549379652603
IND758001AAA,IND758035AAA,Stable,FTL,0.73903537,0.2038888888888889,19.371811666666666,95.01161035422342
IND758034AAA,IND756100AAC,Congested,FTL,0.8623714,0.515357142857143,49.076685,95.22849480249478
IND758034AAA,IND757037AAA,Stable,FTL,0.67331696,0.3154166666666666,28.95517333333333,91.7997569352708
IND758034AAA,IND758001AAA,Stable,FTL,0.7985808,0.16916666666666677,16.185983333333333,95.68068965517236
IND758035AAA,IND758001AAA,Stable,FTL,0.68745166,0.1766666666666667,20.077365,113.64546226415092
IND759122AAC,IND767017AAA,Stable,FTL,0.6975349,0.31839285714285714,34.2207625,107.4796803140774
IND760003AAB,IND754022AAA,Stable,FTL,0.6874372,0.34450000000000003,24.136720999999998,70.06305079825833
IND760003AAB,IND761020AAA,Stable,Carting,0.06305079,0.0875,7.07826,80.8944
IND761200AAA,IND532001AAB,Stable,FTL,0.7834099,0.18979166666666672,18.38509361111111,96.8698675448225
IND762001AAA,IND759122AAC,Stable,FTL,0.8104685,0.44931818181818195,46.406951818181824,103.28304906423872
IND764001AAC,IND764059AAA,Stable,Carting,0.36174512,0.11085714285714292,10.036325,90.53385953608242
IND764020AAC,IND764001AAC,Stable,Carting,0.22280088,0.06750000000000002,5.99634,88.83466666666665
IND764059AAA,IND764071AAB,Stable,Carting,0.000114632385,0.03416666666666668,3.9318358333333334,115.07812195121947
IND764071AAB,IND530012AAA,Congested,FTL,0.8642089,0.9989285714285718,68.9059475,68.97985448695027
IND764071AAB,IND764073AAA,Stable,Carting,0.4221108,0.09333333333333335,11.3826125,121.95656249999998
IND767001AAA,IND762001AAA,Stable,FTL,0.7853694,0.42000000000000026,38.5199461111111,91.71415740740733
IND767001AAA,IND767017AAA,Stable,FTL,0.8552812,0.13805555555555551,14.41736333333333,104.43160563380283
IND767017AAA,IND767001AAA,Stable,Carting,0.5048598,0.14916666666666673,11.885410833333333,79.67873184357539
IND767017AAA,IND768004AAD,Stable,FTL,0.6576911,0.29718749999999994,22.031323125,74.13273817034703
IND768004AAD,IND768028AAA,Stable,Carting,0.5454791,0.16375000000000003,12.871355,78.60369465648853
IND768004AAD,IND768028AAB,Stable,FTL,0.71324325,0.15249999999999997,11.867537500000001,77.8199180327869
IND768028AAA,IND767001AAA,Stable,FTL,0.9296553,0.21687500000000004,34.608664999999995,159.57885878962531
IND768028AAB,IND767001AAA,Stable,FTL,0.9131856,0.228125,34.75595375,152.3548657534247
IND768201AAA,IND770001AAA,Stable,Carting,0.46060866,0.2125,10.158294999999999,47.80374117647059
IND768216AAA,IND770001AAA,Stable,Carting,0.42188033,0.15874999999999997,12.3387075,77.72414173228347
IND770001AAA,IND770017AAB,Stable,Carting,0.5694131,0.16041666666666668,16.397402777777774,102.21757575757573
IND781001AAA,IND781018AAB,Stable,Carting,0.33003697,0.1875,10.033884,53.514048
IND781003AAA,IND781018AAB,Stable,Carting,0.3345487,0.25125000000000003,9.373950833333334,37.30925704809287
IND781005AAA,IND781018AAB,Stable,Carting,0.24120156,0.14112500000000003,11.68311725,82.78559610274579
IND781014AAA,IND781102AAA,Stable,Carting,0.2697359,0.0765625,6.048288749999999,78.99805714285714
IND781014AAA,IND781124AAA,Stable,Carting,0.2864701,0.10150000000000006,8.274542499999999,81.52258620689649
IND781018AAA,IND781018AAB,Stable,Carting,0.19674616,0.09250000000000001,11.921664999999999,128.88286486486484
IND781018AAB,IND110037AAM,High Risk,FTL,0.9800351,4.154164467897976,315.4993605452946,75.94772979822308
IND781018AAB,IND712311AAA,Congested,FTL,0.95655954,2.3370302013422815,137.329025738255,58.762195567425536
IND781018AAB,IND781003AAA,Stable,Carting,0.15777512,0.16892857142857143,10.0063325,59.23410359408033
IND781018AAB,IND781005AAA,Stable,Carting,0.27997085,0.12395833333333334,14.51450875,117.09183529411764
IND781018AAB,IND781022AAA,Stable,Carting,0.2789602,0.09319444444444448,13.785284722222222,147.91959761549919
IND781018AAB,IND781102AAA,Stable,Carting,0.35565814,0.08416666666666668,9.096674999999998,108.07930693069302
IND781018AAB,IND781354AAA,Stable,Carting,0.48794985,0.16531250000000006,17.0329796875,103.03503780718333
IND781018AAB,IND784001AAA,Stable,FTL,0.86265343,0.41958333333333353,38.61067874999999,92.02147864945375
IND781018AAB,IND784125AAA,Stable,FTL,0.84716797,0.1883333333333333,18.68151833333333,99.19390265486726
IND781018AAB,IND784168AAB,Congested,FTL,0.9387032,0.7340625000000003,58.068364375,79.10547722435076
IND781018AAB,IND785001AAA,Congested,FTL,0.93508524,0.7716666666666668,59.458348541666666,77.05185556155506
IND781018AAB,IND785612AAB,Congested,FTL,0.9137576,0.6050000000000002,51.408019249999995,84.97193264462807
IND781018AAB,IND785621AAA,Congested,FTL,0.90671754,0.6295454545454546,58.556899545454534,93.01456967509023
IND781018AAB,IND788026AAC,Congested,FTL,0.9104464,0.9932692307692311,67.0519953846154,67.5063651500484
IND781018AAB,IND793001AAA,Stable,FTL,0.7337031,0.3351724137931034,27.945518275862064,83.37654629629628
IND781022AAA,IND781018AAB,Stable,Carting,0.30148855,0.10572916666666667,11.944393125,112.9716
IND781102AAA,IND781018AAB,Stable,Carting,0.39795431,0.3125,13.538548333333333,43.32335466666667
IND781124AAA,IND781018AAB,Congested,Carting,0.2687412,0.3251562500000001,8.844530625,27.200863046612202
IND781335AAA,IND000000AET,Stable,FTL,0.6494837,0.19375,19.769674166666665,102.03702795698923
IND781354AAA,IND781335AAA,Stable,Carting,0.047402352,0.11750000000000008,6.8436725,58.24402127659571
IND783129AAA,IND794101AAA,Stable,FTL,0.7508062,0.31937500000000013,26.7787275,83.84728767123283
IND783301AAA,IND783348AAA,Stable,Carting,0.5215034,0.13500000000000004,12.108685909090909,89.69396969696967
IND783348AAA,IND783129AAA,Stable,FTL,0.69583714,0.2451666666666668,21.411796,87.33567369136637
IND783370AAB,IND783301AAA,Stable,FTL,0.6832559,0.19083333333333338,17.98594,94.24946724890827
IND783370AAC,IND783301AAA,Stable,FTL,0.6950663,0.2243750000000001,18.294355624999998,81.5347325905292
IND784001AAA,IND784101AAA,Stable,Carting,0.06607375,0.12666666666666668,5.828188333333333,46.012013157894735
IND784001AAA,IND784168AAB,Stable,FTL,0.83946323,0.27875000000000016,25.961451249999996,93.13525112107617
IND784001AAA,IND790114AAA,Stable,Carting,0.55630314,0.2400000000000001,16.17545125,67.39771354166663
IND784001AAA,IND791111AAC,Congested,FTL,0.82105434,0.47166666666666685,36.252722333333324,76.86089540636037
IND784101AAA,IND790114AAA,Stable,Carting,0.14472802,0.07416666666666666,8.941951666666666,120.5656404494382
IND784110AAA,IND781018AAB,Stable,FTL,0.85501605,0.3885714285714286,41.105059999999995,105.78508088235291
IND784110AAA,IND784001AAA,Stable,FTL,0.69251573,0.15,10.99364875,73.29099166666667
IND784125AAA,IND784110AAA,Stable,FTL,0.74314785,0.231388888888889,16.192155,69.9781008403361
IND784168AAB,IND784176AAA,Stable,FTL,0.7403101,0.19941176470588243,16.538498529411765,82.93642330383477
IND784168AAB,IND791111AAC,Stable,Carting,0.57438546,0.21124999999999997,12.31052375,58.27466863905326
IND784176AAA,IND781018AAB,Congested,FTL,0.85232174,0.5900781249999999,50.176846562499996,85.03424281742355
IND785001AAA,IND785112AAC,Stable,Carting,0.31929696,0.06444444444444446,6.62745611111111,102.83983620689652
IND785001AAA,IND785682AAA,Stable,FTL,0.67799044,0.17810606060606063,17.462092878787878,98.04322671203741
IND785001AAA,IND798601AAA,Congested,FTL,0.7078873,0.42357142857142854,25.334214999999997,59.8109629005059
IND785112AAC,IND785001AAA,Congested,FTL,0.7546514,0.7300000000000002,9.90507,13.568589041095887
IND785112AAC,IND785634AAA,Stable,Carting,0.27275813,0.16375000000000003,10.461424166666665,63.88655979643764
IND785612AAB,IND781018AAB,Congested,FTL,0.86040795,0.5372222222222225,47.70599166666666,88.80122543950357
IND785612AAB,IND785621AAA,Stable,FTL,0.70411396,0.12124999999999998,13.5829575,112.02439175257733
IND785621AAA,IND785001AAA,Stable,FTL,0.7668782,0.14333333333333337,13.267741666666668,92.5656395348837
IND785634AAA,IND785001AAA,Congested,Carting,0.04028115,1.2183333333333337,7.0,5.7455540355677135
IND785675AAA,IND785612AAB,Stable,FTL,0.8988657,0.39821428571428563,35.13695,88.23628699551571
IND785682AAA,IND785690AAB,Stable,Carting,0.37816197,0.15750000000000006,10.226061999999999,64.92737777777775
IND785682AAA,IND786001AAB,Stable,FTL,0.73863876,0.2621666666666667,22.73778383333333,86.73026255562617
IND785690AAB,IND785682AAA,Stable,Carting,0.38610235,0.27475,11.068507,40.2857397634213
IND786001AAB,IND785675AAA,Stable,Carting,0.50464827,0.15874999999999997,12.348034999999998,77.78289763779527
IND786001AAB,IND786125AAA,Stable,Carting,0.26671582,0.12699999999999995,10.447793999999998,82.266094488189
IND786001AAB,IND786171AAA,Stable,FTL,0.6337319,0.24087078651685398,19.694813033707863,81.76505469387753
IND786001AAB,IND786184AAA,Stable,Carting,0.059088353,0.08232758620689656,5.972780172413793,72.54895287958114
IND786001AAB,IND786190AAA,Stable,Carting,0.5342103,0.12785714285714284,13.976449999999998,109.31301675977654
IND786001AAB,IND786602AAA,Stable,Carting,0.19542606,0.10479166666666669,9.0869275,86.71421868787274
IND786001AAB,IND792103AAB,Stable,FTL,0.6123239,0.28900000000000003,24.0130835,83.09025432525951
IND786125AAA,IND786190AAA,Stable,Carting,0.2441864,0.079625,6.28570425,78.94134065934067
IND786171AAA,IND786181AAC,Stable,Carting,0.010729166,0.046428571428571444,4.349973333333333,93.69173333333329
IND786181AAC,IND786001AAB,Stable,Carting,0.45060673,0.27896226415094344,15.926262641509433,57.09110043963476
IND786181AAC,IND792120AAB,Congested,FTL,0.61992496,0.34346153846153865,14.982015192307689,43.62064893617018
IND786181AAC,IND792121AAB,Stable,Carting,0.31418133,0.13431818181818186,9.362115795454546,69.70103130287646
IND786184AAA,IND786125AAA,Stable,Carting,0.03833232,0.09000000000000004,5.877050454545453,65.30056060606057
IND786184AAA,IND786190AAA,Stable,Carting,0.38832664,0.09194444444444448,9.78148888888889,106.38477341389724
IND786190AAA,IND786001AAB,Stable,Carting,0.46418497,0.1625,13.505824999999998,83.11276923076922
IND786190AAA,IND792103AAB,Stable,Carting,0.46919373,0.12791666666666673,12.714864166666665,99.39958957654717
IND787001AAA,IND787057AAA,Stable,FTL,0.74789506,0.22333333333333344,18.073849791666664,80.92768563432831
IND787057AAA,IND787059AAB,Stable,Carting,0.57958853,0.14049999999999999,9.630586,68.54509608540926
IND787059AAB,IND791102AAA,Stable,FTL,0.75168705,0.2856250000000001,24.147795,84.54370240700216
IND788026AAC,IND781018AAB,Congested,FTL,0.91074634,0.8657214765100671,72.88014577181208,84.18428761362094
IND788026AAC,IND788121AAA,Stable,FTL,0.635109,0.20687500000000014,10.090298749999999,48.77485800604226
IND788026AAC,IND788151AAA,Stable,Carting,0.5410465,0.15843750000000004,10.588298437499999,66.8294970414201
IND788026AAC,IND799250AAA,Congested,FTL,0.7732986,0.5300000000000001,26.112065,49.26804716981131
IND788121AAA,IND796081AAA,Stable,FTL,0.73313785,0.3505555555555555,20.614739444444442,58.805912836767035
IND788151AAA,IND788713AAA,Stable,FTL,0.7222716,0.19520833333333343,13.979794791666665,71.61474386339377
IND788151AAA,IND788806AAA,Stable,FTL,0.8657659,0.11750000000000008,9.094014999999999,77.39587234042547
IND788713AAA,IND788026AAC,Congested,Carting,0.37277406,0.9025000000000005,15.125949999999998,16.760055401662036
IND788713AAA,IND788806AAA,Stable,Carting,0.11137624,0.10249999999999998,6.9142149999999996,67.45575609756098
IND788806AAA,IND788026AAC,Stable,FTL,0.7078652,0.18916666666666682,8.129142777777778,42.97344199706311
IND788806AAA,IND788713AAA,Stable,Carting,0.094417304,0.1375,6.895664999999999,50.1502909090909
IND790001AAB,IND784001AAA,Congested,FTL,0.6015258,0.7171875,28.231174999999997,39.36372984749455
IND791102AAA,IND784168AAB,Congested,FTL,0.91335136,0.7979999999999999,55.74221099999999,69.8523947368421
IND791109AAA,IND787001AAA,Stable,FTL,0.8307071,0.2150000000000001,13.0468625,60.68308139534881
IND791110AAA,IND787001AAA,Stable,FTL,0.8794179,0.19000000000000009,13.039915,68.63113157894735
IND791125AAB,IND791102AAA,Stable,FTL,0.73889375,0.26593749999999994,25.3857778125,95.45768390129261
IND792001AAA,IND786001AAB,Stable,FTL,0.65619534,0.3340384615384617,30.17542230769231,90.33517328727687
IND792001AAA,IND792110AAA,Stable,FTL,0.724344,0.15562499999999999,20.4211875,131.22048192771084
IND792103AAB,IND792001AAA,Stable,FTL,0.67034423,0.10744444444444443,33.95516366666666,316.02530816959666
IND792110AAA,IND786001AAB,Stable,FTL,0.70861274,0.3429807692307693,27.16089653846154,79.19072722175495
IND792120AAB,IND786181AAC,Stable,FTL,0.6587212,0.20562500000000009,13.759138749999998,66.91374468085102
IND792121AAB,IND786181AAC,Congested,Carting,0.31405613,0.7298000000000002,10.9986324,15.070748698273494
IND792130AAB,IND786001AAB,Stable,Carting,0.49134493,0.3232558139534883,19.86350563953488,61.448254856115106
IND793001AAA,IND781018AAB,Congested,FTL,0.880043,0.5405000000000001,40.466076,74.86785568917668
IND793001AAA,IND793150AAA,Stable,Carting,0.5992403,0.20625,17.84516125,86.52199393939395
IND793150AAA,IND781018AAB,Stable,FTL,0.87209845,0.44250000000000017,46.15652300000001,104.3085265536723
IND794101AAA,IND781018AAB,Congested,FTL,0.80709314,0.5446527777777779,42.22012180555555,77.51750019125332
IND796009AAA,IND796321AAB,Congested,FTL,0.9121848,1.2296153846153848,49.58833653846153,40.32833124804503
IND796081AAA,IND788026AAC,Stable,FTL,0.7110262,0.3549999999999999,26.25681625,73.96286267605635
IND796321AAB,IND796009AAA,Congested,FTL,0.91276866,1.4052777777777776,51.12247388888889,36.37891006127694
IND798601AAA,IND785001AAA,Congested,Carting,0.58083785,0.6762500000000002,21.0482545,31.124960443622907
IND799250AAA,IND799008AAA,Congested,FTL,0.82991445,0.47850000000000015,35.552181,74.29922884012537
IND801103AAA,IND802301AAA,Stable,FTL,0.6315542,0.11863636363636362,8.003637727272727,67.46361302681993
IND802101AAA,IND802119AAA,Stable,Carting,0.20693712,0.0958928571428571,6.376659999999999,66.49775791433895
IND802101AAA,IND802158AAB,Stable,FTL,0.78467304,0.2691666666666668,21.95163833333333,81.55407430340553
IND802119AAA,IND802158AAB,Stable,FTL,0.699057,0.15257812500000004,17.09313046875,112.02870967741933
IND802158AAB,IND821115AAB,Stable,FTL,0.6298008,0.347125,24.699637375,71.1548790061217
IND802212AAA,IND821115AAB,Congested,Carting,0.3600709,1.115357142857143,14.021182499999998,12.571024975984628
IND802213AAB,IND802212AAA,Stable,Carting,0.095534764,0.15249999999999997,7.161077,46.95788196721312
IND802301AAA,IND804401AAA,Stable,FTL,0.8362476,0.21699999999999994,24.119399499999993,111.1493064516129
IND803101AAA,IND805110AAD,Stable,Carting,0.58097416,0.10888888888888885,9.629061944444443,88.43016071428573
IND803116AAA,IND803108AAB,Stable,Carting,0.47674853,0.1703846153846154,12.423089807692307,72.91203950338598
IND803213AAA,IND803212AAB,Stable,Carting,0.52055556,0.26875,17.26606,64.24580465116279
IND803213AAA,IND811105AAA,Stable,Carting,0.5578716,0.19000000000000009,15.199169999999999,79.99563157894733
IND804420AAA,IND803101AAA,Stable,FTL,0.7945678,0.19886363636363644,14.686091212121212,73.85005866666664
IND804452AAA,IND804420AAA,Stable,Carting,0.42577097,0.09291666666666666,5.994625,64.51614349775785
IND805110AAD,IND803116AAA,Stable,Carting,0.44889444,0.12611111111111117,8.564748888888888,67.91430837004401
IND811105AAA,IND803212AAB,Stable,Carting,0.5745263,0.25,19.180904166666664,76.72361666666666
IND811201AAB,IND811213AAA,Stable,FTL,0.6643707,0.121875,10.52198,86.33419487179486
IND811201AAB,IND813213AAA,Stable,Carting,0.4966979,0.19500000000000003,12.2633875,62.889166666666654
IND811213AAA,IND811201AAB,Stable,Carting,0.5180619,0.13999999999999999,10.5105,75.07500000000002
IND811213AAA,IND813213AAA,Stable,Carting,0.3386219,0.11499999999999998,13.690109999999997,119.04443478260869
IND811307AAA,IND811201AAB,Stable,FTL,0.7667954,0.2016666666666668,19.521588333333334,96.80126446280985
IND811307AAA,IND811213AAA,Stable,FTL,0.7019733,0.12375000000000007,12.19568,98.55094949494944
IND811399AAA,IND110044AAB,Stable,Carting,0.0024784312,0.153125,4.669890197368421,30.497242105263155
IND811399AAA,IND209304AAA,Congested,FTL,0.95008785,0.7212941176470589,79.75510735294118,110.5722414777361
IND812002AAA,IND813203AAA,Stable,Carting,0.5338609,0.22951388888888882,10.911360833333333,47.54117881996976
IND813102AAA,IND812002AAA,Stable,Carting,0.45135504,0.16742647058823532,12.049421176470586,71.96843566095738
IND813102AAA,IND813203AAA,Congested,Carting,0.54237217,0.43416666666666687,19.65336333333333,45.26686372360842
IND814101AAB,IND816107AAA,Stable,Carting,0.5893749,0.22142045454545448,22.273626136363635,100.59425712086222
IND814112AAA,IND814133AAA,Stable,FTL,0.8392865,0.21583333333333338,18.710259166666667,86.68845945945944
IND814112AAA,IND814133AAB,Stable,FTL,0.8319595,0.2288095238095238,18.890341666666664,82.55924557752341
IND814133AAA,IND816109AAA,Stable,FTL,0.76709604,0.26500000000000007,21.736481666666666,82.02445911949684
IND814133AAB,IND816109AAA,Stable,FTL,0.71942157,0.2833571428571429,22.731494999999995,80.2220645323922
IND815301AAA,IND814112AAA,Stable,Carting,0.5393339,0.21916666666666676,17.573091666666663,80.18140684410642
IND815301AAA,IND814133AAB,Stable,FTL,0.89084744,0.40864583333333354,32.40133020833333,79.28951567677792
IND815301AAA,IND815353AAA,Stable,FTL,0.7567782,0.13708333333333336,13.698696666666667,99.92970212765955
IND815351AAA,IND814101AAB,Stable,Carting,0.5979699,0.18222222222222229,20.995635694444445,115.21995198170728
IND815353AAA,IND814112AAA,Stable,Carting,0.28746045,0.11187499999999997,13.164453749999998,117.67109497206705
IND815353AAA,IND814133AAB,Stable,FTL,0.8686561,0.26953125,24.542324843750002,91.05558202898551
IND815353AAA,IND826004AAA,Stable,FTL,0.67664003,0.23500000000000015,30.00856833333333,127.6960354609928
IND816107AAA,IND826004AAA,Congested,FTL,0.833773,0.5749218750000001,49.20091367187499,85.57843389047422
IND816109AAA,IND826004AAA,Congested,FTL,0.8566608,0.7151648351648352,57.534344615384605,80.44906822372462
IND821109AAA,IND802213AAB,Congested,FTL,0.6489874,0.3460416666666667,12.362676666666665,35.725977122215525
IND821115AAB,IND000000ACB,Congested,FTL,0.96787745,1.6986770428015574,162.00309523346303,95.37015639316468
IND821115AAB,IND209304AAA,Congested,FTL,0.9621372,0.8142812500000001,89.17740008333332,109.51670578603317
IND821115AAB,IND802101AAA,Stable,FTL,0.7629776,0.2900000000000001,22.986707916666663,79.26451005747123
IND821115AAB,IND821109AAA,Stable,FTL,0.7003915,0.18819444444444441,15.746449444444444,83.67117047970481
IND821115AAB,IND824101AAA,Stable,FTL,0.6568732,0.1125,11.321204999999999,100.63293333333333
IND821307AAA,IND824101AAA,Stable,FTL,0.78909475,0.0905,9.371149666666666,103.54861510128913
IND824101AAA,IND821115AAB,Stable,Carting,0.57801247,0.14767857142857146,11.5137925,77.96522128174121
IND824101AAA,IND821307AAA,Stable,FTL,0.7650628,0.09156250000000003,9.7487775,106.47129010238903
IND825102AAA,IND827013AAA,Stable,Carting,0.37691563,0.11400000000000006,9.722678,85.28664912280698
IND825301AAA,IND825409AAA,Stable,FTL,0.7894079,0.1986309523809524,16.232925,81.72404554989511
IND825409AAA,IND000000ACB,High Risk,FTL,0.968956,1.879238599348535,190.67991284201955,101.46657955414574
IND826001AAC,IND828111AAA,Stable,Carting,0.00011470454,0.056666666666666705,3.6565783333333335,64.52785294117643
IND826004AAA,IND209304AAA,Congested,FTL,0.9739514,1.3094270833333335,139.92242104166667,106.85774169682986
IND826004AAA,IND814112AAA,Stable,FTL,0.6978363,0.3125,29.697443125,95.031818
IND826004AAA,IND815301AAA,Stable,FTL,0.6158559,0.19933333333333347,16.704524666666664,83.80196321070227
IND826004AAA,IND815351AAA,Stable,FTL,0.62368417,0.2263636363636363,15.362472045454544,67.86634236947792
IND826004AAA,IND815353AAA,Stable,FTL,0.60741633,0.28104166666666663,26.112540416666665,92.9134128984433
IND826004AAA,IND821115AAB,Stable,FTL,0.91244656,0.5696153846153849,61.41696413461538,107.82181414584734
IND826004AAA,IND828111AAA,Stable,Carting,0.00011470454,0.06062499999999999,4.048817499999999,66.78461855670103
IND826004AAA,IND828205AAA,Stable,Carting,0.411404,0.09875000000000007,7.324703749999999,74.17421518987335
IND826004AAA,IND828401AAB,Stable,Carting,0.25578845,0.0711111111111111,12.264867222222222,172.47469531250002
IND827013AAA,IND829121AAA,Stable,Carting,0.48047847,0.09339285714285712,9.7992075,104.92459273422564
IND828111AAA,IND826004AAA,Stable,Carting,0.006565638,0.2730357142857142,4.995562499999999,18.296370176586006
IND828401AAB,IND826004AAA,Stable,Carting,0.31990114,0.1234375,7.739010416666665,62.695780590717284
IND829121AAA,IND834002AAB,Congested,Carting,0.5818469,0.7921491228070181,20.136420438596492,25.419987043906744
IND829122AAA,IND825301AAA,Stable,FTL,0.78893334,0.14696428571428571,14.990356666666665,101.99999675982178
IND832109AAB,IND834002AAB,Stable,FTL,0.83987945,0.373561320754717,27.10780245283019,72.56587057263717
IND834002AAB,IND000000ACB,High Risk,FTL,0.97134376,2.1191861702127652,204.61888880851066,96.55540965896688
IND834002AAB,IND781018AAB,High Risk,FTL,0.96334696,2.577424242424242,181.55009515151514,70.43857668567398
IND834002AAB,IND825102AAA,Stable,Carting,0.58504677,0.387794117647059,26.301275,67.82277967387179
IND834002AAB,IND826004AAA,Congested,FTL,0.68533754,0.44026132404181195,33.12723524390244,75.24448193581574
IND834002AAB,IND827013AAA,Congested,FTL,0.621525,0.5581952662721894,23.26017573964497,41.670320665712616
IND834002AAB,IND829122AAA,Stable,FTL,0.61925095,0.13678571428571426,12.441675,90.95741514360316
IND834002AAB,IND832109AAB,Stable,FTL,0.7597828,0.3141071428571429,27.707847,88.2114515065378
IND841101AAA,IND841207AAB,Stable,Carting,0.29732606,0.1758333333333334,7.668931666666666,43.61477725118481
IND841226AAB,IND841428AAA,Stable,FTL,0.6242084,0.128125,10.53198125,82.20082926829268
IND841301AAC,IND841226AAB,Stable,Carting,0.4404089,0.12000000000000005,13.692903,114.10752499999995
IND841405AAA,IND841301AAC,Stable,Carting,0.55474114,0.256388888888889,21.244195,82.85926543878654
IND841424AAA,IND841226AAB,Stable,FTL,0.79911476,0.1883333333333333,15.890451111111112,84.37407669616522
IND841424AAA,IND841428AAA,Congested,FTL,0.8327922,0.41729166666666656,22.762941249999997,54.54923514727909
IND842001AAA,IND843105AAB,Stable,FTL,0.762283,0.11474358974358978,8.152243974358973,71.04748938547482
IND842001AAA,IND843109AAB,Stable,Carting,0.006366901,0.07774999999999999,4.643664666666666,59.72559056806003
IND842001AAA,IND843126AAA,Stable,Carting,0.3251511,0.1633333333333334,6.6790577777777775,40.89219047619046
IND842001AAA,IND843301AAA,Congested,FTL,0.6208886,0.36069444444444443,19.960638055555556,55.33946630727763
IND842001AAA,IND843320AAA,Congested,FTL,0.66817665,0.49166666666666664,17.370686666666664,35.33021016949152
IND842001AAA,IND843329AAB,Stable,FTL,0.6403419,0.16320512820512825,19.672829615384614,120.5405113904163
IND842001AAA,IND845401AAA,Stable,FTL,0.7723913,0.24328124999999995,21.3881609375,87.91536929993579
IND842001AAA,IND845412AAB,Stable,FTL,0.8582567,0.1575581395348838,14.40691325581395,91.43871143911433
IND842001AAA,IND845418AAB,Stable,FTL,0.7289618,0.2729054054054053,24.08750418918919,88.26319930675913
IND842001AAA,IND845438AAA,Stable,FTL,0.8758782,0.3792499999999999,30.2486975,79.75925510876732
IND842001AAA,IND846004AAA,Stable,FTL,0.69401985,0.2138636363636363,17.57626818181818,82.18446333687567
IND842001AAA,IND847212AAA,Stable,FTL,0.6574141,0.2929261363636364,24.398564829545453,83.292549898167
IND842001AAA,IND848101AAA,Stable,FTL,0.89509743,0.2633333333333333,14.751391666666665,56.01794303797468
IND842001AAA,IND848114AAA,Stable,FTL,0.7699932,0.19750000000000015,18.110451392405064,91.69848806281038
IND842001AAA,IND854326AAB,Stable,FTL,0.9357771,0.5366866028708136,59.06326196172249,110.05167940802814
IND842003AAB,IND480661AAA,Stable,FTL,0.8391644,0.30625,33.963215,110.90029387755101
IND842003AAB,IND480886AAA,Stable,FTL,0.78973055,0.258467741935484,22.258259032258064,86.11619719188764
IND842003AAB,IND482002AAA,Congested,Carting,0.00011276248,0.5706250000000002,3.79612625,6.652576122672507
IND842003AAB,IND483225AAA,Stable,FTL,0.696279,0.13666666666666671,10.018697499999998,73.3075426829268
IND842003AAB,IND483501AAA,Stable,FTL,0.6596192,0.25360465116279063,19.27535465116279,76.00552498853739
IND842003AAB,IND484661AAE,Stable,FTL,0.9527133,0.31050000000000016,36.322699,116.98131723027369
IND842003AAB,IND487001AAA,Stable,FTL,0.6985336,0.24125000000000013,22.386345625,92.79314248704658
IND842003AAB,IND487001AAB,Stable,FTL,0.6735985,0.23200000000000004,22.496605249999998,96.96812607758618
IND843105AAB,IND848101AAA,Stable,FTL,0.7784888,0.118625,9.554145125,80.54073867228662
IND843109AAB,IND842001AAA,Stable,Carting,0.00011732556,0.05749999999999999,4.61531,80.26626086956523
IND843109AAB,IND843126AAA,Stable,Carting,0.18255818,0.10901785714285712,9.45846875,86.76072891072893
IND843126AAA,IND842001AAA,Stable,Carting,0.5954602,0.12193548387096781,7.229077258064516,59.286083333333295
IND843126AAA,IND843109AAB,Stable,Carting,0.52603316,0.09208333333333336,11.335222499999999,123.0974389140271
IND843301AAA,IND843320AAA,Stable,Carting,0.592298,0.13125,9.70490675,73.94214666666666
IND843320AAA,IND847223AAA,Stable,Carting,0.35747933,0.1609375,8.182120625,50.840361165048535
IND843329AAB,IND843301AAA,Stable,FTL,0.8331193,0.14576923076923076,9.361522692307693,64.2215277044855
IND844101AAB,IND841207AAB,Stable,Carting,0.5811818,0.11750000000000008,8.363109999999999,71.1754042553191
IND844505AAB,IND842001AAA,Congested,FTL,0.83512014,1.3834375000000003,24.015921562499997,17.359599954822674
IND845305AAA,IND842001AAA,Congested,FTL,0.8786401,0.5076548672566374,29.191607212389375,57.50286089078703
IND845401AAA,IND845305AAA,Stable,FTL,0.82872504,0.16261363636363638,13.116727272727273,80.66191474493361
IND845412AAB,IND845401AAA,Stable,Carting,0.5848328,0.12791666666666673,12.956848333333333,101.29132247556998
IND845418AAB,IND842001AAA,Stable,FTL,0.78959054,0.33500000000000013,19.097230833333327,57.00665920398006
IND845418AAB,IND845438AAA,Stable,FTL,0.80526453,0.19709459459459472,17.31188635135135,87.8354192663695
IND845438AAA,IND845455AAB,Stable,Carting,0.5028492,0.1388333333333333,11.491170833333332,82.76953781512606
IND845455AAB,IND842001AAA,Congested,FTL,0.89317805,0.4524789915966385,34.91317676470588,77.15977407373018
IND845455AAB,IND845418AAB,Stable,FTL,0.72349477,0.29625000000000007,23.51885958333333,79.38855555555553
IND846004AAA,IND847103AAA,Stable,Carting,0.5744549,0.12000000000000005,8.787118780487804,73.22598983739833
IND846004AAA,IND847404AAB,Stable,Carting,0.44186768,0.28500000000000014,11.5248525,40.4380789473684
IND847103AAA,IND847404AAB,Stable,Carting,0.442319,0.15554054054054056,10.487198513513514,67.42421285838401
IND847212AAA,IND847226AAA,Stable,Carting,0.48069113,0.11404761904761902,12.989064166666665,113.89158559498958
IND847223AAA,IND842001AAA,Congested,FTL,0.8016078,1.3738157894736844,26.823430789473687,19.52476525237046
IND847226AAA,IND842001AAA,Congested,FTL,0.76989865,1.4168333333333332,28.658403333333332,20.227081519821198
IND847404AAB,IND842001AAA,Congested,FTL,0.7850426,1.2442391304347826,29.44246032608695,23.663023936402546
IND848101AAA,IND844505AAB,Stable,FTL,0.87586236,0.1496296296296297,9.09120462962963,60.758050742574234
IND848114AAA,IND848210AAA,Stable,Carting,0.47487298,0.11090909090909093,8.342927727272727,75.223118852459
IND848210AAA,IND842001AAA,Congested,FTL,0.74427277,0.4918750000000003,19.809941666666663,40.27434138077083
IND848210AAA,IND851127AAA,Stable,Carting,0.55090076,0.12983333333333333,10.083988833333333,77.66872015404364
IND851127AAA,IND842001AAA,Congested,FTL,0.8045064,0.5785312499999998,26.360635875,45.56475708961272
IND851127AAA,IND851112AAB,Stable,Carting,0.4206755,0.15062500000000004,11.28623125,74.92933609958504
IND852111AAA,IND852118AAA,Stable,FTL,0.70799756,0.12000000000000005,13.752917499999999,114.60764583333328
IND852111AAA,IND854311AAA,Stable,FTL,0.80279464,0.25833333333333336,17.466341666666665,67.61164516129031
IND852111AAA,IND854326AAB,Congested,FTL,0.82645655,0.539761904761905,28.67757,53.13003705337448
IND852111AAA,IND854335AAA,Stable,FTL,0.7570837,0.060000000000000026,8.191049999999999,136.51749999999993
IND852113AAA,IND852139AAB,Stable,Carting,0.5484891,0.19349999999999998,12.412588999999999,64.14774677002585
IND852113AAA,IND852201AAA,Stable,Carting,0.35982984,0.16750000000000007,7.889175,47.09955223880595
IND852118A1B,IND854326AAB,Stable,FTL,0.78846234,0.2150000000000001,18.592501666666667,86.47675193798446
IND852118AAA,IND852111AAA,Stable,FTL,0.60535336,0.17250000000000001,11.652304999999998,67.54959420289853
IND852118AAA,IND854326AAB,Stable,FTL,0.6789263,0.2016666666666668,19.47358,96.56320661157018
IND852131AAA,IND852139AAB,Stable,Carting,0.5489133,0.17749999999999996,10.407985,58.63653521126762
IND852131AAA,IND852201AAA,Stable,Carting,0.38219926,0.21296875000000004,12.171481875,57.151492296404975
IND852139AAB,IND854326AAB,Congested,FTL,0.81430125,0.3982440476190476,25.55055916666667,64.15804409236979
IND852201AAA,IND852113AAA,Stable,Carting,0.34975916,0.1648529411764706,7.848663529411764,47.61009099018733
IND852201AAA,IND852131AAA,Stable,Carting,0.32318413,0.18374999999999997,12.098187499999998,65.8404761904762
IND852201AAA,IND854326AAB,Congested,FTL,0.8174138,0.6385000000000001,27.762252,43.48042599843382
IND853204AAA,IND851204AAA,Stable,FTL,0.78708774,0.1677272727272727,16.37819484848485,97.64777416440833
IND854105AAA,IND853204AAA,Stable,FTL,0.8611422,0.1970833333333334,17.58918583333333,89.24745454545452
IND854105AAB,IND851204AAA,Stable,FTL,0.87723315,0.28325000000000006,27.411782999999996,96.77593292144745
IND854105AAB,IND853204AAA,Stable,FTL,0.8749644,0.23633333333333345,17.331022333333333,73.33295768688289
IND854311AAA,IND852118A1B,Stable,Carting,0.5190926,0.13000000000000006,9.789628333333333,75.30483333333329
IND854311AAA,IND854326AAB,Congested,FTL,0.7572472,0.31749999999999995,12.5668375,39.58059055118111
IND854311AAA,IND854334AAA,Stable,FTL,0.7348732,0.10625,8.615725,81.08917647058823
IND854326AAB,IND000000ACB,High Risk,FTL,0.9769756,2.533962736373748,225.46236758620688,88.97619698577611
IND854326AAB,IND852113AAA,Stable,FTL,0.7838508,0.33125,25.95956125,78.36848679245283
IND854326AAB,IND852131AAA,Stable,FTL,0.87070984,0.30155000000000004,27.671700700000002,91.76488376720278
IND854326AAB,IND852201AAA,Congested,FTL,0.627758,0.5439166666666665,29.749093499999997,54.694212042285905
IND854326AAB,IND854105AAA,Stable,FTL,0.8762196,0.1866666666666667,8.779015,47.03043749999999
IND854326AAB,IND854105AAB,Stable,FTL,0.76151735,0.13715909090909098,9.402239318181817,68.5498806959403
IND854326AAB,IND854311AAA,Stable,FTL,0.60609037,0.11238095238095233,11.865507499999998,105.58290572033901
IND854326AAB,IND854334AAA,Stable,FTL,0.736065,0.3241666666666667,18.059953333333333,55.711938303341896
IND854334AAA,IND852118A1B,Stable,Carting,0.4830378,0.06714285714285714,8.291575,123.4915425531915
IND854334AAA,IND852118AAA,Stable,Carting,0.5310187,0.07071428571428573,8.35848,118.20072727272725
IND854334AAA,IND854335AAA,Stable,Carting,0.37969488,0.09875000000000007,12.3410175,124.97232911392395
IND854335AAA,IND852111AAA,Stable,FTL,0.77931315,0.0861607142857143,9.208929999999999,106.8808455958549
IND854335AAA,IND852118A1B,Stable,FTL,0.8541534,0.07750000000000004,8.712935,112.42496774193542
IND854335AAA,IND854326AAB,Stable,FTL,0.7858124,0.3,21.873556249999996,72.91185416666666
