hub,in_degree,out_degree,betweenness,clustering_coefficient,bottleneck_score
IND000000AAL,0.022222222222222223,0.02040816326530612,0.0,0.0,0.010657596371882086
IND411033AAA,0.5111111111111112,0.4081632653061224,0.18374776723828398,0.06157635467980296,0.3216924777234504
IND000000AAQ,0.0,0.02040816326530612,0.0,0.0,0.00510204081632653
IND700028AAB,0.044444444444444446,0.02040816326530612,0.0016756128637375257,0.0,0.017050958359306406
IND000000AAS,0.022222222222222223,0.02040816326530612,0.013389752703175635,0.0,0.017352472723469903
IND783370AAC,0.022222222222222223,0.02040816326530612,0.013380662579140893,0.0,0.01734792766145253
IND000000AAZ,0.044444444444444446,0.04081632653061224,0.006705481496295017,0.3333333333333333,0.02466793349191168
IND444203AAA,0.044444444444444446,0.02040816326530612,0.006687301248225533,0.6666666666666666,0.019556802551550408
IND444303AAA,0.022222222222222223,0.02040816326530612,0.0,1.0,0.010657596371882086
IND000000ABA,0.022222222222222223,0.02040816326530612,0.0016831879670998113,1.0,0.011499190355431992
IND683565AAA,0.022222222222222223,0.02040816326530612,0.0016740978430650688,1.0,0.01149464529341462
IND000000ABD,0.022222222222222223,0.02040816326530612,0.0016740978430650688,0.0,0.01149464529341462
IND562132AAA,0.8,0.7142857142857142,0.586447837080737,0.05357142857142857,0.671795347111797
IND000000ABG,0.0,0.02040816326530612,0.0,0.0,0.00510204081632653
IND501359AAF,0.06666666666666667,0.0,0.0,0.0,0.016666666666666666
IND000000ACA,0.2888888888888889,0.18367346938775508,0.028564199758505705,0.11666666666666667,0.13242268944841384
IND140406AAA,0.022222222222222223,0.02040816326530612,0.001681672946427354,1.0,0.011498432845095764
IND142001AAB,0.044444444444444446,0.04081632653061224,0.009880964825765047,0.8333333333333334,0.026255675156646695
IND142401AAA,0.044444444444444446,0.02040816326530612,0.0,1.0,0.016213151927437643
IND143001AAA,0.06666666666666667,0.02040816326530612,0.0,1.0,0.021768707482993196
IND144001AAB,0.11111111111111112,0.1020408163265306,0.015074455690947904,0.26666666666666666,0.06082520970488438
IND144514AAA,0.022222222222222223,0.04081632653061224,0.001681672946427354,1.0,0.016600473661422293
IND147301AAA,0.044444444444444446,0.04081632653061224,0.0,1.0,0.021315192743764172
IND152026AAA,0.13333333333333333,0.14285714285714285,0.016943991200759935,0.19444444444444445,0.07751961464799902
IND160002AAC,0.7111111111111111,0.5918367346938775,0.2203188512507253,0.03433001107419712,0.4358963870766098
IND000000ACB,1.0,0.9999999999999999,1.0,0.03715846994535519,1.0
IND000000AEL,0.022222222222222223,0.02040816326530612,0.0,0.0,0.010657596371882086
IND110024AAA,0.06666666666666667,0.02040816326530612,0.0016862180084447253,0.3333333333333333,0.02261181648721556
IND110030AAD,0.044444444444444446,0.02040816326530612,0.0,1.0,0.016213151927437643
IND110037AAK,0.022222222222222223,0.02040816326530612,0.0,0.0,0.010657596371882086
IND110043AAA,0.06666666666666667,0.04081632653061224,0.005031383653229949,0.0,0.0293864401259347
IND110043AAC,0.022222222222222223,0.02040816326530612,0.0,0.0,0.010657596371882086
IND110052AAA,0.022222222222222223,0.02040816326530612,0.0,0.0,0.010657596371882086
IND110064AAA,0.044444444444444446,0.061224489795918366,0.0033694059755445364,0.16666666666666666,0.02810193654786297
IND110085AAB,0.08888888888888889,0.1020408163265306,0.010074887471839555,0.06666666666666667,0.05276987003977465
IND110092AAC,0.06666666666666667,0.04081632653061224,0.00335728581016488,0.3333333333333333,0.02854939120440217
IND110095AAB,0.022222222222222223,0.02040816326530612,0.0,0.0,0.010657596371882086
IND121002AAB,0.022222222222222223,0.02040816326530612,0.0,0.0,0.010657596371882086
IND121004AAB,0.2,0.14285714285714285,0.02009220415812574,0.05555555555555555,0.09576038779334858
IND122001AAA,0.044444444444444446,0.1020408163265306,0.008396244566757114,0.13333333333333333,0.04081943747612232
IND122015AAC,0.022222222222222223,0.0,0.0,0.0,0.005555555555555556
IND124103AAA,0.022222222222222223,0.02040816326530612,0.0,1.0,0.010657596371882086
IND124112AAA,0.022222222222222223,0.061224489795918366,0.0,0.8333333333333334,0.020861678004535148
IND125001AAA,0.15555555555555556,0.16326530612244897,0.02938837100432236,0.10606060606060606,0.09439940092166231
IND125005AAA,0.08888888888888889,0.1020408163265306,0.03048373095050882,0.14285714285714285,0.06297429177910928
IND125033AAA,0.044444444444444446,0.04081632653061224,0.0,0.8333333333333334,0.021315192743764172
IND127021AAA,0.044444444444444446,0.02040816326530612,0.00503592871524732,0.3333333333333333,0.0187311162850613
IND131028AAB,0.4444444444444445,0.4081632653061224,0.19603458489191086,0.03870967741935484,0.31116921988359714
IND201001AAC,0.044444444444444446,0.04081632653061224,0.003798156825849889,1.0,0.023214271156689115
IND201007AAA,0.17777777777777778,0.1020408163265306,0.015085060835655103,0.17857142857142858,0.07749717894390465
IND201301AAF,0.17777777777777778,0.061224489795918366,0.0067918376746250704,0.1388888888888889,0.06314648573073657
IND201301AAM,0.022222222222222223,0.02040816326530612,0.0,0.0,0.010657596371882086
IND209304AAA,0.35555555555555557,0.26530612244897955,0.17583935932805805,0.03463203463203463,0.24313509916516282
IND282002AAD,0.13333333333333333,0.1020408163265306,0.02260865349507694,0.2777777777777778,0.07014786416250446
IND301001AAB,0.11111111111111112,0.061224489795918366,0.013400357847882835,0.26666666666666666,0.049784079150698796
IND301705AAA,0.044444444444444446,0.02040816326530612,0.005041988797937148,0.3333333333333333,0.018734146326406215
IND302014AAA,0.22222222222222224,0.16326530612244897,0.1768150326411204,0.06666666666666667,0.184779398406728
IND302022AAD,0.022222222222222223,0.02040816326530612,0.0,0.0,0.010657596371882086
IND328001AAA,0.06666666666666667,0.061224489795918366,0.0033512257274750513,0.5,0.033648401979383784
IND382430AAB,0.37777777777777777,0.26530612244897955,0.13072355872295877,0.03985507246376811,0.2261327544181687
IND390022AAA,0.11111111111111112,0.08163265306122448,0.02147087297006168,0.26666666666666666,0.05892137752811474
IND421302AAG,0.6444444444444445,0.5918367346938775,0.18504462493390725,0.06156156156156156,0.4015926072515341
IND462022AAA,0.2888888888888889,0.18367346938775508,0.1234378243091127,0.0718954248366013,0.17985950172371734
IND474003AAA,0.17777777777777778,0.12244897959183673,0.03411826554373335,0.10606060606060606,0.0921158221142703
IND501359AAE,0.6666666666666667,0.5510204081632653,0.37310262598533156,0.042682926829268296,0.49097308170014875
IND521225AAB,0.17777777777777778,0.16326530612244897,0.04972903855273106,0.10256410256410256,0.1101252902514222
IND600056AAB,0.4,0.36734693877551017,0.1668083210995414,0.05928853754940711,0.27524089524364825
IND712311AAA,0.5333333333333333,0.44897959183673464,0.3643412614365123,0.0392156862745098,0.4277488620107731
IND751002AAB,0.2888888888888889,0.12244897959183673,0.0885908338219275,0.10833333333333334,0.14712988403114516
IND821115AAB,0.13333333333333333,0.1020408163265306,0.03469700344061195,0.1388888888888889,0.07619203913527196
IND834002AAB,0.11111111111111112,0.14285714285714285,0.01843325652178524,0.15555555555555556,0.0727086917529561
IND842001AAA,0.26666666666666666,0.3061224489795918,0.10255326433929192,0.057971014492753624,0.1944739110812106
IND000000ACK,0.0,0.02040816326530612,0.0,0.0,0.00510204081632653
IND000000ACN,0.022222222222222223,0.02040816326530612,1.5150206724570758e-06,0.0,0.010658353882218315
IND000000ACT,0.0,0.061224489795918366,0.0,1.0,0.015306122448979591
IND000000ADM,0.022222222222222223,0.02040816326530612,0.0,0.0,0.010657596371882086
IND683511AAA,0.2888888888888889,0.14285714285714285,0.09454032000266645,0.029411764705882353,0.15520666793784116
IND000000ADV,0.0,0.02040816326530612,0.0,0.0,0.00510204081632653
IND600044AAC,0.06666666666666667,0.0,0.0,0.0,0.016666666666666666
IND000000AEM,0.0,0.04081632653061224,0.0,0.0,0.01020408163265306
IND110037AAB,0.022222222222222223,0.0,0.0,0.0,0.005555555555555556
IND110064AAB,0.022222222222222223,0.0,0.0,0.0,0.005555555555555556
IND000000AET,0.022222222222222223,0.02040816326530612,0.013398842827210378,0.0,0.017357017785487275
IND000000AFF,0.022222222222222223,0.02040816326530612,1.5150206724570758e-06,0.0,0.010658353882218315
IND734203AAA,0.022222222222222223,0.0,0.0,0.0,0.005555555555555556
IND000000AFG,0.0,0.04081632653061224,0.0,0.0,0.01020408163265306
IND673027AAB,0.022222222222222223,0.04081632653061224,4.545062017371228e-06,0.3333333333333333,0.0157619097192173
IND673632AAA,0.044444444444444446,0.08163265306122448,0.010118823071340809,0.06666666666666667,0.03657868591208764
IND000000AFJ,0.022222222222222223,0.04081632653061224,3.0300413449141517e-06,1.0,0.015761152208881073
IND695121AAA,0.022222222222222223,0.04081632653061224,0.0016953081324794677,0.6666666666666666,0.01660729125444835
IND695572AAB,0.06666666666666667,0.04081632653061224,4.545062017371228e-06,0.6666666666666666,0.026873020830328415
IND000000AFR,0.0,0.02040816326530612,0.0,0.0,0.00510204081632653
IND000000AFT,0.11111111111111112,0.16326530612244897,0.020119474530229966,0.07142857142857142,0.078653841573505
IND400072AAB,0.24444444444444446,0.22448979591836732,0.020907285279907643,0.07692307692307693,0.12768720273065676
IND400701AAA,0.022222222222222223,0.04081632653061224,0.003367890954872079,0.3333333333333333,0.017443582665644657
IND400706AAA,0.022222222222222223,0.02040816326530612,0.0,0.0,0.010657596371882086
IND410206AAA,0.044444444444444446,0.02040816326530612,0.0016710678017201547,1.0,0.01704868582829772
IND410206AAB,0.022222222222222223,0.02040816326530612,0.0,0.0,0.010657596371882086
IND410209AAA,0.022222222222222223,0.0,0.0,0.0,0.005555555555555556
IND410210AAA,0.022222222222222223,0.0,0.0,0.0,0.005555555555555556
IND110014AAA,0.022222222222222223,0.02040816326530612,0.0,0.0,0.010657596371882086
IND110020AAB,0.022222222222222223,0.02040816326530612,0.0,0.0,0.010657596371882086
IND110037AAM,0.4666666666666667,0.4897959183673469,0.18172369961988133,0.07056451612903226,0.32997749606844407
IND110035AAC,0.022222222222222223,0.02040816326530612,0.0,0.0,0.010657596371882086
IND201301AAD,0.022222222222222223,0.02040816326530612,0.0,0.0,0.010657596371882086
IND202001AAB,0.08888888888888889,0.08163265306122448,0.010053677182425154,0.26666666666666666,0.04765722407874092
IND226004AAC,0.022222222222222223,0.0,0.0,0.0,0.005555555555555556
IND250002AAC,0.044444444444444446,0.0,0.0,1.0,0.011111111111111112
IND282001AAA,0.044444444444444446,0.04081632653061224,0.0,1.0,0.021315192743764172
IND282001AAC,0.022222222222222223,0.02040816326530612,0.0,1.0,0.010657596371882086
IND781018AAB,0.37777777777777777,0.3061224489795918,0.18251454041090392,0.03162055335968379,0.26223232689479437
IND811399AAA,0.022222222222222223,0.04081632653061224,0.0016740978430650688,0.6666666666666666,0.01659668610974115
IND110039AAA,0.022222222222222223,0.02040816326530612,0.0,0.0,0.010657596371882086
IND110078AAA,0.022222222222222223,0.02040816326530612,0.0,0.0,0.010657596371882086
IND110044AAB,0.044444444444444446,0.12244897959183673,0.010062767306459898,0.39285714285714285,0.046754739662300246
IND110005AAA,0.022222222222222223,0.0,0.0,0.0,0.005555555555555556
IND110046AAA,0.022222222222222223,0.0,0.0,0.0,0.005555555555555556
IND110077AAA,0.0,0.02040816326530612,0.0,0.0,0.00510204081632653
IND110083AAA,0.022222222222222223,0.02040816326530612,0.0,0.0,0.010657596371882086
IND110085AAA,0.022222222222222223,0.0,0.0,0.0,0.005555555555555556
IND110087AAA,0.022222222222222223,0.0,0.0,0.0,0.005555555555555556
IND110093AAA,0.022222222222222223,0.02040816326530612,0.0,0.0,0.010657596371882086
IND121001AAA,0.022222222222222223,0.02040816326530612,0.0,0.0,0.010657596371882086
IND121002AAA,0.022222222222222223,0.02040816326530612,0.0,0.0,0.010657596371882086
IND121004AAA,0.022222222222222223,0.02040816326530612,0.0,0.0,0.010657596371882086
IND121004AAC,0.022222222222222223,0.02040816326530612,0.0,0.0,0.010657596371882086
IND121102AAA,0.022222222222222223,0.02040816326530612,0.0,0.0,0.010657596371882086
IND122001AAD,0.022222222222222223,0.02040816326530612,0.0,1.0,0.010657596371882086
IND122050AAA,0.044444444444444446,0.0,0.0,1.0,0.011111111111111112
IND122101AAC,0.022222222222222223,0.0,0.0,0.0,0.005555555555555556
IND122001AAJ,0.022222222222222223,0.02040816326530612,0.00503592871524732,0.0,0.013175560729505747
IND507123AAA,0.022222222222222223,0.02040816326530612,0.005026838591212577,0.0,0.013171015667488375
IND122002AAD,0.0,0.02040816326530612,0.0,0.0,0.00510204081632653
IND122503AAA,0.022222222222222223,0.02040816326530612,0.001677127884409983,0.0,0.011496160314087078
IND122004AAA,0.0,0.04081632653061224,0.0,0.0,0.01020408163265306
IND122413AAE,0.022222222222222223,0.0,0.0,0.0,0.005555555555555556
IND123001AAA,0.044444444444444446,0.02040816326530612,0.006708511537639932,0.3333333333333333,0.01956740769625761
IND123401AAB,0.022222222222222223,0.04081632653061224,0.006699421413605189,0.0,0.01910934789501121
IND123106AAB,0.022222222222222223,0.0,0.0,0.0,0.005555555555555556
IND124001AAB,0.022222222222222223,0.02040816326530612,0.005045018839282062,0.0,0.013180105791523115
IND126102AAA,0.022222222222222223,0.04081632653061224,0.00503592871524732,0.3333333333333333,0.018277601545832276
IND124141AAA,0.022222222222222223,0.02040816326530612,0.0050177484671778344,0.0,0.013166470605471003
IND124507AAA,0.044444444444444446,0.04081632653061224,0.00335728581016488,0.0,0.022993835648846613
IND131028AAE,0.022222222222222223,0.02040816326530612,0.0,0.0,0.010657596371882086
IND125047AAB,0.044444444444444446,0.04081632653061224,0.0017240935252561523,0.3333333333333333,0.02217723950639225
IND125051AAA,0.06666666666666667,0.02040816326530612,0.006705481496295017,0.3333333333333333,0.025121448231140705
IND335501AAA,0.022222222222222223,0.02040816326530612,0.0016831879670998113,1.0,0.011499190355431992
IND335513AAA,0.06666666666666667,0.061224489795918366,0.02009068913745328,0.06666666666666667,0.0420181336843729
IND335523AAB,0.06666666666666667,0.02040816326530612,0.0016740978430650688,0.6666666666666666,0.02260575640452573
IND335524AAA,0.044444444444444446,0.02040816326530612,0.0,0.6666666666666666,0.016213151927437643
IND125050AAA,0.022222222222222223,0.02040816326530612,0.0,1.0,0.010657596371882086
IND125111AAA,0.022222222222222223,0.02040816326530612,0.006696391372260275,0.0,0.014005792058012223
IND125104AAA,0.022222222222222223,0.02040816326530612,0.011664144157247026,0.0,0.016489668450505597
IND125121AAA,0.022222222222222223,0.02040816326530612,0.006687301248225533,0.0,0.014001246995994851
IND126116AAA,0.022222222222222223,0.02040816326530612,0.0,1.0,0.010657596371882086
IND131301AAA,0.044444444444444446,0.02040816326530612,0.0050177484671778344,0.3333333333333333,0.01872202616102656
IND126112AAA,0.0,0.02040816326530612,0.0,0.0,0.00510204081632653
IND127201AAA,0.022222222222222223,0.02040816326530612,0.005026838591212577,0.0,0.013171015667488375
IND131021AAA,0.0,0.02040816326530612,0.0,0.0,0.00510204081632653
IND131028AAA,0.022222222222222223,0.0,0.0,0.0,0.005555555555555556
IND132103AAA,0.044444444444444446,0.04081632653061224,0.00503592871524732,1.0,0.02383315710138783
IND136118AAA,0.022222222222222223,0.02040816326530612,0.005058654025334176,0.0,0.013186923384549173
IND201204AAA,0.022222222222222223,0.02040816326530612,0.0,1.0,0.010657596371882086
IND244001AAA,0.022222222222222223,0.02040816326530612,0.015025975029429277,1.0,0.018170583886596724
IND244235AAA,0.022222222222222223,0.02040816326530612,0.02983227206135228,0.0,0.025573732402558225
IND247667AAA,0.022222222222222223,0.02040816326530612,0.0,1.0,0.010657596371882086
IND247667AAB,0.022222222222222223,0.02040816326530612,0.0,1.0,0.010657596371882086
IND248001AAA,0.06666666666666667,0.02040816326530612,0.006694876351587818,0.0,0.025116145658787104
IND248001AAD,0.044444444444444446,0.02040816326530612,0.0,0.0,0.016213151927437643
IND249407AAA,0.11111111111111112,0.061224489795918366,0.016747038513340515,0.2,0.051457419483427635
IND250002AAA,0.06666666666666667,0.02040816326530612,0.00502532357054012,0.6666666666666666,0.024281369268263256
IND250609AAA,0.022222222222222223,0.0,0.0,0.0,0.005555555555555556
IND250611AAA,0.022222222222222223,0.02040816326530612,0.0033648609135271653,0.0,0.01234002682864567
IND251001AAA,0.022222222222222223,0.02040816326530612,0.0016831879670998113,0.0,0.011499190355431992
IND132001AAA,0.044444444444444446,0.061224489795918366,0.0016847029877722682,0.6666666666666666,0.027259585053976836
IND132103AAB,0.022222222222222223,0.04081632653061224,0.0,1.0,0.015759637188208615
IND133004AAA,0.0,0.02040816326530612,0.0,0.0,0.00510204081632653
IND135001AAA,0.044444444444444446,0.02040816326530612,0.00335728581016488,0.3333333333333333,0.017891794832520083
IND134102AAA,0.044444444444444446,0.02040816326530612,0.0,0.3333333333333333,0.016213151927437643
IND174103AAA,0.08888888888888889,0.02040816326530612,0.0033451656447852232,0.5,0.028996845860941364
IND134109AAA,0.0,0.02040816326530612,0.0,0.0,0.00510204081632653
IND134203AAA,0.022222222222222223,0.04081632653061224,0.0016831879670998113,1.0,0.01660123117175852
IND140501AAA,0.022222222222222223,0.02040816326530612,0.0,1.0,0.010657596371882086
IND173025AAA,0.022222222222222223,0.02040816326530612,0.0033481956861301375,1.0,0.012331694214947155
IND136027AAA,0.022222222222222223,0.02040816326530612,0.0016892480497896396,0.0,0.011502220396776907
IND132039AAA,0.022222222222222223,0.0,0.0,0.0,0.005555555555555556
IND136128AAA,0.022222222222222223,0.02040816326530612,0.003375466058234365,0.0,0.012345329400999267
IND140001AAA,0.022222222222222223,0.02040816326530612,0.0016831879670998113,0.0,0.011499190355431992
IND140118AAA,0.022222222222222223,0.02040816326530612,0.0016740978430650688,0.0,0.01149464529341462
IND140301AAA,0.022222222222222223,0.04081632653061224,0.0033648609135271653,0.3333333333333333,0.0174420676449722
IND140901AAA,0.044444444444444446,0.04081632653061224,0.0016710678017201547,0.6666666666666666,0.02215072664462425
IND140401AAA,0.044444444444444446,0.061224489795918366,0.0016756128637375257,0.5,0.027255039991959468
IND160055AAA,0.044444444444444446,0.02040816326530612,0.0,1.0,0.016213151927437643
IND141003AAB,0.0,0.061224489795918366,0.0,1.0,0.015306122448979591
IND141109AAA,0.044444444444444446,0.02040816326530612,0.001677127884409983,1.0,0.017051715869642634
IND142026AAA,0.022222222222222223,0.04081632653061224,0.0,1.0,0.015759637188208615
IND141010AAA,0.0,0.02040816326530612,0.0,0.0,0.00510204081632653
IND141115AAA,0.044444444444444446,0.02040816326530612,0.0016756128637375257,0.3333333333333333,0.017050958359306406
IND151001AAA,0.13333333333333333,0.08163265306122448,0.03162908657888637,0.14285714285714285,0.06955603988808264
IND144001AAA,0.022222222222222223,0.02040816326530612,0.0,1.0,0.010657596371882086
IND144040AAA,0.044444444444444446,0.02040816326530612,0.00334668066545768,0.6666666666666666,0.017886492260166482
IND144401AAB,0.022222222222222223,0.02040816326530612,0.0,0.0,0.010657596371882086
IND144601AAA,0.022222222222222223,0.04081632653061224,0.0033648609135271653,0.6666666666666666,0.0174420676449722
IND144001AAC,0.0,0.04081632653061224,0.0,1.0,0.01020408163265306
IND144527AAA,0.0,0.02040816326530612,0.0,0.0,0.00510204081632653
IND145001AAA,0.022222222222222223,0.04081632653061224,4.545062017371228e-06,0.6666666666666666,0.0157619097192173
IND176201AAA,0.022222222222222223,0.02040816326530612,0.0,1.0,0.010657596371882086
IND176303AAA,0.044444444444444446,0.02040816326530612,4.545062017371228e-06,0.6666666666666666,0.01621542445844633
IND147001AAB,0.044444444444444446,0.04081632653061224,0.0033512257274750513,0.0,0.022990805607501698
IND147201AAA,0.044444444444444446,0.02040816326530612,4.545062017371228e-06,0.3333333333333333,0.01621542445844633
IND147001AAD,0.044444444444444446,0.061224489795918366,0.0050495639012994335,0.16666666666666666,0.02894201551074042
IND148023AAA,0.044444444444444446,0.04081632653061224,0.003375466058234365,0.16666666666666666,0.023002925772881357
IND147101AAA,0.044444444444444446,0.04081632653061224,0.0016740978430650688,1.0,0.022152241665296706
IND147105AAA,0.044444444444444446,0.04081632653061224,0.0,1.0,0.021315192743764172
IND148001AAA,0.022222222222222223,0.0,0.0,0.0,0.005555555555555556
IND148024AAB,0.022222222222222223,0.0,0.0,0.0,0.005555555555555556
IND148028AAA,0.0,0.04081632653061224,0.0,0.0,0.01020408163265306
IND148101AAA,0.022222222222222223,0.02040816326530612,0.0016831879670998113,1.0,0.011499190355431992
IND148102AAA,0.022222222222222223,0.02040816326530612,0.0016740978430650688,1.0,0.01149464529341462
IND151103AAA,0.022222222222222223,0.02040816326530612,0.0,0.0,0.010657596371882086
IND151302AAA,0.022222222222222223,0.02040816326530612,0.0033648609135271653,0.0,0.01234002682864567
IND151505AAA,0.022222222222222223,0.02040816326530612,0.0033557707894924225,0.0,0.012335481766628298
IND151506AAA,0.022222222222222223,0.02040816326530612,0.00334668066545768,0.0,0.012330936704610926
IND152024AAA,0.022222222222222223,0.02040816326530612,0.0016831879670998113,1.0,0.011499190355431992
IND152123AAA,0.022222222222222223,0.02040816326530612,0.0016740978430650688,1.0,0.01149464529341462
IND152101AAA,0.022222222222222223,0.02040816326530612,0.0,0.0,0.010657596371882086
IND152107AAA,0.044444444444444446,0.02040816326530612,0.0,1.0,0.016213151927437643
IND152116AAA,0.022222222222222223,0.04081632653061224,0.0,1.0,0.015759637188208615
IND140603AAA,0.022222222222222223,0.0,0.0,0.0,0.005555555555555556
IND160003AAA,0.022222222222222223,0.02040816326530612,0.0,0.0,0.010657596371882086
IND160102AAC,0.022222222222222223,0.02040816326530612,0.0,0.0,0.010657596371882086
IND173212AAA,0.044444444444444446,0.08163265306122448,0.0033648609135271653,0.5,0.033201704833180815
IND174001AAA,0.044444444444444446,0.02040816326530612,0.010058222244442526,0.0,0.021242263049658903
IND174307AAA,0.022222222222222223,0.02040816326530612,0.0,1.0,0.010657596371882086
IND176041AAA,0.044444444444444446,0.0,0.0,1.0,0.011111111111111112
IND181152AAA,0.06666666666666667,0.02040816326530612,0.00167864290508244,1.0,0.022608028935534416
IND184104AAA,0.044444444444444446,0.08163265306122448,0.00335728581016488,0.8333333333333334,0.03319791728149967
IND160102AAD,0.0,0.04081632653061224,0.0,0.0,0.01020408163265306
IND160002AAD,0.022222222222222223,0.0,0.0,0.0,0.005555555555555556
IND173220AAA,0.022222222222222223,0.04081632653061224,0.0,1.0,0.015759637188208615
IND175018AAA,0.022222222222222223,0.02040816326530612,0.010049132120407783,0.0,0.015682162432085978
IND174021AAA,0.0,0.02040816326530612,0.0,0.0,0.00510204081632653
IND176048AAA,0.022222222222222223,0.02040816326530612,0.00167864290508244,0.0,0.011496917824423306
IND174101AAB,0.0,0.04081632653061224,0.0,0.0,0.01020408163265306
IND175001AAA,0.022222222222222223,0.02040816326530612,0.010040041996373041,0.0,0.015677617370068606
IND175101AAA,0.022222222222222223,0.02040816326530612,0.010030951872338299,0.0,0.015673072308051234
IND175015AAA,0.022222222222222223,0.02040816326530612,0.003354255768819966,0.0,0.01233472425629207
IND176061AAA,0.022222222222222223,0.02040816326530612,0.001677127884409983,0.0,0.011496160314087078
IND176110AAB,0.022222222222222223,0.02040816326530612,0.00167864290508244,0.0,0.011496917824423306
IND177033AAA,0.022222222222222223,0.02040816326530612,0.003354255768819966,0.0,0.01233472425629207
IND176215AAA,0.0,0.02040816326530612,0.0,0.0,0.00510204081632653
IND176310AAA,0.022222222222222223,0.02040816326530612,4.545062017371228e-06,1.0,0.010659868902890772
IND177001AAA,0.0,0.02040816326530612,0.0,0.0,0.00510204081632653
IND177101AAA,0.022222222222222223,0.04081632653061224,3.0300413449141517e-06,0.0,0.015761152208881073
IND176001AAA,0.022222222222222223,0.0,0.0,0.0,0.005555555555555556
IND176001AAB,0.022222222222222223,0.0,0.0,0.0,0.005555555555555556
IND177203AAA,0.0,0.02040816326530612,0.0,0.0,0.00510204081632653
IND184121AAA,0.06666666666666667,0.08163265306122448,0.001680157925754897,0.8333333333333334,0.03791490889485023
IND181152AAB,0.06666666666666667,0.061224489795918366,0.00335728581016488,0.5,0.0336514320207287
IND181201AAB,0.022222222222222223,0.02040816326530612,0.0,0.0,0.010657596371882086
IND201001AAA,0.022222222222222223,0.02040816326530612,0.0,0.0,0.010657596371882086
IND201005AAA,0.022222222222222223,0.02040816326530612,0.0,0.0,0.010657596371882086
IND201007AAB,0.022222222222222223,0.061224489795918366,0.008340188801876201,0.6666666666666666,0.025031772405473246
IND245101AAA,0.044444444444444446,0.04081632653061224,0.0,1.0,0.021315192743764172
IND245304AAA,0.044444444444444446,0.04081632653061224,0.0,1.0,0.021315192743764172
IND201301AAL,0.044444444444444446,0.04081632653061224,0.0017028832358417531,0.0,0.022166634361685048
IND201304AAA,0.044444444444444446,0.02040816326530612,0.0,1.0,0.016213151927437643
IND203205AAA,0.022222222222222223,0.0,0.0,0.0,0.005555555555555556
IND201307AAA,0.022222222222222223,0.02040816326530612,0.0,0.0,0.010657596371882086
IND201306AAA,0.0,0.04081632653061224,0.0,1.0,0.01020408163265306
IND205001AAB,0.06666666666666667,0.1020408163265306,0.02674920499290213,0.25,0.05555147324475038
IND207123AAA,0.022222222222222223,0.02040816326530612,0.0,0.0,0.010657596371882086
IND202001AAC,0.0,0.02040816326530612,0.0,0.0,0.00510204081632653
IND204215AAA,0.022222222222222223,0.02040816326530612,0.001680157925754897,0.0,0.011497675334759535
IND203001AAA,0.0,0.02040816326530612,0.0,0.0,0.00510204081632653
IND203131AAA,0.022222222222222223,0.02040816326530612,1.2120165379656607e-05,0.0,0.010663656454571915
IND203135AAA,0.022222222222222223,0.04081632653061224,2.121028941439906e-05,0.3333333333333333,0.015770242332915817
IND203390AAA,0.044444444444444446,0.02040816326530612,3.0300413449141515e-05,0.3333333333333333,0.016228302134162213
IND203396AAB,0.022222222222222223,0.02040816326530612,0.0,1.0,0.010657596371882086
IND204101AAA,0.022222222222222223,0.04081632653061224,0.0,1.0,0.015759637188208615
IND207001AAA,0.022222222222222223,0.02040816326530612,0.00335728581016488,0.0,0.012336239276964527
IND205135AAA,0.022222222222222223,0.02040816326530612,0.0016831879670998113,1.0,0.011499190355431992
IND209625AAA,0.044444444444444446,0.02040816326530612,0.010067312368477268,0.3333333333333333,0.021246808111676275
IND209721AAB,0.022222222222222223,0.02040816326530612,0.0,1.0,0.010657596371882086
IND283203AAA,0.044444444444444446,0.04081632653061224,0.0016740978430650688,0.6666666666666666,0.022152241665296706
IND206001AAA,0.022222222222222223,0.02040816326530612,0.0016740978430650688,0.0,0.01149464529341462
IND206122AAA,0.022222222222222223,0.02040816326530612,0.0016831879670998113,0.0,0.011499190355431992
IND207302AAA,0.022222222222222223,0.02040816326530612,0.005031383653229949,0.0,0.01317328819849706
IND207247AAB,0.044444444444444446,0.02040816326530612,0.010021861748303556,0.3333333333333333,0.021224082801589418
IND208006AAA,0.022222222222222223,0.02040816326530612,0.0,0.0,0.010657596371882086
IND208012AAA,0.022222222222222223,0.02040816326530612,0.0,0.0,0.010657596371882086
IND208017AAA,0.0,0.02040816326530612,0.0,0.0,0.00510204081632653
IND208019AAA,0.022222222222222223,0.02040816326530612,0.0,0.0,0.010657596371882086
IND209101AAA,0.022222222222222223,0.02040816326530612,0.006723661744364502,0.0,0.014019427244064336
IND209111AAA,0.022222222222222223,0.02040816326530612,0.00671457162032976,0.0,0.014014882182046967
IND285001AAD,0.022222222222222223,0.02040816326530612,0.006705481496295017,0.0,0.014010337120029595
IND209206AAB,0.022222222222222223,0.02040816326530612,0.0016862180084447253,0.0,0.01150070537610445
IND210301AAA,0.022222222222222223,0.0,0.0,0.0,0.005555555555555556
IND209801AAA,0.022222222222222223,0.02040816326530612,0.0,0.0,0.010657596371882086
IND211002AAB,0.13333333333333333,0.08163265306122448,0.03665895521144386,0.027777777777777776,0.07207097420436138
IND212601AAA,0.022222222222222223,0.02040816326530612,0.0033648609135271653,0.0,0.01234002682864567
IND221313AAA,0.022222222222222223,0.12244897959183673,0.0370634657309899,0.047619047619047616,0.05469953331900969
IND241124AAB,0.022222222222222223,0.02040816326530612,0.010058222244442526,0.0,0.01568670749410335
IND210001AAA,0.022222222222222223,0.02040816326530612,0.0033557707894924225,0.0,0.012335481766628298
IND210427AAA,0.022222222222222223,0.02040816326530612,0.00334668066545768,0.0,0.012330936704610926
IND210431AAA,0.022222222222222223,0.02040816326530612,0.006687301248225533,0.0,0.014001246995994851
IND210501AAB,0.0,0.02040816326530612,0.0,0.0,0.00510204081632653
IND211011AAA,0.022222222222222223,0.02040816326530612,0.0033648609135271653,0.0,0.01234002682864567
IND211013AAA,0.022222222222222223,0.0,0.0,0.0,0.005555555555555556
IND485001AAC,0.044444444444444446,0.1020408163265306,0.01176565054230165,0.23809523809523808,0.042504140463894585
IND211008AAA,0.0,0.02040816326530612,0.0,0.0,0.00510204081632653
IND211010AAB,0.0,0.02040816326530612,0.0,0.0,0.00510204081632653
IND212501AAA,0.022222222222222223,0.02040816326530612,0.0033557707894924225,0.0,0.012335481766628298
IND212402AAA,0.022222222222222223,0.02040816326530612,0.00334668066545768,0.0,0.012330936704610926
IND221010AAA,0.022222222222222223,0.02040816326530612,0.0016862180084447253,0.0,0.01150070537610445
IND221005A1A,0.022222222222222223,0.0,0.0,0.0,0.005555555555555556
IND221010AAB,0.044444444444444446,0.061224489795918366,0.011906547464840158,0.1,0.032370507292510786
IND222001AAA,0.044444444444444446,0.02040816326530612,1.9695268741941983e-05,0.0,0.016222999561808612
IND232101AAB,0.044444444444444446,0.02040816326530612,0.018580213527013577,0.3333333333333333,0.025503258690944428
IND233001AAA,0.022222222222222223,0.04081632653061224,0.008468965559035053,0.3333333333333333,0.01999411996772614
IND221303AAA,0.022222222222222223,0.02040816326530612,0.0016877330291171825,0.0,0.011501462886440678
IND231001AAA,0.022222222222222223,0.0,0.0,0.0,0.005555555555555556
IND221401AAA,0.022222222222222223,0.02040816326530612,0.0033724360168894507,0.0,0.012343814380326812
IND222136AAA,0.044444444444444446,0.0,0.0,0.0,0.011111111111111112
IND276128AAA,0.022222222222222223,0.02040816326530612,0.005058654025334176,0.0,0.013186923384549173
IND221706AAA,0.022222222222222223,0.02040816326530612,0.0050813793354210325,0.0,0.013198286039592604
IND273014AAB,0.13333333333333333,0.12244897959183673,0.025394776511725503,0.0,0.07664296648715527
IND222125AAB,0.022222222222222223,0.02040816326530612,9.090124034742456e-06,0.0,0.010662141433899458
IND223101AAB,0.022222222222222223,0.02040816326530612,0.0016953081324794677,0.0,0.01150525043812182
IND224001AAA,0.0,0.02040816326530612,0.0,0.0,0.00510204081632653
IND224141AAB,0.022222222222222223,0.02040816326530612,1.5150206724570758e-06,0.0,0.010658353882218315
IND224122AAA,0.022222222222222223,0.0,0.0,0.0,0.005555555555555556
IND226004AAA,0.0,0.04081632653061224,0.0,0.0,0.01020408163265306
IND226016AAA,0.022222222222222223,0.0,0.0,0.0,0.005555555555555556
IND226024AAA,0.022222222222222223,0.0,0.0,0.0,0.005555555555555556
IND231205AAA,0.022222222222222223,0.02040816326530612,0.0,1.0,0.010657596371882086
IND231216AAA,0.044444444444444446,0.0,0.0,1.0,0.011111111111111112
IND231208AAA,0.0,0.02040816326530612,0.0,0.0,0.00510204081632653
IND231217AAA,0.022222222222222223,0.02040816326530612,7.575103362285379e-06,0.0,0.01066138392356323
IND231225AAB,0.022222222222222223,0.02040816326530612,1.2120165379656607e-05,0.0,0.010663656454571915
IND486886AAA,0.022222222222222223,0.02040816326530612,1.3635186052113681e-05,0.0,0.010664413964908144
IND232104AAB,0.022222222222222223,0.061224489795918366,0.016900055601258682,0.16666666666666666,0.029311705805164488
IND232327AAA,0.022222222222222223,0.0,0.0,0.0,0.005555555555555556
IND233221AAC,0.022222222222222223,0.0,0.0,0.0,0.005555555555555556
IND275101AAA,0.022222222222222223,0.02040816326530612,0.0,1.0,0.010657596371882086
IND275503AAA,0.044444444444444446,0.02040816326530612,0.005108649707525259,0.3333333333333333,0.01876747678120027
IND242001AAA,0.022222222222222223,0.02040816326530612,0.010049132120407783,0.0,0.015682162432085978
IND242307AAB,0.022222222222222223,0.04081632653061224,0.010040041996373041,0.3333333333333333,0.020779658186395135
IND242221AAA,0.022222222222222223,0.02040816326530612,0.0,1.0,0.010657596371882086
IND243001AAA,0.0,0.04081632653061224,0.0,1.0,0.01020408163265306
IND243503AAB,0.06666666666666667,0.02040816326530612,0.0016740978430650688,0.6666666666666666,0.02260575640452573
IND244901AAB,0.22222222222222224,0.14285714285714285,0.05825557489731948,0.08333333333333333,0.12039762871850102
IND243002AAA,0.022222222222222223,0.02040816326530612,0.001681672946427354,1.0,0.011498432845095764
IND243201AAA,0.044444444444444446,0.02040816326530612,0.0,1.0,0.016213151927437643
IND262001AAA,0.044444444444444446,0.04081632653061224,0.006696391372260275,0.6666666666666666,0.02466338842989431
IND243301AAB,0.022222222222222223,0.04081632653061224,0.0016831879670998113,0.3333333333333333,0.01660123117175852
IND244901AAC,0.022222222222222223,0.02040816326530612,4.545062017371228e-06,0.0,0.010659868902890772
IND263153AAB,0.13333333333333333,0.14285714285714285,0.03008073545163524,0.14545454545454545,0.08408798677343667
IND244221AAA,0.022222222222222223,0.02040816326530612,0.031345777713136895,0.0,0.026330485228450533
IND244301AAA,0.022222222222222223,0.02040816326530612,0.005045018839282062,1.0,0.013180105791523115
IND244412AAA,0.022222222222222223,0.04081632653061224,0.00503592871524732,0.6666666666666666,0.018277601545832276
IND244501AAA,0.022222222222222223,0.02040816326530612,0.0,1.0,0.010657596371882086
IND244601AAB,0.044444444444444446,0.02040816326530612,0.0016740978430650688,0.6666666666666666,0.017050200848970177
IND244713AAA,0.06666666666666667,0.04081632653061224,0.0,1.0,0.02687074829931973
IND244715AAA,0.044444444444444446,0.04081632653061224,0.001681672946427354,1.0,0.02215602921697785
IND263401AAA,0.06666666666666667,0.04081632653061224,0.0033451656447852232,1.0,0.02854333112171234
IND244921AAB,0.044444444444444446,0.04081632653061224,0.005032898673902406,0.5,0.023831642080715375
IND246725AAB,0.022222222222222223,0.02040816326530612,0.008400789628774486,0.0,0.014857991186269327
IND246001AAA,0.0,0.02040816326530612,0.0,0.0,0.00510204081632653
IND249201AAA,0.044444444444444446,0.04081632653061224,0.006725176765036959,0.0,0.024677781126282654
IND246149AAA,0.022222222222222223,0.02040816326530612,0.0,0.0,0.010657596371882086
IND246174AAA,0.044444444444444446,0.02040816326530612,0.0033739510375619076,0.3333333333333333,0.017900127446218595
IND246444AAB,0.022222222222222223,0.02040816326530612,0.0016877330291171825,1.0,0.011501462886440678
IND246424AAA,0.022222222222222223,0.02040816326530612,1.5150206724570758e-06,1.0,0.010658353882218315
IND246701AAA,0.022222222222222223,0.02040816326530612,0.008391699504739744,0.0,0.014853446124251959
IND246763AAA,0.022222222222222223,0.04081632653061224,0.008382609380705001,0.3333333333333333,0.01995094187856112
IND246761AAA,0.022222222222222223,0.061224489795918366,0.0033648609135271653,0.5,0.02254410846129873
IND247554AAA,0.022222222222222223,0.04081632653061224,0.0016740978430650688,0.0,0.01659668610974115
IND247776AAA,0.022222222222222223,0.02040816326530612,0.0033557707894924225,0.0,0.012335481766628298
IND251309AAB,0.022222222222222223,0.02040816326530612,0.00334668066545768,0.0,0.012330936704610926
IND248122AAB,0.022222222222222223,0.02040816326530612,0.001677127884409983,0.0,0.011496160314087078
IND248197AAA,0.0,0.02040816326530612,0.0,0.0,0.00510204081632653
IND250221AAA,0.0,0.02040816326530612,0.0,0.0,0.00510204081632653
IND251201AAA,0.022222222222222223,0.04081632653061224,0.001677127884409983,0.3333333333333333,0.016598201130413607
IND261001AAA,0.022222222222222223,0.02040816326530612,4.545062017371228e-06,0.0,0.010659868902890772
IND262701AAA,0.022222222222222223,0.02040816326530612,6.060082689828303e-06,0.0,0.010660626413227
IND261201AAB,0.0,0.02040816326530612,0.0,0.0,0.00510204081632653
IND262122AAB,0.022222222222222223,0.02040816326530612,0.0,1.0,0.010657596371882086
IND262405AAA,0.0,0.02040816326530612,0.0,0.0,0.00510204081632653
IND262501AAA,0.044444444444444446,0.02040816326530612,0.0,1.0,0.016213151927437643
IND262802AAA,0.022222222222222223,0.02040816326530612,4.545062017371228e-06,0.0,0.010659868902890772
IND262723AAB,0.022222222222222223,0.0,0.0,0.0,0.005555555555555556
IND263002AAA,0.022222222222222223,0.02040816326530612,0.0,1.0,0.010657596371882086
IND263645AAA,0.06666666666666667,0.04081632653061224,0.00503592871524732,0.6666666666666666,0.029388712656943386
IND263139AAA,0.022222222222222223,0.02040816326530612,0.0,0.0,0.010657596371882086
IND263601AAA,0.022222222222222223,0.061224489795918366,0.0033436506241127663,1.0,0.02253350331659153
IND271001AAA,0.022222222222222223,0.04081632653061224,1.5150206724570758e-06,1.0,0.015760394698544844
IND271201AAA,0.022222222222222223,0.02040816326530612,0.0,1.0,0.010657596371882086
IND271210AAA,0.044444444444444446,0.02040816326530612,1.5150206724570758e-06,1.0,0.01621390943777387
IND272001AAA,0.022222222222222223,0.04081632653061224,0.001699853194496839,0.0,0.016609563785457034
IND272175AAA,0.022222222222222223,0.0,0.0,0.0,0.005555555555555556
IND272155AAA,0.0,0.02040816326530612,0.0,0.0,0.00510204081632653
IND272207AAB,0.0,0.02040816326530612,0.0,0.0,0.00510204081632653
IND272153AAC,0.022222222222222223,0.0,0.0,0.0,0.005555555555555556
IND273155AAA,0.022222222222222223,0.04081632653061224,2.121028941439906e-05,0.0,0.015770242332915817
IND273304AAA,0.044444444444444446,0.02040816326530612,0.0016953081324794677,0.0,0.017060805993677375
IND274001AAA,0.044444444444444446,0.04081632653061224,0.001763484062740036,0.0,0.022196934775134188
IND274301AAB,0.06666666666666667,0.02040816326530612,0.005079864314748574,0.3333333333333333,0.02430863964036748
IND277303AAC,0.022222222222222223,0.02040816326530612,5.9085806225825956e-05,0.0,0.010687139274994999
IND273303AAA,0.022222222222222223,0.02040816326530612,0.0,0.0,0.010657596371882086
IND274509AAB,0.022222222222222223,0.061224489795918366,5.9085806225825956e-05,0.0,0.02089122090764806
IND274304AAA,0.044444444444444446,0.02040816326530612,0.0,0.0,0.016213151927437643
IND274304AAB,0.044444444444444446,0.04081632653061224,0.0016968231531519248,0.3333333333333333,0.022163604320340133
IND274402AAA,0.022222222222222223,0.04081632653061224,2.2725310086856135e-05,0.3333333333333333,0.015770999843252045
IND275303AAA,0.022222222222222223,0.02040816326530612,0.0034284917817703625,0.0,0.012371842262767267
IND276140AAA,0.022222222222222223,0.02040816326530612,0.0017483338560154655,0.0,0.011531763299889818
IND276305AAA,0.022222222222222223,0.02040816326530612,0.003378496099579279,0.0,0.012346844421671724
IND276129AAA,0.022222222222222223,0.02040816326530612,6.817593026056841e-05,0.0,0.01069168433701237
IND277201AAA,0.022222222222222223,0.02040816326530612,0.0034072814923559636,0.0,0.012361237118060068
IND277211AAA,0.022222222222222223,0.02040816326530612,0.0017331836492908946,0.0,0.011524188196527533
IND281121AAB,0.0,0.02040816326530612,0.0,0.0,0.00510204081632653
IND281401AAA,0.0,0.04081632653061224,0.0,1.0,0.01020408163265306
IND321022AAA,0.022222222222222223,0.02040816326530612,0.0,1.0,0.010657596371882086
IND282001AAF,0.0,0.02040816326530612,0.0,0.0,0.00510204081632653
IND283122AAB,0.022222222222222223,0.04081632653061224,0.00167864290508244,0.0,0.016598958640749836
IND281004AAA,0.022222222222222223,0.0,0.0,0.0,0.005555555555555556
IND282005AAA,0.022222222222222223,0.0,0.0,0.0,0.005555555555555556
IND284001AAA,0.0,0.02040816326530612,0.0,0.0,0.00510204081632653
IND284403AAA,0.022222222222222223,0.04081632653061224,0.001677127884409983,0.3333333333333333,0.016598201130413607
IND472001AAA,0.044444444444444446,0.04081632653061224,0.00502532357054012,0.3333333333333333,0.023827854529034232
IND285205AAB,0.022222222222222223,0.02040816326530612,0.006696391372260275,0.0,0.014005792058012223
IND321001AAB,0.022222222222222223,0.04081632653061224,0.003360315851509794,0.6666666666666666,0.017439795113963513
IND321606AAA,0.044444444444444446,0.04081632653061224,3.0300413449141517e-06,0.6666666666666666,0.02131670776443663
IND301019AAA,0.0,0.04081632653061224,0.0,1.0,0.01020408163265306
IND302004AAA,0.022222222222222223,0.04081632653061224,2.5755351431770288e-05,0.0,0.015772514863924503
IND302014AAB,0.2,0.24489795918367346,0.0004287508503053525,0.0380952380952381,0.11143886522107105
IND302033AAB,0.022222222222222223,0.0,0.0,0.0,0.005555555555555556
IND302006AAA,0.022222222222222223,0.02040816326530612,0.0,0.0,0.010657596371882086
IND302006AAC,0.022222222222222223,0.02040816326530612,0.0,0.0,0.010657596371882086
IND303702AAB,0.022222222222222223,0.04081632653061224,0.03179573885285665,0.6666666666666666,0.03165750661463694
IND305001AAC,0.11111111111111112,0.08163265306122448,0.04169336890601873,0.10714285714285714,0.06903262549609326
IND306401AAB,0.06666666666666667,0.08163265306122448,0.04971237332533403,0.2,0.0619310165946398
IND313001AAB,0.08888888888888889,0.1020408163265306,0.0347727544742348,0.14285714285714285,0.06511880354097227
IND332404AAA,0.044444444444444446,0.02040816326530612,0.0,0.6666666666666666,0.016213151927437643
IND302020AAA,0.022222222222222223,0.02040816326530612,0.0,0.0,0.010657596371882086
IND302023AAA,0.022222222222222223,0.0,0.0,0.0,0.005555555555555556
IND302026AAA,0.022222222222222223,0.02040816326530612,0.0,0.0,0.010657596371882086
IND303008AAB,0.022222222222222223,0.02040816326530612,0.0,0.0,0.010657596371882086
IND303301AAB,0.022222222222222223,0.02040816326530612,0.0,1.0,0.010657596371882086
IND303303AAA,0.044444444444444446,0.02040816326530612,0.00010908148841690945,0.3333333333333333,0.016267692671646097
IND303603AAB,0.044444444444444446,0.04081632653061224,7.57510336228538e-05,0.0,0.0213530682605756
IND303901AAA,0.022222222222222223,0.02040816326530612,0.0,1.0,0.010657596371882086
IND304001AAA,0.044444444444444446,0.02040816326530612,4.9995682191083495e-05,0.6666666666666666,0.016238149768533182
IND303002AAA,0.022222222222222223,0.02040816326530612,0.0,1.0,0.010657596371882086
IND303338AAB,0.044444444444444446,0.02040816326530612,2.7270372104227363e-05,0.0,0.016226787113489755
IND303106AAA,0.022222222222222223,0.04081632653061224,0.00167864290508244,0.3333333333333333,0.016598958640749836
IND303108AAB,0.0,0.02040816326530612,0.0,0.0,0.00510204081632653
IND322230AAA,0.022222222222222223,0.02040816326530612,0.00011211152976182361,0.0,0.010713652136762997
IND303503AAA,0.022222222222222223,0.02040816326530612,0.0,1.0,0.010657596371882086
IND332001AAB,0.06666666666666667,0.12244897959183673,0.04015410790280234,0.08333333333333333,0.06735596551602702
IND322001AAC,0.022222222222222223,0.02040816326530612,5.302572353599765e-05,1.0,0.010684109233650086
IND305802AAA,0.022222222222222223,0.02040816326530612,0.006723661744364502,0.0,0.014019427244064336
IND305901AAA,0.022222222222222223,0.04081632653061224,0.005026838591212577,0.3333333333333333,0.018273056483814904
IND342602AAC,0.044444444444444446,0.04081632653061224,0.0033648609135271653,0.3333333333333333,0.022997623200527756
IND305404AAA,0.022222222222222223,0.04081632653061224,0.011703534694730912,0.3333333333333333,0.021611404535574072
IND305601AAC,0.022222222222222223,0.02040816326530612,0.0,1.0,0.010657596371882086
IND305624AAA,0.06666666666666667,0.02040816326530612,0.011712624818765654,0.0,0.02762501989237602
IND341512AAA,0.022222222222222223,0.02040816326530612,0.00671457162032976,0.0,0.014014882182046967
IND306116AAA,0.022222222222222223,0.02040816326530612,0.0016922780911345536,0.0,0.011503735417449363
IND306001AAA,0.022222222222222223,0.0,0.0,0.0,0.005555555555555556
IND306304AAB,0.022222222222222223,0.02040816326530612,0.0,1.0,0.010657596371882086
IND311302AAA,0.044444444444444446,0.02040816326530612,0.00334668066545768,0.3333333333333333,0.017886492260166482
IND342005AAD,0.044444444444444446,0.08163265306122448,0.021764786980518352,0.2,0.04240166786667641
IND343001AAA,0.022222222222222223,0.02040816326530612,0.008431090042223626,0.0,0.014873141392993897
IND306902AAA,0.022222222222222223,0.02040816326530612,0.003381526140924193,0.0,0.012348359442344182
IND307001AAA,0.022222222222222223,0.02040816326530612,0.005067744149368918,0.0,0.013191468446566545
IND311001AAA,0.044444444444444446,0.02040816326530612,0.008355339008600773,0.6666666666666666,0.020390821431738027
IND313324AAA,0.022222222222222223,0.02040816326530612,0.00834624888456603,1.0,0.014830720814165102
IND311301AAA,0.0,0.02040816326530612,0.0,0.0,0.00510204081632653
IND312001AAA,0.044444444444444446,0.04081632653061224,0.010058222244442526,0.16666666666666666,0.026344303865985436
IND312601AAA,0.022222222222222223,0.02040816326530612,0.0033648609135271653,0.0,0.01234002682864567
IND312403AAA,0.022222222222222223,0.02040816326530612,0.00334668066545768,0.0,0.012330936704610926
IND458664AAA,0.022222222222222223,0.02040816326530612,0.0033557707894924225,0.0,0.012335481766628298
IND312605AAB,0.044444444444444446,0.04081632653061224,0.008381094360032542,0.3333333333333333,0.02550573992378044
IND458001AAB,0.022222222222222223,0.02040816326530612,0.0016831879670998113,1.0,0.011499190355431992
IND327001AAB,0.022222222222222223,0.02040816326530612,0.005040473777264691,1.0,0.013177833260514433
IND321001AAA,0.044444444444444446,0.04081632653061224,0.0016756128637375257,0.5,0.022152999175632935
IND321401AAB,0.044444444444444446,0.0,0.0,1.0,0.011111111111111112
IND321408AAB,0.0,0.04081632653061224,0.0,1.0,0.01020408163265306
IND322201AAA,0.022222222222222223,0.04081632653061224,0.00011817161245165191,0.3333333333333333,0.01581872299443444
IND322241AAA,0.022222222222222223,0.02040816326530612,0.00011514157110673776,0.0,0.010715167157435455
IND331022A1B,0.0,0.02040816326530612,0.0,0.0,0.00510204081632653
IND331001A1C,0.022222222222222223,0.0,0.0,0.0,0.005555555555555556
IND331023AAA,0.022222222222222223,0.02040816326530612,0.005026838591212577,0.0,0.013171015667488375
IND331304AAA,0.022222222222222223,0.02040816326530612,0.0050177484671778344,0.0,0.013166470605471003
IND331507AAA,0.0,0.02040816326530612,0.0,0.0,0.00510204081632653
IND331701AAA,0.022222222222222223,0.02040816326530612,0.0016740978430650688,1.0,0.01149464529341462
IND333001AAA,0.022222222222222223,0.02040816326530612,0.0,1.0,0.010657596371882086
IND333028AAA,0.044444444444444446,0.04081632653061224,0.008438665145585911,0.16666666666666666,0.02553452531655713
IND333031AAA,0.044444444444444446,0.02040816326530612,0.00503592871524732,0.3333333333333333,0.0187311162850613
IND333042AAA,0.022222222222222223,0.02040816326530612,0.0,1.0,0.010657596371882086
IND334001AAB,0.022222222222222223,0.02040816326530612,0.0,0.0,0.010657596371882086
IND334001AAC,0.022222222222222223,0.04081632653061224,0.019927066904827918,0.3333333333333333,0.025723170640622572
IND332713AAA,0.022222222222222223,0.04081632653061224,0.003381526140924193,0.0,0.017450400258670715
IND332709AAA,0.022222222222222223,0.0,0.0,0.0,0.005555555555555556
IND332715AAB,0.022222222222222223,0.0,0.0,0.0,0.005555555555555556
IND333502AAA,0.022222222222222223,0.0,0.0,0.0,0.005555555555555556
IND333504AAA,0.022222222222222223,0.02040816326530612,0.005067744149368918,0.0,0.013191468446566545
IND334803AAA,0.044444444444444446,0.02040816326530612,0.0016740978430650688,0.3333333333333333,0.017050200848970177
IND341001AAC,0.044444444444444446,0.04081632653061224,0.02158449952049596,0.3333333333333333,0.03210744250401215
IND335001AAA,0.022222222222222223,0.02040816326530612,0.011673234281281768,0.0,0.01649421351252297
IND335051AAA,0.022222222222222223,0.02040816326530612,0.006687301248225533,0.0,0.014001246995994851
IND335803AAA,0.022222222222222223,0.02040816326530612,0.0,1.0,0.010657596371882086
IND335804AAD,0.044444444444444446,0.04081632653061224,0.00671457162032976,0.3333333333333333,0.024672478553929053
IND335701AAA,0.044444444444444446,0.02040816326530612,0.006696391372260275,0.3333333333333333,0.01956134761356778
IND335703AAA,0.022222222222222223,0.02040816326530612,0.0,1.0,0.010657596371882086
IND341030AAA,0.022222222222222223,0.02040816326530612,0.0,1.0,0.010657596371882086
IND341303AAA,0.044444444444444446,0.02040816326530612,0.02156631927242647,0.3333333333333333,0.026996311563650878
IND341306AAA,0.022222222222222223,0.02040816326530612,0.02155722914839173,0.0,0.02143621094607795
IND341503AAB,0.022222222222222223,0.02040816326530612,0.0,1.0,0.010657596371882086
IND341510AAB,0.044444444444444446,0.02040816326530612,0.006687301248225533,0.3333333333333333,0.019556802551550408
IND341505AAA,0.022222222222222223,0.04081632653061224,0.006705481496295017,0.3333333333333333,0.019112377936356124
IND342601AAA,0.022222222222222223,0.04081632653061224,0.0,0.6666666666666666,0.015759637188208615
IND342902A1B,0.044444444444444446,0.02040816326530612,0.011653539012539828,0.3333333333333333,0.022039921433707553
IND342902AAA,0.044444444444444446,0.02040816326530612,0.0,0.3333333333333333,0.016213151927437643
IND344022AAB,0.022222222222222223,0.04081632653061224,0.006723661744364502,0.6666666666666666,0.01912146806039087
IND342301AAA,0.08888888888888889,0.02040816326530612,0.006687301248225533,0.5,0.030667913662661517
IND343029AAB,0.022222222222222223,0.02040816326530612,0.00675093211646873,0.0,0.014033062430116452
IND344001AAA,0.022222222222222223,0.061224489795918366,0.0033648609135271653,0.6666666666666666,0.02254410846129873
IND345001AAA,0.022222222222222223,0.04081632653061224,0.0,1.0,0.015759637188208615
IND345021AAA,0.044444444444444446,0.02040816326530612,0.0,1.0,0.016213151927437643
IND360003AAA,0.0,0.02040816326530612,0.0,0.0,0.00510204081632653
IND360311AAA,0.022222222222222223,0.02040816326530612,1.5150206724570758e-06,0.0,0.010658353882218315
IND360050AAA,0.022222222222222223,0.0,0.0,0.0,0.005555555555555556
IND360370AAA,0.022222222222222223,0.02040816326530612,3.181543412159859e-05,0.0,0.010673504088942885
IND360410AAA,0.022222222222222223,0.02040816326530612,3.181543412159859e-05,0.0,0.010673504088942885
IND360490AAA,0.022222222222222223,0.02040816326530612,3.181543412159859e-05,0.0,0.010673504088942885
IND362001AAA,0.06666666666666667,0.08163265306122448,0.0001681672946427354,0.047619047619047616,0.037158913579294156
IND360510AAB,0.022222222222222223,0.02040816326530612,3.181543412159859e-05,0.0,0.010673504088942885
IND360530AAB,0.022222222222222223,0.02040816326530612,3.181543412159859e-05,0.0,0.010673504088942885
IND360575AAA,0.022222222222222223,0.02040816326530612,3.181543412159859e-05,0.0,0.010673504088942885
IND361001AAA,0.0,0.02040816326530612,0.0,0.0,0.00510204081632653
IND361305AAC,0.022222222222222223,0.04081632653061224,4.545062017371228e-06,0.3333333333333333,0.0157619097192173
IND361315AAA,0.022222222222222223,0.02040816326530612,0.0,1.0,0.010657596371882086
IND361335AAA,0.044444444444444446,0.02040816326530612,4.545062017371228e-06,0.3333333333333333,0.01621542445844633
IND360002AAB,0.06666666666666667,0.0,0.0,0.3333333333333333,0.016666666666666666
IND362220AAA,0.022222222222222223,0.04081632653061224,1.6665227397027834e-05,0.6666666666666666,0.01576796980190713
IND362265AAA,0.06666666666666667,0.02040816326530612,6.817593026056841e-05,0.3333333333333333,0.02180279544812348
IND362150AAA,0.022222222222222223,0.02040816326530612,6.817593026056841e-05,0.0,0.01069168433701237
IND362225AAA,0.022222222222222223,0.02040816326530612,0.0,1.0,0.010657596371882086
IND362720AAA,0.022222222222222223,0.02040816326530612,6.817593026056841e-05,0.0,0.01069168433701237
IND362560AAA,0.022222222222222223,0.02040816326530612,6.817593026056841e-05,0.0,0.01069168433701237
IND363001AAA,0.022222222222222223,0.02040816326530612,3.0300413449141517e-06,0.0,0.010659111392554543
IND363421AAB,0.022222222222222223,0.02040816326530612,3.0300413449141517e-06,0.0,0.010659111392554543
IND363310AAB,0.044444444444444446,0.02040816326530612,0.008364429132635515,0.6666666666666666,0.0203953664937554
IND363330AAB,0.022222222222222223,0.02040816326530612,0.0,1.0,0.010657596371882086
IND364710AAA,0.022222222222222223,0.0,0.0,0.0,0.005555555555555556
IND363520AAC,0.0,0.02040816326530612,0.0,0.0,0.00510204081632653
IND363621AAB,0.022222222222222223,0.02040816326530612,0.0,1.0,0.010657596371882086
IND363641AAA,0.0,0.04081632653061224,0.0,1.0,0.01020408163265306
IND364004AAB,0.022222222222222223,0.02040816326530612,0.005058654025334176,0.0,0.013186923384549173
IND365560AAA,0.022222222222222223,0.02040816326530612,0.003375466058234365,0.0,0.012345329400999267
IND364270AAA,0.0,0.02040816326530612,0.0,0.0,0.00510204081632653
IND364001AAA,0.022222222222222223,0.0,0.0,0.0,0.005555555555555556
IND364290AAA,0.022222222222222223,0.02040816326530612,0.0,0.0,0.010657596371882086
IND365560AAB,0.044444444444444446,0.02040816326530612,0.0016892480497896396,0.0,0.01705777595233246
IND370001AAA,0.044444444444444446,0.061224489795918366,0.0033557707894924225,0.3333333333333333,0.028095118954836913
IND370110AAA,0.022222222222222223,0.04081632653061224,0.0,1.0,0.015759637188208615
IND370201AAA,0.044444444444444446,0.04081632653061224,0.008382609380705001,0.3333333333333333,0.025506497434116673
IND370615AAB,0.044444444444444446,0.02040816326530612,0.0,1.0,0.016213151927437643
IND380005AAA,0.022222222222222223,0.061224489795918366,0.0033648609135271653,1.0,0.02254410846129873
IND382421AAA,0.022222222222222223,0.04081632653061224,0.0,1.0,0.015759637188208615
IND382721AAA,0.044444444444444446,0.02040816326530612,0.0,1.0,0.016213151927437643
IND380006AAA,0.0,0.02040816326530612,0.0,0.0,0.00510204081632653
IND380006AAB,0.0,0.02040816326530612,0.0,0.0,0.00510204081632653
IND380021AAA,0.0,0.02040816326530612,0.0,0.0,0.00510204081632653
IND380054AAA,0.022222222222222223,0.02040816326530612,0.0,0.0,0.010657596371882086
IND380015AAB,0.022222222222222223,0.0,0.0,0.0,0.005555555555555556
IND382345AAA,0.022222222222222223,0.0,0.0,0.0,0.005555555555555556
IND384205AAA,0.13333333333333333,0.12244897959183673,0.035086363753433415,0.1111111111111111,0.08148876010800923
IND387620AAB,0.022222222222222223,0.02040816326530612,0.0016862180084447253,0.0,0.01150070537610445
IND388320AAA,0.08888888888888889,0.08163265306122448,0.013650336258838252,0.2,0.049455553616947465
IND389001AAA,0.022222222222222223,0.02040816326530612,0.0033724360168894507,0.0,0.012343814380326812
IND395023AAA,0.17777777777777778,0.16326530612244897,0.03860272673420629,0.16363636363636364,0.10456213434215983
IND382715AAA,0.022222222222222223,0.02040816326530612,0.0,1.0,0.010657596371882086
IND383001AAA,0.022222222222222223,0.02040816326530612,0.0033648609135271653,1.0,0.01234002682864567
IND383315AAC,0.022222222222222223,0.04081632653061224,0.0033557707894924225,0.6666666666666666,0.017437522582954827
IND383255AAB,0.022222222222222223,0.02040816326530612,0.0,1.0,0.010657596371882086
IND384170AAA,0.022222222222222223,0.02040816326530612,0.005045018839282062,0.0,0.013180105791523115
IND384265AAB,0.022222222222222223,0.04081632653061224,0.00503592871524732,0.3333333333333333,0.018277601545832276
IND384355AAB,0.022222222222222223,0.04081632653061224,0.0,1.0,0.015759637188208615
IND385001AAA,0.044444444444444446,0.02040816326530612,0.0016831879670998113,0.6666666666666666,0.01705474591098755
IND385320AAA,0.022222222222222223,0.02040816326530612,0.005026838591212577,1.0,0.013171015667488375
IND385340AAB,0.044444444444444446,0.02040816326530612,0.0050177484671778344,0.3333333333333333,0.01872202616102656
IND385535AAA,0.022222222222222223,0.02040816326530612,0.0016740978430650688,1.0,0.01149464529341462
IND387001AAA,0.022222222222222223,0.02040816326530612,0.0,1.0,0.010657596371882086
IND388220AAA,0.044444444444444446,0.02040816326530612,0.0016740978430650688,1.0,0.017050200848970177
IND389230AAB,0.022222222222222223,0.0,0.0,0.0,0.005555555555555556
IND388121AAA,0.022222222222222223,0.02040816326530612,0.0016831879670998113,1.0,0.011499190355431992
IND388620AAB,0.022222222222222223,0.02040816326530612,0.0016740978430650688,1.0,0.01149464529341462
IND389151AAA,0.022222222222222223,0.02040816326530612,0.0016877330291171825,0.0,0.011501462886440678
IND457661AAA,0.022222222222222223,0.0,0.0,0.0,0.005555555555555556
IND390018AAB,0.022222222222222223,0.02040816326530612,0.0,0.0,0.010657596371882086
IND390020AAA,0.06666666666666667,0.061224489795918366,0.005038958756592234,0.3333333333333333,0.03449226849394238
IND391110AAD,0.022222222222222223,0.04081632653061224,0.0033451656447852232,1.0,0.017432220010601227
IND395001AAA,0.022222222222222223,0.02040816326530612,0.0,0.0,0.010657596371882086
IND395023AAD,0.11111111111111112,0.1020408163265306,7.423601295039671e-05,0.0,0.05332509986588563
IND395004AAB,0.022222222222222223,0.02040816326530612,0.0,0.0,0.010657596371882086
IND395006AAA,0.022222222222222223,0.02040816326530612,0.0,0.0,0.010657596371882086
IND395009AAA,0.022222222222222223,0.02040816326530612,0.0,0.0,0.010657596371882086
IND395010AAB,0.0,0.02040816326530612,0.0,0.0,0.00510204081632653
IND394221AAA,0.022222222222222223,0.0,0.0,0.0,0.005555555555555556
IND396191AAC,0.06666666666666667,0.1020408163265306,0.0083932145254122,0.1,0.046373478011005415
IND396445AAA,0.022222222222222223,0.02040816326530612,2.5755351431770288e-05,0.0,0.01067047404759797
IND396001AAA,0.022222222222222223,0.02040816326530612,2.5755351431770288e-05,0.0,0.01067047404759797
IND396105AAA,0.022222222222222223,0.02040816326530612,0.0,0.0,0.010657596371882086
IND396191AAB,0.0,0.02040816326530612,0.0,0.0,0.00510204081632653
IND396210AAA,0.022222222222222223,0.0,0.0,0.0,0.005555555555555556
IND396232AAA,0.022222222222222223,0.02040816326530612,0.0,0.0,0.010657596371882086
IND396321AAA,0.044444444444444446,0.04081632653061224,3.78755168114269e-05,0.0,0.021334130502169885
IND396580AAB,0.022222222222222223,0.02040816326530612,0.0,0.0,0.010657596371882086
IND400011AAA,0.044444444444444446,0.04081632653061224,0.003354255768819966,0.0,0.022992320628174155
IND400072AAD,0.06666666666666667,0.02040816326530612,0.0022710159880131565,0.0,0.022904215476999775
IND400015AAA,0.06666666666666667,0.04081632653061224,0.0016756128637375257,0.3333333333333333,0.027708554731188488
IND400015AAB,0.044444444444444446,0.04081632653061224,0.0,1.0,0.021315192743764172
IND400016AAA,0.0,0.02040816326530612,0.0,0.0,0.00510204081632653
IND400016AAB,0.0,0.04081632653061224,0.0,0.0,0.01020408163265306
IND400037AAA,0.022222222222222223,0.02040816326530612,0.0,0.0,0.010657596371882086
IND400072AAJ,0.044444444444444446,0.02040816326530612,0.0016862180084447253,0.0,0.017056260931660003
IND400064AAB,0.0,0.04081632653061224,0.0,0.0,0.01020408163265306
IND400072AAA,0.022222222222222223,0.02040816326530612,0.0,0.0,0.010657596371882086
IND400701AAB,0.044444444444444446,0.02040816326530612,0.0,1.0,0.016213151927437643
IND401104AAA,0.08888888888888889,0.08163265306122448,0.005040473777264691,0.2,0.04515062237616069
IND401104AAB,0.044444444444444446,0.04081632653061224,0.0,1.0,0.021315192743764172
IND421302AAR,0.11111111111111112,0.08163265306122448,0.0067645673025208426,0.0,0.05156822469434432
IND421302AAS,0.022222222222222223,0.0,0.0,0.0,0.005555555555555556
IND400072AAC,0.0,0.02040816326530612,0.0,0.0,0.00510204081632653
IND400072AAI,0.0,0.02040816326530612,0.0,0.0,0.00510204081632653
IND000000AFS,0.022222222222222223,0.0,0.0,0.0,0.005555555555555556
IND400102AAB,0.022222222222222223,0.02040816326530612,0.0,0.0,0.010657596371882086
IND400102AAC,0.022222222222222223,0.04081632653061224,0.0016847029877722682,0.0,0.01660198868209475
IND400052AAA,0.022222222222222223,0.0,0.0,0.0,0.005555555555555556
IND400612AAA,0.022222222222222223,0.02040816326530612,0.0,0.0,0.010657596371882086
IND400705AAA,0.022222222222222223,0.02040816326530612,0.0016847029877722682,0.0,0.011499947865768221
IND421302AAH,0.044444444444444446,0.0,0.0,0.0,0.011111111111111112
IND401208AAA,0.022222222222222223,0.0,0.0,0.0,0.005555555555555556
IND401209AAA,0.022222222222222223,0.02040816326530612,0.0,0.0,0.010657596371882086
IND401209AAB,0.0,0.061224489795918366,0.0,0.3333333333333333,0.015306122448979591
IND401501AAA,0.022222222222222223,0.02040816326530612,0.0,0.0,0.010657596371882086
IND401602AAA,0.022222222222222223,0.02040816326530612,0.0,0.0,0.010657596371882086
IND402107AAA,0.022222222222222223,0.02040816326530612,1.5150206724570758e-06,1.0,0.010658353882218315
IND402109AAA,0.022222222222222223,0.02040816326530612,1.5150206724570758e-06,1.0,0.010658353882218315
IND402301AAA,0.022222222222222223,0.02040816326530612,1.5150206724570758e-06,1.0,0.010658353882218315
IND403002AAA,0.022222222222222223,0.02040816326530612,0.0,0.0,0.010657596371882086
IND403726AAB,0.11111111111111112,0.1020408163265306,3.0300413449141515e-05,0.0,0.053303132066135
IND403401AAA,0.022222222222222223,0.02040816326530612,0.0,0.0,0.010657596371882086
IND403507AAA,0.022222222222222223,0.02040816326530612,0.0,0.0,0.010657596371882086
IND403507AAB,0.022222222222222223,0.02040816326530612,0.0,0.0,0.010657596371882086
IND403601AAA,0.022222222222222223,0.02040816326530612,0.0,0.0,0.010657596371882086
IND403702AAA,0.022222222222222223,0.04081632653061224,0.006190374467659611,0.6666666666666666,0.018854824422038424
IND575004AAB,0.13333333333333333,0.14285714285714285,0.054048362489906174,0.07692307692307693,0.09607180029257213
IND581314AAA,0.06666666666666667,0.04081632653061224,0.007273614248466421,0.3333333333333333,0.030507555423552934
IND403726AAA,0.08888888888888889,0.12244897959183673,0.037237693108322464,0.1388888888888889,0.07145331367434263
IND416510AAA,0.044444444444444446,0.04081632653061224,0.005038958756592234,0.0,0.023834672122060287
IND581303AAA,0.022222222222222223,0.04081632653061224,0.001681672946427354,0.6666666666666666,0.016600473661422293
IND581400AAB,0.044444444444444446,0.02040816326530612,0.0,0.6666666666666666,0.016213151927437643
IND410401AAA,0.022222222222222223,0.02040816326530612,0.0,0.0,0.010657596371882086
IND410501AAF,0.022222222222222223,0.02040816326530612,0.0,1.0,0.010657596371882086
IND410503AAA,0.022222222222222223,0.02040816326530612,0.0,1.0,0.010657596371882086
IND410505AAB,0.044444444444444446,0.04081632653061224,0.0033557707894924225,0.6666666666666666,0.022993078138510384
IND411014AAA,0.06666666666666667,0.061224489795918366,0.006711541578984845,0.0,0.03532855990513868
IND411043AAA,0.022222222222222223,0.02040816326530612,0.0,0.0,0.010657596371882086
IND411048AAA,0.022222222222222223,0.02040816326530612,0.0,0.0,0.010657596371882086
IND411017AAA,0.022222222222222223,0.02040816326530612,0.0,0.0,0.010657596371882086
IND412105AAC,0.022222222222222223,0.02040816326530612,0.0,0.0,0.010657596371882086
IND411021AAA,0.022222222222222223,0.02040816326530612,0.0,0.0,0.010657596371882086
IND411036AAA,0.022222222222222223,0.02040816326530612,0.0,0.0,0.010657596371882086
IND413002AAA,0.11111111111111112,0.1020408163265306,0.014971434285220821,0.26666666666666666,0.06077369900202084
IND413501AAA,0.044444444444444446,0.04081632653061224,0.0016831879670998113,0.6666666666666666,0.022156786727314078
IND414001AAA,0.022222222222222223,0.061224489795918366,0.005045018839282062,0.6666666666666666,0.023384187424176178
IND416012AAA,0.11111111111111112,0.1020408163265306,0.04056619352571066,0.1111111111111111,0.07357107862226576
IND431136AAC,0.11111111111111112,0.1020408163265306,0.02342827967887622,0.047619047619047616,0.06500212169884854
IND431603AAA,0.08888888888888889,0.08163265306122448,0.020107354364850307,0.09523809523809523,0.0526840626699535
IND580028AAA,0.2,0.16326530612244897,0.05490737921118934,0.0989010989010989,0.11827001613620691
IND411033AAB,0.0,0.02040816326530612,0.0,0.0,0.00510204081632653
IND411057AAF,0.022222222222222223,0.0,0.0,0.0,0.005555555555555556
IND412210AAC,0.022222222222222223,0.02040816326530612,0.0,1.0,0.010657596371882086
IND412803AAB,0.022222222222222223,0.02040816326530612,0.0016831879670998113,0.0,0.011499190355431992
IND421802AAA,0.022222222222222223,0.02040816326530612,0.0016740978430650688,0.0,0.01149464529341462
IND413304AAA,0.044444444444444446,0.04081632653061224,0.0067100265583123885,0.3333333333333333,0.024670206022920367
IND413307AAC,0.022222222222222223,0.02040816326530612,0.0,0.0,0.010657596371882086
IND415301AAB,0.022222222222222223,0.02040816326530612,0.0016831879670998113,1.0,0.011499190355431992
IND413307AAB,0.022222222222222223,0.02040816326530612,0.0016740978430650688,1.0,0.01149464529341462
IND413401AAA,0.022222222222222223,0.02040816326530612,0.0,1.0,0.010657596371882086
IND413517AAA,0.044444444444444446,0.04081632653061224,0.0033557707894924225,0.6666666666666666,0.022993078138510384
IND431717AAA,0.022222222222222223,0.02040816326530612,0.0,1.0,0.010657596371882086
IND413531AAA,0.022222222222222223,0.02040816326530612,0.0,1.0,0.010657596371882086
IND413709AAA,0.08888888888888889,0.061224489795918366,0.0033512257274750513,0.6,0.03920395753493934
IND423109AAA,0.06666666666666667,0.061224489795918366,0.0,0.6,0.03197278911564626
IND423601AAA,0.06666666666666667,0.04081632653061224,0.0016695527810476974,0.5,0.027705524689843573
IND423701AAB,0.06666666666666667,0.02040816326530612,0.008350793946583402,0.8333333333333334,0.025944104456284898
IND414203AAB,0.022222222222222223,0.02040816326530612,0.0,1.0,0.010657596371882086
IND414302AAB,0.044444444444444446,0.04081632653061224,0.0033557707894924225,0.5,0.022993078138510384
IND414502AAA,0.022222222222222223,0.02040816326530612,0.005026838591212577,0.0,0.013171015667488375
IND431107AAB,0.022222222222222223,0.02040816326530612,0.0050177484671778344,0.0,0.013166470605471003
IND415003AAA,0.022222222222222223,0.04081632653061224,0.007731150491548457,0.3333333333333333,0.019625212433982846
IND415124AAA,0.022222222222222223,0.02040816326530612,0.00671457162032976,0.0,0.014014882182046967
IND415605AAA,0.022222222222222223,0.02040816326530612,0.006705481496295017,0.0,0.014010337120029595
IND415408AAC,0.022222222222222223,0.02040816326530612,0.0016740978430650688,1.0,0.01149464529341462
IND415409AAB,0.022222222222222223,0.02040816326530612,0.006723661744364502,0.0,0.014019427244064336
IND415709AAA,0.022222222222222223,0.04081632653061224,0.006696391372260275,0.0,0.019107832874338752
IND415612AAA,0.022222222222222223,0.02040816326530612,0.0016831879670998113,1.0,0.011499190355431992
IND416122AAA,0.022222222222222223,0.02040816326530612,0.006138863764796072,0.0,0.01372702825428012
IND591237AAB,0.022222222222222223,0.02040816326530612,0.008402304649446942,0.0,0.014858748696605556
IND416404AAA,0.044444444444444446,0.02040816326530612,0.008356854029273228,0.0,0.020391578942074256
IND416602AAC,0.022222222222222223,0.02040816326530612,0.0033451656447852232,0.0,0.012330179194274697
IND416606AAA,0.022222222222222223,0.02040816326530612,0.0,0.0,0.010657596371882086
IND421301AAA,0.022222222222222223,0.02040816326530612,0.0,0.0,0.010657596371882086
IND421302AAF,0.022222222222222223,0.02040816326530612,0.0,0.0,0.010657596371882086
IND400078AAB,0.022222222222222223,0.0,0.0,0.0,0.005555555555555556
IND421401AAC,0.022222222222222223,0.02040816326530612,0.0016831879670998113,1.0,0.011499190355431992
IND422011AAD,0.044444444444444446,0.08163265306122448,0.020070993868711338,0.3,0.0415547713107729
IND444005AAB,0.06666666666666667,0.061224489795918366,0.018409016191025928,0.1,0.04117729721115922
IND421302AAN,0.0,0.02040816326530612,0.0,0.0,0.00510204081632653
IND421004AAA,0.022222222222222223,0.0,0.0,0.0,0.005555555555555556
IND421601AAB,0.022222222222222223,0.02040816326530612,0.0016740978430650688,1.0,0.01149464529341462
IND421502AAA,0.0,0.02040816326530612,0.0,0.0,0.00510204081632653
IND422103AAC,0.022222222222222223,0.04081632653061224,0.003361830872182251,0.0,0.017440552624299742
IND422605AAA,0.022222222222222223,0.04081632653061224,3.0300413449141517e-06,0.3333333333333333,0.015761152208881073
IND423105AAA,0.044444444444444446,0.04081632653061224,1.6665227397027834e-05,0.3333333333333333,0.021323525357462687
IND423106AAA,0.044444444444444446,0.02040816326530612,3.0300413449141515e-05,1.0,0.016228302134162213
IND423301AAB,0.022222222222222223,0.0,0.0,0.0,0.005555555555555556
IND424006AAA,0.13333333333333333,0.18367346938775508,0.013601855597319626,0.09090909090909091,0.08605262847893191
IND424101AAA,0.022222222222222223,0.02040816326530612,1.5150206724570758e-05,0.0,0.010665171475244371
IND424304AAC,0.06666666666666667,0.04081632653061224,0.0,1.0,0.02687074829931973
IND425401AAA,0.022222222222222223,0.02040816326530612,2.2725310086856135e-05,0.0,0.010668959026925514
IND425405AAA,0.044444444444444446,0.04081632653061224,7.575103362285379e-06,0.6666666666666666,0.021318980295445315
IND425412AAA,0.08888888888888889,0.08163265306122448,0.0017104583392040385,0.6666666666666666,0.04348561465713036
IND452001AAC,0.044444444444444446,0.04081632653061224,4.9995682191083495e-05,0.3333333333333333,0.02134019058485971
IND431103AAA,0.022222222222222223,0.0,0.0,0.0,0.005555555555555556
IND424201AAA,0.022222222222222223,0.02040816326530612,0.003401221409666135,0.0,0.012358207076715155
IND425109AAA,0.022222222222222223,0.02040816326530612,0.0017119733598764957,0.0,0.011513583051820334
IND425201AAA,0.022222222222222223,0.02040816326530612,0.0,1.0,0.010657596371882086
IND425508AAB,0.044444444444444446,0.02040816326530612,1.9695268741941983e-05,0.6666666666666666,0.016222999561808612
IND425409AAA,0.06666666666666667,0.08163265306122448,0.003398191368321221,0.6,0.038773925616133395
IND425406AAA,0.044444444444444446,0.061224489795918366,4.545062017371228e-06,0.6666666666666666,0.026419506091099387
IND450331AAA,0.022222222222222223,0.02040816326530612,4.545062017371228e-06,1.0,0.010659868902890772
IND431001AAB,0.0,0.02040816326530612,0.0,0.0,0.00510204081632653
IND431112AAB,0.044444444444444446,0.02040816326530612,0.0,1.0,0.016213151927437643
IND431122AAA,0.022222222222222223,0.02040816326530612,0.005045018839282062,0.0,0.013180105791523115
IND431127AAA,0.022222222222222223,0.02040816326530612,0.00503592871524732,0.0,0.013175560729505747
IND431131AAB,0.0,0.02040816326530612,0.0,0.0,0.00510204081632653
IND431001AAA,0.022222222222222223,0.0,0.0,0.0,0.005555555555555556
IND431203AAA,0.022222222222222223,0.04081632653061224,0.0,1.0,0.015759637188208615
IND431514AAA,0.022222222222222223,0.02040816326530612,0.013353392207036666,0.0,0.017334292475400418
IND431515AAA,0.022222222222222223,0.02040816326530612,0.013344302083001924,0.0,0.017329747413383046
IND431517AAB,0.022222222222222223,0.02040816326530612,0.013335211958967181,0.0,0.017325202351365677
IND431401AAA,0.022222222222222223,0.0,0.0,0.0,0.005555555555555556
IND431708AAA,0.022222222222222223,0.02040816326530612,0.013362482331071408,0.0,0.01733883753741779
IND441206AAB,0.0,0.04081632653061224,0.0,1.0,0.01020408163265306
IND441603AAA,0.044444444444444446,0.02040816326530612,0.0,1.0,0.016213151927437643
IND442605AAA,0.044444444444444446,0.02040816326530612,0.0,1.0,0.016213151927437643
IND441614AAA,0.0,0.02040816326530612,0.0,0.0,0.00510204081632653
IND481001AAA,0.022222222222222223,0.0,0.0,0.0,0.005555555555555556
IND441904AAB,0.0,0.02040816326530612,0.0,0.0,0.00510204081632653
IND441912AAA,0.022222222222222223,0.02040816326530612,1.5150206724570758e-06,0.0,0.010658353882218315
IND441107AAB,0.022222222222222223,0.0,0.0,0.0,0.005555555555555556
IND442001AAA,0.0,0.02040816326530612,0.0,0.0,0.00510204081632653
IND442101AAB,0.022222222222222223,0.02040816326530612,1.5150206724570758e-06,0.0,0.010658353882218315
IND445001AAB,0.022222222222222223,0.0,0.0,0.0,0.005555555555555556
IND443201AAA,0.022222222222222223,0.02040816326530612,0.0016740978430650688,0.0,0.01149464529341462
IND443301AAA,0.022222222222222223,0.02040816326530612,0.0016831879670998113,0.0,0.011499190355431992
IND444602AAA,0.0,0.02040816326530612,0.0,0.0,0.00510204081632653
IND445101AAA,0.0,0.02040816326530612,0.0,0.0,0.00510204081632653
IND440014AAA,0.022222222222222223,0.0,0.0,0.0,0.005555555555555556
IND451666AAA,0.0,0.04081632653061224,0.0,1.0,0.01020408163265306
IND454001AAA,0.0,0.02040816326530612,0.0,0.0,0.00510204081632653
IND457001AAA,0.022222222222222223,0.04081632653061224,0.00167864290508244,0.3333333333333333,0.016598958640749836
IND457226AAA,0.022222222222222223,0.02040816326530612,0.0,1.0,0.010657596371882086
IND458990AAA,0.022222222222222223,0.02040816326530612,0.0016740978430650688,1.0,0.01149464529341462
IND460001AAA,0.022222222222222223,0.02040816326530612,0.003378496099579279,0.0,0.012346844421671724
IND480334AAA,0.022222222222222223,0.02040816326530612,0.0016907630704620965,0.0,0.011502977907113134
IND461001AAA,0.022222222222222223,0.02040816326530612,0.006744872033778901,0.0,0.014030032388771537
IND461111AAA,0.022222222222222223,0.02040816326530612,0.005063199087351547,0.0,0.01318919591555786
IND462001AAA,0.044444444444444446,0.02040816326530612,0.0016756128637375257,0.0,0.017050958359306406
IND462011AAA,0.022222222222222223,0.02040816326530612,0.0,0.0,0.010657596371882086
IND462021AAA,0.0,0.02040816326530612,0.0,0.0,0.00510204081632653
IND462042AAA,0.022222222222222223,0.02040816326530612,0.0,0.0,0.010657596371882086
IND465669AAB,0.022222222222222223,0.02040816326530612,0.006723661744364502,0.0,0.014019427244064336
IND466001AAA,0.022222222222222223,0.02040816326530612,0.0016831879670998113,1.0,0.011499190355431992
IND842003AAB,0.11111111111111112,0.16326530612244897,0.050024467583860185,0.06060606060606061,0.09360633810032012
IND464001AAA,0.0,0.02040816326530612,0.0,0.0,0.00510204081632653
IND464221AAA,0.022222222222222223,0.02040816326530612,0.0016847029877722682,0.0,0.011499947865768221
IND470004AAA,0.022222222222222223,0.08163265306122448,0.0033663759341996226,0.2,0.027646906787961487
IND464668AAA,0.022222222222222223,0.02040816326530612,0.028117268660130867,0.0,0.02471623070194752
IND465001AAA,0.022222222222222223,0.061224489795918366,0.006705481496295017,0.5,0.024214418752682654
IND465333A1B,0.022222222222222223,0.04081632653061224,0.0,1.0,0.015759637188208615
IND465333AAA,0.044444444444444446,0.02040816326530612,0.0,1.0,0.016213151927437643
IND465683AAA,0.022222222222222223,0.02040816326530612,0.00671457162032976,0.0,0.014014882182046967
IND466116AAA,0.022222222222222223,0.02040816326530612,0.0016740978430650688,1.0,0.01149464529341462
IND470113AAA,0.044444444444444446,0.04081632653061224,3.0300413449141517e-06,0.5,0.02131670776443663
IND470117AAA,0.044444444444444446,0.02040816326530612,4.545062017371228e-06,0.6666666666666666,0.01621542445844633
IND473443AAA,0.022222222222222223,0.02040816326530612,0.0,1.0,0.010657596371882086
IND470227AAB,0.044444444444444446,0.0,0.0,1.0,0.011111111111111112
IND471001AAA,0.044444444444444446,0.02040816326530612,0.0050101733638155494,0.6666666666666666,0.018718238609345416
IND473001AAA,0.022222222222222223,0.02040816326530612,1.5150206724570758e-06,1.0,0.010658353882218315
IND473331AAA,0.022222222222222223,0.02040816326530612,0.00167864290508244,1.0,0.011496917824423306
IND473226AAA,0.022222222222222223,0.04081632653061224,0.0033557707894924225,0.3333333333333333,0.017437522582954827
IND473551AAA,0.022222222222222223,0.0,0.0,0.0,0.005555555555555556
IND475661AAB,0.022222222222222223,0.0,0.0,0.0,0.005555555555555556
IND476001AAA,0.022222222222222223,0.02040816326530612,0.0,1.0,0.010657596371882086
IND476111AAA,0.044444444444444446,0.04081632653061224,0.005037443735919777,0.5,0.023833914611724058
IND477001AAA,0.022222222222222223,0.02040816326530612,0.0033436506241127663,1.0,0.012329421683938468
IND477001AAB,0.022222222222222223,0.02040816326530612,0.0,1.0,0.010657596371882086
IND480001AAA,0.044444444444444446,0.04081632653061224,0.0,0.6666666666666666,0.021315192743764172
IND480661AAA,0.06666666666666667,0.04081632653061224,0.005034413694574863,0.6666666666666666,0.029387955146607157
IND481661AAA,0.044444444444444446,0.02040816326530612,0.005016233446505378,0.6666666666666666,0.01872126865069033
IND480106AAA,0.022222222222222223,0.0,0.0,0.0,0.005555555555555556
IND480886AAA,0.022222222222222223,0.04081632653061224,0.0,0.6666666666666666,0.015759637188208615
IND482002AAA,0.022222222222222223,0.02040816326530612,0.0,0.0,0.010657596371882086
IND483225AAA,0.022222222222222223,0.02040816326530612,0.0,1.0,0.010657596371882086
IND483501AAA,0.044444444444444446,0.02040816326530612,0.0033557707894924225,0.6666666666666666,0.017891037322183855
IND483770AAA,0.022222222222222223,0.02040816326530612,0.00334668066545768,1.0,0.012330936704610926
IND484001AAA,0.044444444444444446,0.04081632653061224,0.006705481496295017,0.3333333333333333,0.02466793349191168
IND484224AAA,0.022222222222222223,0.02040816326530612,0.0,1.0,0.010657596371882086
IND484446AAA,0.044444444444444446,0.02040816326530612,0.006687301248225533,0.3333333333333333,0.019556802551550408
IND484551AAA,0.022222222222222223,0.02040816326530612,0.0,1.0,0.010657596371882086
IND484661AAE,0.022222222222222223,0.04081632653061224,0.006723661744364502,0.3333333333333333,0.01912146806039087
IND485771AAA,0.022222222222222223,0.04081632653061224,0.0,1.0,0.015759637188208615
IND486001AAA,0.044444444444444446,0.02040816326530612,0.005043503818609605,1.0,0.018734903836742443
IND486771AAA,0.06666666666666667,0.02040816326530612,0.005034413694574863,0.5,0.024285914330280628
IND488001AAA,0.022222222222222223,0.02040816326530612,0.0,1.0,0.010657596371882086
IND486661AAA,0.022222222222222223,0.02040816326530612,0.00502532357054012,0.0,0.013170258157152146
IND486889AAA,0.022222222222222223,0.04081632653061224,1.2120165379656607e-05,0.3333333333333333,0.015765697270898445
IND487001AAA,0.022222222222222223,0.02040816326530612,0.0,0.0,0.010657596371882086
IND487551AAA,0.044444444444444446,0.02040816326530612,0.02812635878416561,0.0,0.03027633131952045
IND487001AAB,0.022222222222222223,0.02040816326530612,0.02645983604446283,0.0,0.0238875143941135
IND491001AAA,0.0,0.02040816326530612,0.0,0.0,0.00510204081632653
IND494334AAB,0.022222222222222223,0.02040816326530612,3.0300413449141517e-06,0.0,0.010659111392554543
IND492001AAB,0.0,0.02040816326530612,0.0,0.0,0.00510204081632653
IND492007AAA,0.022222222222222223,0.0,0.0,0.0,0.005555555555555556
IND493118AAC,0.0,0.02040816326530612,0.0,0.0,0.00510204081632653
IND495334AAB,0.022222222222222223,0.02040816326530612,1.5150206724570758e-06,0.0,0.010658353882218315
IND493445AAB,0.022222222222222223,0.02040816326530612,3.0300413449141517e-06,0.0,0.010659111392554543
IND490023AAA,0.022222222222222223,0.0,0.0,0.0,0.005555555555555556
IND495004AAA,0.0,0.02040816326530612,0.0,0.0,0.00510204081632653
IND495671AAA,0.022222222222222223,0.0,0.0,0.0,0.005555555555555556
IND491995AAB,0.022222222222222223,0.0,0.0,0.0,0.005555555555555556
IND495677AAA,0.0,0.02040816326530612,0.0,0.0,0.00510204081632653
IND496001AAA,0.022222222222222223,0.0,0.0,0.0,0.005555555555555556
IND500008AAC,0.022222222222222223,0.04081632653061224,0.0016847029877722682,0.0,0.01660198868209475
IND500084AAB,0.022222222222222223,0.0,0.0,0.0,0.005555555555555556
IND500008AAD,0.0,0.02040816326530612,0.0,0.0,0.00510204081632653
IND500008AAF,0.0,0.02040816326530612,0.0,0.0,0.00510204081632653
IND500039AAC,0.11111111111111112,0.08163265306122448,0.020089174116780822,0.047619047619047616,0.058230528101474305
IND500010AAA,0.06666666666666667,0.061224489795918366,0.008381094360032542,0.3333333333333333,0.036163336295662526
IND500055AAA,0.022222222222222223,0.04081632653061224,0.001681672946427354,1.0,0.016600473661422293
IND501401AAC,0.06666666666666667,0.02040816326530612,0.0016756128637375257,0.3333333333333333,0.02260651391486196
IND500010AAB,0.022222222222222223,0.02040816326530612,0.0,0.0,0.010657596371882086
IND500018AAA,0.0,0.02040816326530612,0.0,0.0,0.00510204081632653
IND500080AAB,0.044444444444444446,0.02040816326530612,0.0016756128637375257,0.0,0.017050958359306406
IND500032AAA,0.0,0.02040816326530612,0.0,0.0,0.00510204081632653
IND502295AAA,0.022222222222222223,0.02040816326530612,0.001677127884409983,0.0,0.011496160314087078
IND500035AAA,0.022222222222222223,0.02040816326530612,0.0,0.0,0.010657596371882086
IND500039AAB,0.0,0.02040816326530612,0.0,0.0,0.00510204081632653
IND501301AAC,0.022222222222222223,0.02040816326530612,0.001677127884409983,0.0,0.011496160314087078
IND500035AAD,0.022222222222222223,0.0,0.0,0.0,0.005555555555555556
IND508116AAA,0.022222222222222223,0.04081632653061224,0.0033648609135271653,0.6666666666666666,0.0174420676449722
IND500039AAD,0.022222222222222223,0.02040816326530612,0.0,0.0,0.010657596371882086
IND500050AAA,0.044444444444444446,0.04081632653061224,0.005032898673902406,0.3333333333333333,0.023831642080715375
IND501218AAC,0.044444444444444446,0.0,0.0,1.0,0.011111111111111112
IND500055AAC,0.0,0.02040816326530612,0.0,0.0,0.00510204081632653
IND501101AAB,0.022222222222222223,0.04081632653061224,0.0033512257274750513,0.6666666666666666,0.01743525005194614
IND509216AAC,0.044444444444444446,0.02040816326530612,0.0,0.6666666666666666,0.016213151927437643
IND501141AAA,0.022222222222222223,0.02040816326530612,0.003360315851509794,1.0,0.012337754297636984
IND503111AAC,0.06666666666666667,0.061224489795918366,0.016740978430650685,0.16666666666666666,0.0403432783309716
IND505001AAB,0.24444444444444446,0.16326530612244897,0.04831703928600106,0.15384615384615385,0.12608595728472388
IND506002AAA,0.06666666666666667,0.061224489795918366,0.028450573208071425,0.0,0.04619807571968197
IND508252AAB,0.022222222222222223,0.02040816326530612,0.002199810016407674,0.0,0.011757501380085923
IND509001AAA,0.022222222222222223,0.02040816326530612,0.0033648609135271653,0.0,0.01234002682864567
IND509358AAA,0.022222222222222223,0.04081632653061224,0.005045018839282062,0.3333333333333333,0.018282146607849645
IND515004AAA,0.13333333333333333,0.12244897959183673,0.05328327705031535,0.08888888888888889,0.09058721675645019
IND518002AAA,0.22222222222222224,0.16326530612244897,0.04173427446417507,0.12121212121212122,0.11723901931825534
IND523002AAA,0.08888888888888889,0.1020408163265306,0.03254870412706782,0.1388888888888889,0.06400677836738879
IND533106AAA,0.17777777777777778,0.16326530612244897,0.02345403503030799,0.15555555555555556,0.09698778849021068
IND585104AAA,0.11111111111111112,0.1020408163265306,0.026767385240971615,0.0,0.06667167447989623
IND501359AAG,0.0,0.02040816326530612,0.0,0.0,0.00510204081632653
IND502110AAA,0.022222222222222223,0.02040816326530612,0.006696391372260275,0.0,0.014005792058012223
IND502313AAA,0.022222222222222223,0.02040816326530612,0.006687301248225533,0.0,0.014001246995994851
IND502220AAC,0.022222222222222223,0.02040816326530612,0.01664098706626852,0.0,0.018978089905016347
IND502286AAB,0.022222222222222223,0.02040816326530612,0.016650077190303265,0.0,0.01898263496703372
IND503185AAA,0.022222222222222223,0.02040816326530612,0.006723661744364502,0.0,0.014019427244064336
IND503122AAA,0.022222222222222223,0.02040816326530612,0.006705481496295017,0.0,0.014010337120029595
IND503187AAA,0.022222222222222223,0.02040816326530612,0.00671457162032976,0.0,0.014014882182046967
IND504201AAA,0.022222222222222223,0.04081632653061224,1.5150206724570758e-06,1.0,0.015760394698544844
IND505184AAC,0.044444444444444446,0.04081632653061224,1.5150206724570758e-06,1.0,0.0213159502541004
IND504208AAB,0.06666666666666667,0.04081632653061224,4.545062017371228e-06,1.0,0.026873020830328415
IND504251AAA,0.044444444444444446,0.04081632653061224,0.0033648609135271653,1.0,0.022997623200527756
IND504215AAA,0.022222222222222223,0.04081632653061224,0.0,1.0,0.015759637188208615
IND505326AAB,0.044444444444444446,0.061224489795918366,0.005022293529195206,0.6,0.028928380324688308
IND504293AAA,0.044444444444444446,0.04081632653061224,0.0,1.0,0.021315192743764172
IND504296AAA,0.022222222222222223,0.061224489795918366,0.0033557707894924225,1.0,0.022539563399281357
IND505001AAA,0.0,0.04081632653061224,0.0,1.0,0.01020408163265306
IND505302AAB,0.044444444444444446,0.061224489795918366,0.008390184484067286,0.4,0.030612325802124345
IND505327AAA,0.08888888888888889,0.02040816326530612,0.0033451656447852232,0.4,0.028996845860941364
IND505172AAA,0.022222222222222223,0.0,0.0,0.0,0.005555555555555556
IND505209AAA,0.044444444444444446,0.04081632653061224,0.0016831879670998113,1.0,0.022156786727314078
IND505122AAA,0.044444444444444446,0.02040816326530612,0.003354255768819966,0.3333333333333333,0.017890279811847626
IND505325AAA,0.022222222222222223,0.02040816326530612,0.0,1.0,0.010657596371882086
IND505326AAA,0.0,0.02040816326530612,0.0,0.0,0.00510204081632653
IND505425AAA,0.06666666666666667,0.04081632653061224,0.011708079756748282,0.4,0.032724788177693864
IND505467AAA,0.022222222222222223,0.02040816326530612,0.0,1.0,0.010657596371882086
IND505503AAA,0.022222222222222223,0.02040816326530612,0.0016892480497896396,0.0,0.011502220396776907
IND506164AAA,0.022222222222222223,0.0,0.0,0.0,0.005555555555555556
IND506001AAC,0.0,0.04081632653061224,0.0,1.0,0.01020408163265306
IND506132AAA,0.022222222222222223,0.02040816326530612,0.005045018839282062,0.0,0.013180105791523115
IND506143AAA,0.022222222222222223,0.02040816326530612,0.014966889223203451,0.0,0.018141040983483812
IND506343AAA,0.022222222222222223,0.02040816326530612,0.005058654025334176,0.0,0.013186923384549173
IND506167AAB,0.022222222222222223,0.02040816326530612,0.014957799099168709,0.0,0.01813649592146644
IND506169AAB,0.022222222222222223,0.02040816326530612,0.003375466058234365,0.0,0.012345329400999267
IND506314AAA,0.022222222222222223,0.02040816326530612,0.0050177484671778344,0.0,0.013166470605471003
IND507002AAA,0.11111111111111112,0.14285714285714285,0.016237991567394937,0.1388888888888889,0.07161105927576096
IND507117AAB,0.044444444444444446,0.02040816326530612,0.001681672946427354,0.6666666666666666,0.01705398840065132
IND507159AAA,0.044444444444444446,0.04081632653061224,0.0,1.0,0.021315192743764172
IND507167AAA,0.022222222222222223,0.0,0.0,0.0,0.005555555555555556
IND508001AAA,0.044444444444444446,0.02040816326530612,0.007946283427037362,0.3333333333333333,0.020186293640956324
IND508206AAA,0.06666666666666667,0.061224489795918366,0.0019165011506582007,0.6666666666666666,0.032931039690975356
IND508207AAB,0.06666666666666667,0.061224489795918366,0.005923730829307166,0.3333333333333333,0.03493465453029984
IND508213AAB,0.022222222222222223,0.02040816326530612,0.0,1.0,0.010657596371882086
IND507111AAA,0.0,0.04081632653061224,0.0,1.0,0.01020408163265306
IND507303AAA,0.044444444444444446,0.02040816326530612,0.0033481956861301375,0.6666666666666666,0.01788724977050271
IND508223AAA,0.044444444444444446,0.02040816326530612,0.00334668066545768,0.6666666666666666,0.017886492260166482
IND508277AAB,0.022222222222222223,0.02040816326530612,0.0,1.0,0.010657596371882086
IND508248AAB,0.044444444444444446,0.02040816326530612,0.005026838591212577,0.3333333333333333,0.01872657122304393
IND508377AAB,0.022222222222222223,0.02040816326530612,0.0050177484671778344,0.0,0.013166470605471003
IND509203AAA,0.022222222222222223,0.02040816326530612,0.0033557707894924225,0.0,0.012335481766628298
IND509103AAB,0.044444444444444446,0.04081632653061224,0.0,1.0,0.021315192743764172
IND509103AAC,0.044444444444444446,0.02040816326530612,0.0,1.0,0.016213151927437643
IND509124AAA,0.044444444444444446,0.08163265306122448,0.0016831879670998113,0.6666666666666666,0.03236086835996714
IND584101AAA,0.044444444444444446,0.061224489795918366,0.005054108963316805,0.3333333333333333,0.028944288041749106
IND509301AAA,0.022222222222222223,0.04081632653061224,0.00334668066545768,0.3333333333333333,0.017432977520937455
IND509324AAA,0.022222222222222223,0.02040816326530612,0.0,1.0,0.010657596371882086
IND515401AAB,0.022222222222222223,0.02040816326530612,0.0,1.0,0.010657596371882086
IND515411AAA,0.022222222222222223,0.02040816326530612,0.005045018839282062,0.0,0.013180105791523115
IND515671AAA,0.022222222222222223,0.04081632653061224,0.011741410211542336,0.3333333333333333,0.021630342293979782
IND515801AAA,0.044444444444444446,0.04081632653061224,0.00503592871524732,0.5,0.02383315710138783
IND515134AAA,0.06666666666666667,0.04081632653061224,0.010058222244442526,0.16666666666666666,0.03189985942154099
IND515201AAA,0.022222222222222223,0.04081632653061224,0.0033648609135271653,0.0,0.0174420676449722
IND515591AAA,0.044444444444444446,0.02040816326530612,0.011695959591368625,0.3333333333333333,0.022061131723121952
IND515301AAA,0.022222222222222223,0.02040816326530612,0.0016831879670998113,0.0,0.011499190355431992
IND561202AAB,0.022222222222222223,0.02040816326530612,0.0016740978430650688,0.0,0.01149464529341462
IND516360AAB,0.022222222222222223,0.02040816326530612,0.00503592871524732,0.0,0.013175560729505747
IND516269AAA,0.022222222222222223,0.02040816326530612,0.011686869467333882,0.0,0.016501031105549027
IND515761AAA,0.044444444444444446,0.02040816326530612,0.0050177484671778344,0.6666666666666666,0.01872202616102656
IND515865AAB,0.022222222222222223,0.02040816326530612,0.0,1.0,0.010657596371882086
IND516001AAA,0.022222222222222223,0.02040816326530612,0.005026838591212577,0.0,0.013171015667488375
IND516227AAA,0.022222222222222223,0.02040816326530612,0.0050177484671778344,0.0,0.013166470605471003
IND516101AAA,0.022222222222222223,0.02040816326530612,1.3635186052113681e-05,0.0,0.010664413964908144
IND516115AAA,0.022222222222222223,0.02040816326530612,1.3635186052113681e-05,0.0,0.010664413964908144
IND517501AAB,0.044444444444444446,0.04081632653061224,3.6360496138969824e-05,0.0,0.021333372991833657
IND516390AAA,0.022222222222222223,0.02040816326530612,0.01167777934329914,0.0,0.016496486043531655
IND517325AAA,0.0,0.02040816326530612,0.0,0.0,0.00510204081632653
IND517408AAA,0.022222222222222223,0.0,0.0,0.0,0.005555555555555556
IND517583AAA,0.022222222222222223,0.02040816326530612,1.3635186052113681e-05,0.0,0.010664413964908144
IND517644AAA,0.022222222222222223,0.02040816326530612,1.3635186052113681e-05,0.0,0.010664413964908144
IND524132AAA,0.022222222222222223,0.02040816326530612,1.3635186052113681e-05,0.0,0.010664413964908144
IND518206AAA,0.044444444444444446,0.04081632653061224,0.0016831879670998113,0.6666666666666666,0.022156786727314078
IND518401AAA,0.022222222222222223,0.02040816326530612,0.0033648609135271653,0.0,0.01234002682864567
IND518501AAA,0.022222222222222223,0.02040816326530612,0.005045018839282062,1.0,0.013180105791523115
IND518102AAA,0.022222222222222223,0.02040816326530612,0.00334668066545768,0.0,0.012330936704610926
IND518124AAA,0.022222222222222223,0.04081632653061224,0.00503592871524732,0.6666666666666666,0.018277601545832276
IND518222AAA,0.022222222222222223,0.02040816326530612,0.0,1.0,0.010657596371882086
IND518422AAB,0.022222222222222223,0.02040816326530612,0.0033557707894924225,0.0,0.012335481766628298
IND520011AAA,0.022222222222222223,0.02040816326530612,0.0,0.0,0.010657596371882086
IND521185AAA,0.044444444444444446,0.04081632653061224,0.00335728581016488,0.0,0.022993835648846613
IND521001AAA,0.044444444444444446,0.04081632653061224,0.0033557707894924225,0.6666666666666666,0.022993078138510384
IND521165AAA,0.044444444444444446,0.02040816326530612,0.0,1.0,0.016213151927437643
IND521105AAA,0.022222222222222223,0.04081632653061224,0.00503592871524732,0.3333333333333333,0.018277601545832276
IND521333AAA,0.044444444444444446,0.02040816326530612,0.0,0.6666666666666666,0.016213151927437643
IND534001AAA,0.022222222222222223,0.04081632653061224,0.0033436506241127663,0.6666666666666666,0.017431462500264998
IND521201AAA,0.022222222222222223,0.02040816326530612,0.005045018839282062,0.0,0.013180105791523115
IND521301AAA,0.022222222222222223,0.02040816326530612,0.0,1.0,0.010657596371882086
IND522647AAA,0.022222222222222223,0.02040816326530612,0.005026838591212577,0.0,0.013171015667488375
IND523201AAA,0.022222222222222223,0.02040816326530612,0.0050177484671778344,0.0,0.013166470605471003
IND523105AAA,0.044444444444444446,0.02040816326530612,0.0033557707894924225,0.6666666666666666,0.017891037322183855
IND523226AAA,0.022222222222222223,0.02040816326530612,0.0,1.0,0.010657596371882086
IND523230AAA,0.022222222222222223,0.02040816326530612,0.0,1.0,0.010657596371882086
IND523316AAB,0.044444444444444446,0.02040816326530612,0.00503592871524732,0.3333333333333333,0.0187311162850613
IND524201AAA,0.022222222222222223,0.02040816326530612,0.00334668066545768,1.0,0.012330936704610926
IND524003AAA,0.022222222222222223,0.02040816326530612,0.0,1.0,0.010657596371882086
IND524101AAB,0.022222222222222223,0.02040816326530612,1.3635186052113681e-05,0.0,0.010664413964908144
IND530012AAA,0.22222222222222224,0.22448979591836732,0.07750542756155908,0.054945054945054944,0.15043071831592691
IND530043AAA,0.022222222222222223,0.04081632653061224,0.0016831879670998113,0.0,0.01660123117175852
IND531001AAA,0.044444444444444446,0.04081632653061224,0.0016831879670998113,1.0,0.022156786727314078
IND531036AAA,0.044444444444444446,0.02040816326530612,0.0016756128637375257,0.0,0.017050958359306406
IND531162AAA,0.044444444444444446,0.0,0.0,0.0,0.011111111111111112
IND532001AAB,0.11111111111111112,0.08163265306122448,0.030082250472307698,0.17857142857142858,0.06322706627923774
IND535001AAA,0.044444444444444446,0.02040816326530612,0.0016740978430650688,0.0,0.017050200848970177
IND764001AAC,0.044444444444444446,0.02040816326530612,0.006716086641002217,0.3333333333333333,0.01957119524793875
IND764020AAC,0.022222222222222223,0.02040816326530612,0.0,1.0,0.010657596371882086
IND530012AAC,0.0,0.04081632653061224,0.0,1.0,0.01020408163265306
IND530018AAA,0.0,0.02040816326530612,0.0,0.0,0.00510204081632653
IND530026AAA,0.0,0.02040816326530612,0.0,0.0,0.00510204081632653
IND531163AAA,0.022222222222222223,0.02040816326530612,1.5150206724570758e-06,0.0,0.010658353882218315
IND531116AAA,0.022222222222222223,0.04081632653061224,0.0016740978430650688,1.0,0.01659668610974115
IND532127AAA,0.022222222222222223,0.02040816326530612,0.006723661744364502,0.0,0.014019427244064336
IND532201AAA,0.044444444444444446,0.04081632653061224,0.00503592871524732,0.6666666666666666,0.02383315710138783
IND532421AAA,0.022222222222222223,0.02040816326530612,0.0,1.0,0.010657596371882086
IND535591AAA,0.022222222222222223,0.02040816326530612,0.00671457162032976,0.0,0.014014882182046967
IND532222AAA,0.022222222222222223,0.04081632653061224,0.0,1.0,0.015759637188208615
IND761200AAA,0.044444444444444446,0.02040816326530612,0.0033436506241127663,1.0,0.017884977239494025
IND532440AAA,0.022222222222222223,0.02040816326530612,0.0,1.0,0.010657596371882086
IND533003AAA,0.044444444444444446,0.04081632653061224,0.0016831879670998113,1.0,0.022156786727314078
IND533401AAA,0.022222222222222223,0.04081632653061224,1.5150206724570758e-06,1.0,0.015760394698544844
IND533201AAA,0.06666666666666667,0.04081632653061224,0.0016756128637375257,0.6666666666666666,0.027708554731188488
IND533242AAA,0.044444444444444446,0.02040816326530612,0.0,1.0,0.016213151927437643
IND533262AAA,0.044444444444444446,0.04081632653061224,0.0033451656447852232,1.0,0.022987775566156783
IND533308AAB,0.044444444444444446,0.04081632653061224,1.5150206724570758e-06,1.0,0.0213159502541004
IND534260AAC,0.022222222222222223,0.02040816326530612,0.0,0.0,0.010657596371882086
IND535501AAB,0.022222222222222223,0.04081632653061224,0.006696391372260275,0.3333333333333333,0.019107832874338752
IND535558AAA,0.022222222222222223,0.02040816326530612,0.006705481496295017,0.0,0.014010337120029595
IND560002AAA,0.06666666666666667,0.04081632653061224,0.0,1.0,0.02687074829931973
IND560099AAB,0.24444444444444446,0.36734693877551017,0.019328633739207374,0.1368421052631579,0.16261216267459233
IND560027AAA,0.0,0.02040816326530612,0.0,0.0,0.00510204081632653
IND560099AAA,0.022222222222222223,0.0,0.0,0.0,0.005555555555555556
IND560043AAC,0.08888888888888889,0.061224489795918366,0.003358800830837337,0.3,0.039207745086620484
IND560064AAA,0.022222222222222223,0.0,0.0,0.0,0.005555555555555556
IND560048AAB,0.08888888888888889,0.04081632653061224,0.0033512257274750513,0.5,0.03410191671861281
IND560058AAB,0.06666666666666667,0.061224489795918366,1.2120165379656607e-05,0.8333333333333334,0.03197884919833609
IND560060AAB,0.06666666666666667,0.04081632653061224,0.0,1.0,0.02687074829931973
IND560058AAD,0.06666666666666667,0.02040816326530612,0.0,1.0,0.021768707482993196
IND560064AAD,0.0,0.02040816326530612,0.0,0.0,0.00510204081632653
IND560067AAC,0.022222222222222223,0.02040816326530612,0.0,0.0,0.010657596371882086
IND562114AAA,0.022222222222222223,0.04081632653061224,0.001677127884409983,0.0,0.016598201130413607
IND560077AAA,0.022222222222222223,0.02040816326530612,0.0,0.0,0.010657596371882086
IND560078AAC,0.06666666666666667,0.04081632653061224,0.0,1.0,0.02687074829931973
IND560083AAB,0.044444444444444446,0.04081632653061224,0.0,1.0,0.021315192743764172
IND560085AAA,0.06666666666666667,0.02040816326530612,0.0,1.0,0.021768707482993196
IND000000ACS,0.08888888888888889,0.0,0.0,0.5,0.022222222222222223
IND560300AAA,0.08888888888888889,0.24489795918367346,0.02337676897601268,0.21794871794871795,0.09513509650614693
IND632006AAA,0.08888888888888889,0.1020408163265306,0.013759417747255162,0.23809523809523808,0.05461213517748245
IND635001AAA,0.044444444444444446,0.04081632653061224,0.001681672946427354,0.6666666666666666,0.02215602921697785
IND683511AAB,0.022222222222222223,0.0,0.0,0.0,0.005555555555555556
IND560099AAG,0.0,0.02040816326530612,0.0,0.0,0.00510204081632653
IND560099AAH,0.0,0.02040816326530612,0.0,0.0,0.00510204081632653
IND562125AAA,0.022222222222222223,0.02040816326530612,1.5150206724570758e-06,0.0,0.010658353882218315
IND563101AAB,0.044444444444444446,0.061224489795918366,0.003358800830837337,0.5,0.02809663397550937
IND563130AAA,0.044444444444444446,0.02040816326530612,0.0016725828223926116,0.6666666666666666,0.017049443338633948
IND563131AAB,0.06666666666666667,0.061224489795918366,0.008365944153307972,0.5,0.03615576119230024
IND560300AAB,0.06666666666666667,0.08163265306122448,3.181543412159859e-05,0.3,0.03709073764903359
IND563116AAA,0.044444444444444446,0.02040816326530612,0.0,1.0,0.016213151927437643
IND563125AAB,0.06666666666666667,0.04081632653061224,0.00334668066545768,0.5,0.02854408863204857
IND561203AAB,0.022222222222222223,0.02040816326530612,0.0,1.0,0.010657596371882086
IND562101AAA,0.044444444444444446,0.02040816326530612,0.003381526140924193,0.6666666666666666,0.01790391499789974
IND561207AAB,0.022222222222222223,0.04081632653061224,0.0016953081324794677,0.6666666666666666,0.01660729125444835
IND562108AAA,0.022222222222222223,0.02040816326530612,0.0,1.0,0.010657596371882086
IND572101AAA,0.06666666666666667,0.04081632653061224,0.006753962157813644,0.3,0.03024772937822655
IND562117AAA,0.022222222222222223,0.02040816326530612,0.001677127884409983,0.0,0.011496160314087078
IND560066AAB,0.022222222222222223,0.0,0.0,0.0,0.005555555555555556
IND570020AAA,0.08888888888888889,0.061224489795918366,0.011867156927356275,0.09523809523809523,0.043461923134879954
IND573201AAB,0.08888888888888889,0.1020408163265306,0.050138094134294466,0.14285714285714285,0.07280147337100211
IND577002AAA,0.08888888888888889,0.061224489795918366,0.013395812785865463,0.26666666666666666,0.044226251064134546
IND577501AAA,0.044444444444444446,0.02040816326530612,0.0016740978430650688,0.6666666666666666,0.017050200848970177
IND577598AAC,0.022222222222222223,0.02040816326530612,0.0,1.0,0.010657596371882086
IND583101AAA,0.06666666666666667,0.04081632653061224,0.01675006855468543,0.16666666666666666,0.03524578257666244
IND562132AAC,0.0,0.02040816326530612,0.0,0.0,0.00510204081632653
IND562159AAA,0.0,0.02040816326530612,0.0,0.0,0.00510204081632653
IND563131AAA,0.022222222222222223,0.02040816326530612,0.0,1.0,0.010657596371882086
IND571301AAA,0.022222222222222223,0.02040816326530612,0.005090469459455775,0.0,0.013202831101609972
IND571430AAA,0.044444444444444446,0.02040816326530612,0.0017195484632387809,0.3333333333333333,0.017072926159057034
IND571602AAA,0.022222222222222223,0.0,0.0,0.0,0.005555555555555556
IND571104AAA,0.022222222222222223,0.04081632653061224,0.005026838591212577,0.3333333333333333,0.018273056483814904
IND573142AAA,0.06666666666666667,0.02040816326530612,0.008355339008600773,0.3333333333333333,0.02594637698729358
IND577598AAB,0.022222222222222223,0.02040816326530612,0.0,1.0,0.010657596371882086
IND571105AAA,0.0,0.04081632653061224,0.0,1.0,0.01020408163265306
IND571114AAA,0.044444444444444446,0.02040816326530612,2.4240330759313213e-05,0.6666666666666666,0.016225272092817298
IND571213AAA,0.022222222222222223,0.04081632653061224,1.3635186052113681e-05,0.6666666666666666,0.015766454781234673
IND571111AAB,0.022222222222222223,0.02040816326530612,0.003401221409666135,0.0,0.012358207076715155
IND571313AAB,0.022222222222222223,0.02040816326530612,0.0017119733598764957,0.0,0.011513583051820334
IND571124AAA,0.022222222222222223,0.02040816326530612,3.0300413449141515e-05,1.0,0.010672746578606656
IND571440AAA,0.022222222222222223,0.02040816326530612,2.2725310086856135e-05,0.0,0.010668959026925514
IND571401AAA,0.022222222222222223,0.02040816326530612,1.5150206724570758e-06,0.0,0.010658353882218315
IND562160AAB,0.022222222222222223,0.0,0.0,0.0,0.005555555555555556
IND571426AAA,0.044444444444444446,0.02040816326530612,0.00503592871524732,0.3333333333333333,0.0187311162850613
IND571432AAB,0.022222222222222223,0.02040816326530612,0.005045018839282062,1.0,0.013180105791523115
IND571438AAB,0.0,0.02040816326530612,0.0,0.0,0.00510204081632653
IND572201AAB,0.044444444444444446,0.08163265306122448,0.006700936434277646,0.5,0.034869742593556054
IND573103AAA,0.044444444444444446,0.04081632653061224,0.0,0.6666666666666666,0.021315192743764172
IND577101AAA,0.06666666666666667,0.04081632653061224,0.003358800830837337,0.3333333333333333,0.028550148714738398
IND577116AAA,0.06666666666666667,0.02040816326530612,3.0300413449141517e-06,0.6666666666666666,0.021770222503665653
IND573116AAA,0.022222222222222223,0.061224489795918366,0.008400789628774486,0.3333333333333333,0.02506207281892239
IND573134AAB,0.044444444444444446,0.04081632653061224,0.005016233446505378,0.3333333333333333,0.023823309467016864
IND574104AAA,0.022222222222222223,0.02040816326530612,0.0016740978430650688,0.0,0.01149464529341462
IND574216AAA,0.044444444444444446,0.04081632653061224,0.005016233446505378,0.3333333333333333,0.023823309467016864
IND574117AAA,0.022222222222222223,0.04081632653061224,0.0,0.6666666666666666,0.015759637188208615
IND576101AAA,0.044444444444444446,0.02040816326530612,0.002187689851028017,0.6666666666666666,0.017306996852951652
IND576201AAA,0.044444444444444446,0.02040816326530612,0.003852697570058344,0.3333333333333333,0.018139500712466814
IND574202AAA,0.022222222222222223,0.02040816326530612,0.0033648609135271653,0.0,0.01234002682864567
IND574239AAA,0.022222222222222223,0.02040816326530612,0.0033557707894924225,0.0,0.012335481766628298
IND574211AAA,0.022222222222222223,0.04081632653061224,0.006725176765036959,0.3333333333333333,0.019122225570727097
IND574221AAA,0.022222222222222223,0.02040816326530612,0.00334668066545768,0.0,0.012330936704610926
IND574227AAA,0.022222222222222223,0.02040816326530612,0.0016831879670998113,0.0,0.011499190355431992
IND575014AAA,0.022222222222222223,0.02040816326530612,0.00020452779078170523,1.0,0.01075986026727294
IND671323AAD,0.022222222222222223,0.02040816326530612,0.0016862180084447253,0.0,0.01150070537610445
IND581320AAA,0.044444444444444446,0.04081632653061224,0.0058252544855974565,0.0,0.0242278199865629
IND581110AAE,0.044444444444444446,0.04081632653061224,0.0033557707894924225,0.6666666666666666,0.022993078138510384
IND581115AAC,0.022222222222222223,0.02040816326530612,0.0,1.0,0.010657596371882086
IND577132AAD,0.022222222222222223,0.02040816326530612,0.0033451656447852232,1.0,0.012330179194274697
IND577126AAA,0.022222222222222223,0.02040816326530612,0.0016740978430650688,1.0,0.01149464529341462
IND577201AAA,0.06666666666666667,0.04081632653061224,0.008379579339360085,0.3,0.03106053796899977
IND577432AAA,0.022222222222222223,0.02040816326530612,0.0016831879670998113,1.0,0.011499190355431992
IND577401AAA,0.022222222222222223,0.04081632653061224,0.0,0.6666666666666666,0.015759637188208615
IND577522AAA,0.022222222222222223,0.02040816326530612,0.010006711541578986,0.0,0.015660952142671578
IND577535AAC,0.022222222222222223,0.02040816326530612,0.010015801665613729,0.0,0.01566549720468895
IND580002AAA,0.044444444444444446,0.02040816326530612,0.0,1.0,0.016213151927437643
IND581402AAA,0.022222222222222223,0.04081632653061224,0.006719116682347131,0.3333333333333333,0.019119195529382182
IND590016AAA,0.044444444444444446,0.02040816326530612,0.0016831879670998113,1.0,0.01705474591098755
IND591115AAB,0.044444444444444446,0.04081632653061224,1.5150206724570758e-06,1.0,0.0213159502541004
IND591123AAC,0.022222222222222223,0.02040816326530612,0.005045018839282062,0.0,0.013180105791523115
IND581119AAB,0.022222222222222223,0.02040816326530612,0.0,1.0,0.010657596371882086
IND581325AAA,0.044444444444444446,0.02040816326530612,0.00334668066545768,0.3333333333333333,0.017886492260166482
IND581334AAA,0.044444444444444446,0.061224489795918366,0.0029679254973434114,0.3333333333333333,0.027901196308762408
IND581343AAC,0.022222222222222223,0.02040816326530612,0.0,1.0,0.010657596371882086
IND582101AAB,0.044444444444444446,0.02040816326530612,0.0050177484671778344,0.3333333333333333,0.01872202616102656
IND582209AAA,0.022222222222222223,0.02040816326530612,0.0,1.0,0.010657596371882086
IND583201AAA,0.06666666666666667,0.061224489795918366,0.008390184484067286,0.3333333333333333,0.0361678813576799
IND583119AAA,0.022222222222222223,0.02040816326530612,0.0,1.0,0.010657596371882086
IND583227AAA,0.022222222222222223,0.04081632653061224,0.0016831879670998113,1.0,0.01660123117175852
IND583231AAA,0.022222222222222223,0.02040816326530612,0.0,1.0,0.010657596371882086
IND584123AAA,0.022222222222222223,0.02040816326530612,0.0033724360168894507,0.0,0.012343814380326812
IND584128AAA,0.022222222222222223,0.02040816326530612,0.0016877330291171825,0.0,0.011501462886440678
IND583121AAA,0.022222222222222223,0.0,0.0,0.0,0.005555555555555556
IND585211AAA,0.044444444444444446,0.04081632653061224,0.0016725828223926116,0.0,0.022151484154960478
IND585307AAB,0.044444444444444446,0.04081632653061224,0.001681672946427354,0.0,0.02215602921697785
IND585314AAA,0.044444444444444446,0.04081632653061224,0.0016725828223926116,0.0,0.022151484154960478
IND585330AAE,0.022222222222222223,0.02040816326530612,0.01666825743837275,0.0,0.01899172509106846
IND586128AAA,0.044444444444444446,0.04081632653061224,0.001681672946427354,0.0,0.02215602921697785
IND585222AAA,0.044444444444444446,0.04081632653061224,3.0300413449141517e-06,0.0,0.02131670776443663
IND586211AAA,0.044444444444444446,0.04081632653061224,3.0300413449141517e-06,0.0,0.02131670776443663
IND585401AAA,0.022222222222222223,0.02040816326530612,0.016659167314338006,0.0,0.018987180029051087
IND586101AAA,0.022222222222222223,0.02040816326530612,0.0,0.0,0.010657596371882086
IND586101AAB,0.044444444444444446,0.02040816326530612,0.0066903312895704465,0.3333333333333333,0.019558317572222865
IND587103AAB,0.022222222222222223,0.04081632653061224,0.00503592871524732,0.3333333333333333,0.018277601545832276
IND591302AAB,0.022222222222222223,0.04081632653061224,0.0016740978430650688,1.0,0.01659668610974115
IND591102AAA,0.022222222222222223,0.02040816326530612,0.001680157925754897,0.0,0.011497675334759535
IND591307AAC,0.022222222222222223,0.061224489795918366,0.00335728581016488,0.16666666666666666,0.022540320909617585
IND591126AAA,0.0,0.02040816326530612,0.0,0.0,0.00510204081632653
IND591201AAA,0.022222222222222223,0.04081632653061224,0.0083932145254122,0.3333333333333333,0.019956244450914713
IND591304AAA,0.022222222222222223,0.04081632653061224,0.0016831879670998113,0.3333333333333333,0.01660123117175852
IND580030AAA,0.022222222222222223,0.0,0.0,0.0,0.005555555555555556
IND600004AAA,0.022222222222222223,0.02040816326530612,0.0,0.0,0.010657596371882086
IND600008AAC,0.06666666666666667,0.061224489795918366,0.005040473777264691,0.16666666666666666,0.0344930260042786
IND600008AAA,0.0,0.02040816326530612,0.0,0.0,0.00510204081632653
IND600013AAA,0.022222222222222223,0.0,0.0,0.0,0.005555555555555556
IND600016AAA,0.0,0.02040816326530612,0.0,0.0,0.00510204081632653
IND600119AAA,0.044444444444444446,0.02040816326530612,0.0016756128637375257,0.0,0.017050958359306406
IND600016AAB,0.0,0.02040816326530612,0.0,0.0,0.00510204081632653
IND600016AAC,0.044444444444444446,0.04081632653061224,0.0050298686325574915,0.0,0.023830127060042918
IND600032AAB,0.06666666666666667,0.08163265306122448,0.0,0.5,0.03707482993197279
IND600044AAD,0.11111111111111112,0.1020408163265306,0.015074455690947904,0.2,0.06082520970488438
IND600076AAB,0.044444444444444446,0.04081632653061224,0.0,1.0,0.021315192743764172
IND600048AAA,0.044444444444444446,0.02040816326530612,0.0,1.0,0.016213151927437643
IND603001AAA,0.022222222222222223,0.02040816326530612,0.0016831879670998113,1.0,0.011499190355431992
IND603203AAA,0.044444444444444446,0.04081632653061224,0.0016756128637375257,0.3333333333333333,0.022152999175632935
IND600044AAE,0.022222222222222223,0.02040816326530612,0.0,0.0,0.010657596371882086
IND600056AAA,0.022222222222222223,0.02040816326530612,0.0016862180084447253,0.0,0.01150070537610445
IND602105AAB,0.022222222222222223,0.0,0.0,0.0,0.005555555555555556
IND600110AAA,0.022222222222222223,0.04081632653061224,0.0016847029877722682,0.0,0.01660198868209475
IND600116AAB,0.08888888888888889,0.061224489795918366,0.011742925232214794,0.1,0.04339980728730922
IND605010AAB,0.044444444444444446,0.061224489795918366,0.030067100265583124,0.0,0.04145078369288227
IND605601AAA,0.06666666666666667,0.061224489795918366,0.020083114034090997,0.0,0.042014346132691754
IND631501AAA,0.022222222222222223,0.04081632653061224,0.0016831879670998113,1.0,0.01660123117175852
IND635802AAB,0.08888888888888889,0.04081632653061224,0.0067100265583123885,0.4,0.03578131713403148
IND600073AAA,0.0,0.02040816326530612,0.0,0.0,0.00510204081632653
IND600083AAA,0.0,0.02040816326530612,0.0,0.0,0.00510204081632653
IND600056AAD,0.022222222222222223,0.0,0.0,0.0,0.005555555555555556
IND602024AAA,0.022222222222222223,0.04081632653061224,0.0016831879670998113,1.0,0.01660123117175852
IND602001AAA,0.022222222222222223,0.02040816326530612,0.0,1.0,0.010657596371882086
IND602001AAB,0.0,0.02040816326530612,0.0,0.0,0.00510204081632653
IND609001AAA,0.022222222222222223,0.02040816326530612,3.0300413449141517e-06,0.0,0.010659111392554543
IND603301AAA,0.022222222222222223,0.02040816326530612,0.0016740978430650688,1.0,0.01149464529341462
IND603102AAA,0.022222222222222223,0.02040816326530612,0.0016740978430650688,0.0,0.01149464529341462
IND604303AAA,0.022222222222222223,0.02040816326530612,0.0016831879670998113,0.0,0.011499190355431992
IND607001AAA,0.022222222222222223,0.02040816326530612,0.011745955273559709,0.0,0.01653057400866194
IND607106AAA,0.022222222222222223,0.02040816326530612,0.006723661744364502,0.0,0.014019427244064336
IND636102AAA,0.022222222222222223,0.02040816326530612,0.0,0.0,0.010657596371882086
IND606003AAA,0.022222222222222223,0.02040816326530612,0.006705481496295017,0.0,0.014010337120029595
IND606105AAA,0.022222222222222223,0.02040816326530612,0.006696391372260275,0.0,0.014005792058012223
IND606201AAC,0.022222222222222223,0.02040816326530612,0.006687301248225533,0.0,0.014001246995994851
IND606801AAB,0.022222222222222223,0.02040816326530612,0.0016740978430650688,0.0,0.01149464529341462
IND606803AAA,0.022222222222222223,0.02040816326530612,0.0016831879670998113,0.0,0.011499190355431992
IND608001AAA,0.022222222222222223,0.02040816326530612,0.011736865149524966,0.0,0.01652602894664457
IND607801AAA,0.022222222222222223,0.02040816326530612,0.00671457162032976,0.0,0.014014882182046967
IND609110AAA,0.022222222222222223,0.02040816326530612,0.011727775025490224,0.0,0.016521483884627198
IND608301AAA,0.022222222222222223,0.02040816326530612,1.5150206724570758e-05,0.0,0.010665171475244371
IND639104AAB,0.022222222222222223,0.02040816326530612,9.090124034742456e-06,0.0,0.010662141433899458
IND614018AAA,0.022222222222222223,0.02040816326530612,3.0300413449141517e-06,0.0,0.010659111392554543
IND609602AAA,0.022222222222222223,0.02040816326530612,0.011718684901455481,0.0,0.016516938822609826
IND611001AAA,0.022222222222222223,0.02040816326530612,0.011709594777420737,0.0,0.016512393760592454
IND610001AAA,0.044444444444444446,0.04081632653061224,0.015050215360188591,0.16666666666666666,0.02884030042385847
IND614715AAA,0.022222222222222223,0.02040816326530612,0.0016831879670998113,1.0,0.011499190355431992
IND613104AAA,0.022222222222222223,0.0,0.0,0.0,0.005555555555555556
IND614602AAA,0.0,0.02040816326530612,0.0,0.0,0.00510204081632653
IND614804AAA,0.022222222222222223,0.02040816326530612,6.060082689828303e-06,0.0,0.010660626413227
IND614616AAA,0.022222222222222223,0.02040816326530612,9.090124034742456e-06,0.0,0.010662141433899458
IND630002AAA,0.022222222222222223,0.02040816326530612,9.090124034742456e-06,0.0,0.010662141433899458
IND614620AAA,0.022222222222222223,0.02040816326530612,4.090555815634104e-05,0.0,0.010678049150960257
IND630561AAA,0.022222222222222223,0.04081632653061224,5.9085806225825956e-05,0.0,0.01578918009132153
IND614809AAA,0.022222222222222223,0.02040816326530612,0.0016740978430650688,1.0,0.01149464529341462
IND620020AAA,0.0,0.02040816326530612,0.0,0.0,0.00510204081632653
IND621112AAA,0.022222222222222223,0.02040816326530612,1.5150206724570758e-06,0.0,0.010658353882218315
IND621010AAA,0.022222222222222223,0.02040816326530612,9.090124034742456e-06,0.0,0.010662141433899458
IND621212AAA,0.044444444444444446,0.02040816326530612,1.6665227397027834e-05,0.3333333333333333,0.016221484541136155
IND620012AAA,0.044444444444444446,0.0,0.0,0.0,0.011111111111111112
IND621211AAA,0.0,0.02040816326530612,0.0,0.0,0.00510204081632653
IND621704AAA,0.022222222222222223,0.02040816326530612,1.8180248069484912e-05,1.0,0.010666686495916828
IND621306AAA,0.0,0.02040816326530612,0.0,0.0,0.00510204081632653
IND625106AAA,0.022222222222222223,0.02040816326530612,1.060514470719953e-05,0.0,0.010662898944235687
IND621802AAA,0.022222222222222223,0.04081632653061224,1.9695268741941983e-05,0.3333333333333333,0.015769484822579588
IND622407AAA,0.022222222222222223,0.02040816326530612,6.060082689828303e-06,0.0,0.010660626413227
IND622001AAA,0.022222222222222223,0.0,0.0,0.0,0.005555555555555556
IND623315AAB,0.022222222222222223,0.02040816326530612,2.2725310086856135e-05,0.0,0.010668959026925514
IND623407AAA,0.022222222222222223,0.02040816326530612,4.545062017371228e-06,0.0,0.010659868902890772
IND623503AAA,0.022222222222222223,0.02040816326530612,7.57510336228538e-05,0.0,0.010695471888693513
IND623526AAA,0.022222222222222223,0.02040816326530612,8.181111631268208e-05,0.0,0.010698501930038427
IND623704AAA,0.022222222222222223,0.02040816326530612,8.484115765759624e-05,0.0,0.010700016950710885
IND623701AAA,0.022222222222222223,0.02040816326530612,6.666090958811134e-05,0.0,0.01069092682667614
IND626607AAB,0.022222222222222223,0.02040816326530612,8.484115765759624e-05,0.0,0.010700016950710885
IND624001AAA,0.044444444444444446,0.061224489795918366,8.787119900251039e-05,0.2,0.026461169159591957
IND624619AAA,0.044444444444444446,0.02040816326530612,7.57510336228538e-05,0.6666666666666666,0.01625102744424907
IND624703AAA,0.044444444444444446,0.02040816326530612,4.9995682191083495e-05,0.3333333333333333,0.016238149768533182
IND625008AAA,0.11111111111111112,0.061224489795918366,0.00021967799750627597,0.047619047619047616,0.04319373922551051
IND624101AAA,0.022222222222222223,0.02040816326530612,1.6665227397027834e-05,0.0,0.0106659289855806
IND624202AAA,0.022222222222222223,0.02040816326530612,2.5755351431770288e-05,0.0,0.01067047404759797
IND625218AAA,0.022222222222222223,0.02040816326530612,3.484547546651274e-05,0.0,0.010675019109615342
IND624601AAA,0.022222222222222223,0.04081632653061224,8.484115765759624e-05,0.3333333333333333,0.015802057767037414
IND625516AAA,0.044444444444444446,0.02040816326530612,9.090124034742456e-06,0.3333333333333333,0.016217696989455015
IND626123AAA,0.022222222222222223,0.02040816326530612,0.00011362655043428067,0.0,0.010714409647099226
IND685514AAA,0.06666666666666667,0.02040816326530612,2.2725310086856135e-05,0.3333333333333333,0.021780070138036622
IND625531AAA,0.022222222222222223,0.02040816326530612,1.5150206724570758e-06,0.0,0.010658353882218315
IND625532AAA,0.0,0.04081632653061224,0.0,0.0,0.01020408163265306
IND626117AAA,0.022222222222222223,0.02040816326530612,4.9995682191083495e-05,0.0,0.010682594212977629
IND626138AAA,0.022222222222222223,0.02040816326530612,1.8180248069484912e-05,0.0,0.010666686495916828
IND627756AAA,0.022222222222222223,0.02040816326530612,8.181111631268208e-05,0.0,0.010698501930038427
IND627005AAA,0.06666666666666667,0.08163265306122448,6.514588891565426e-05,0.09523809523809523,0.03710740287643061
IND627117AAA,0.022222222222222223,0.02040816326530612,0.0,1.0,0.010657596371882086
IND627811AAA,0.022222222222222223,0.02040816326530612,9.090124034742456e-06,1.0,0.010662141433899458
IND628801AAA,0.022222222222222223,0.02040816326530612,2.2725310086856135e-05,0.0,0.010668959026925514
IND629001AAA,0.044444444444444446,0.0,0.0,1.0,0.011111111111111112
IND627401AAA,0.022222222222222223,0.02040816326530612,1.060514470719953e-05,1.0,0.010662898944235687
IND627657AAA,0.022222222222222223,0.02040816326530612,2.5755351431770288e-05,0.0,0.01067047404759797
IND628613AAA,0.022222222222222223,0.02040816326530612,2.7270372104227363e-05,0.0,0.010671231557934199
IND628204AAA,0.022222222222222223,0.02040816326530612,2.4240330759313213e-05,0.0,0.010669716537261743
IND629179AAA,0.0,0.02040816326530612,0.0,0.0,0.00510204081632653
IND631003AAA,0.022222222222222223,0.02040816326530612,0.0,1.0,0.010657596371882086
IND631102AAA,0.022222222222222223,0.02040816326530612,0.0016740978430650688,0.0,0.01149464529341462
IND632301AAA,0.022222222222222223,0.04081632653061224,0.0033648609135271653,0.0,0.0174420676449722
IND632402AAA,0.022222222222222223,0.02040816326530612,0.0016831879670998113,0.0,0.011499190355431992
IND636705AAB,0.044444444444444446,0.04081632653061224,0.0016756128637375257,0.3333333333333333,0.022152999175632935
IND635207AAA,0.022222222222222223,0.02040816326530612,0.0,1.0,0.010657596371882086
IND635601AAB,0.022222222222222223,0.04081632653061224,0.0016831879670998113,1.0,0.01660123117175852
IND636005AAA,0.0,0.04081632653061224,0.0,0.0,0.01020408163265306
IND636005AAC,0.022222222222222223,0.0,0.0,0.0,0.005555555555555556
IND636016AAA,0.022222222222222223,0.04081632653061224,3.0300413449141517e-06,0.3333333333333333,0.015761152208881073
IND636402AAA,0.044444444444444446,0.0,0.0,1.0,0.011111111111111112
IND637211AAA,0.022222222222222223,0.02040816326530612,0.0,1.0,0.010657596371882086
IND636352AAA,0.0,0.02040816326530612,0.0,0.0,0.00510204081632653
IND637301AAA,0.0,0.02040816326530612,0.0,0.0,0.00510204081632653
IND638001AAA,0.022222222222222223,0.02040816326530612,1.5150206724570758e-06,0.0,0.010658353882218315
IND637408AAA,0.0,0.02040816326530612,0.0,0.0,0.00510204081632653
IND637001AAA,0.022222222222222223,0.0,0.0,0.0,0.005555555555555556
IND638052AAA,0.022222222222222223,0.0,0.0,0.0,0.005555555555555556
IND638401AAA,0.022222222222222223,0.02040816326530612,4.9995682191083495e-05,0.0,0.010682594212977629
IND638452AAA,0.022222222222222223,0.02040816326530612,4.848066151862643e-05,0.0,0.0106818367026414
IND638501AAB,0.022222222222222223,0.02040816326530612,4.696564084616935e-05,0.0,0.010681079192305171
IND641062AAD,0.15555555555555556,0.16326530612244897,0.0003878452921490114,0.06060606060606061,0.07989913806557564
IND638657AAA,0.022222222222222223,0.02040816326530612,6.969095093302548e-05,0.0,0.010692441847348598
IND638701AAA,0.022222222222222223,0.02040816326530612,6.817593026056841e-05,0.0,0.01069168433701237
IND641607AAA,0.044444444444444446,0.061224489795918366,0.00017271235666010664,0.16666666666666666,0.026503589738420756
IND639001AAA,0.0,0.02040816326530612,0.0,0.0,0.00510204081632653
IND641001AAA,0.044444444444444446,0.02040816326530612,2.2725310086856135e-05,1.0,0.01622451458248107
IND641006AAD,0.0,0.02040816326530612,0.0,0.0,0.00510204081632653
IND641008AAA,0.022222222222222223,0.04081632653061224,2.5755351431770288e-05,0.6666666666666666,0.015772514863924503
IND641011AAA,0.022222222222222223,0.02040816326530612,0.0,1.0,0.010657596371882086
IND642001AAA,0.044444444444444446,0.04081632653061224,2.4240330759313213e-05,1.0,0.02132731290914383
IND642126AAA,0.044444444444444446,0.02040816326530612,0.0,1.0,0.016213151927437643
IND643217AAA,0.044444444444444446,0.02040816326530612,7.120597160548256e-05,0.3333333333333333,0.016248754913240383
IND643231AAA,0.022222222222222223,0.02040816326530612,0.0,1.0,0.010657596371882086
IND641654AAA,0.022222222222222223,0.02040816326530612,0.0,1.0,0.010657596371882086
IND641664AAA,0.044444444444444446,0.02040816326530612,7.120597160548256e-05,0.3333333333333333,0.016248754913240383
IND643001AAA,0.022222222222222223,0.02040816326530612,6.969095093302548e-05,0.0,0.010692441847348598
IND643212AAA,0.022222222222222223,0.02040816326530612,6.817593026056841e-05,0.0,0.01069168433701237
IND670643AAA,0.022222222222222223,0.02040816326530612,0.006749417095796273,0.0,0.014032304919780223
IND670645AAB,0.044444444444444446,0.02040816326530612,0.00167864290508244,1.0,0.017052473379978863
IND673592AAA,0.044444444444444446,0.061224489795918366,0.00503592871524732,0.16666666666666666,0.028935197917714362
IND671315AAA,0.0,0.02040816326530612,0.0,0.0,0.00510204081632653
IND000000ACO,0.022222222222222223,0.0,0.0,0.0,0.005555555555555556
IND673104AAA,0.06666666666666667,0.02040816326530612,0.003386071202941564,0.3333333333333333,0.023461743084463978
IND673305AAA,0.044444444444444446,0.02040816326530612,0.0,0.6666666666666666,0.016213151927437643
IND673506AAA,0.022222222222222223,0.02040816326530612,0.005067744149368918,0.0,0.013191468446566545
IND673121AAA,0.022222222222222223,0.02040816326530612,0.0,1.0,0.010657596371882086
IND673573AAA,0.0,0.02040816326530612,0.0,0.0,0.00510204081632653
IND676306AAA,0.022222222222222223,0.02040816326530612,4.242057882879812e-05,0.0,0.010678806661296485
IND676509AAA,0.022222222222222223,0.04081632653061224,3.6360496138969824e-05,0.0,0.0157778174362781
IND678583AAA,0.022222222222222223,0.0,0.0,0.0,0.005555555555555556
IND679322AAA,0.022222222222222223,0.02040816326530612,1.3635186052113681e-05,0.0,0.010664413964908144
IND678683AAA,0.022222222222222223,0.02040816326530612,0.0016831879670998113,0.0,0.011499190355431992
IND679303AAA,0.022222222222222223,0.02040816326530612,0.00503592871524732,0.0,0.013175560729505747
IND679531AAA,0.022222222222222223,0.02040816326530612,0.005026838591212577,0.0,0.013171015667488375
IND673639AAA,0.044444444444444446,0.0,0.0,0.0,0.011111111111111112
IND679329AAA,0.0,0.02040816326530612,0.0,0.0,0.00510204081632653
IND680587AAA,0.022222222222222223,0.04081632653061224,0.0050177484671778344,0.3333333333333333,0.018268511421797536
IND680012AAA,0.022222222222222223,0.02040816326530612,0.005045018839282062,0.0,0.013180105791523115
IND68004AAA,0.044444444444444446,0.04081632653061224,0.0033648609135271653,0.3333333333333333,0.022997623200527756
IND680104AAA,0.022222222222222223,0.02040816326530612,0.0016862180084447253,0.0,0.01150070537610445
IND679576AAA,0.022222222222222223,0.0,0.0,0.0,0.005555555555555556
IND680307AAA,0.022222222222222223,0.04081632653061224,0.00167864290508244,0.3333333333333333,0.016598958640749836
IND680712AAA,0.022222222222222223,0.02040816326530612,0.0,1.0,0.010657596371882086
IND686028AAB,0.06666666666666667,0.04081632653061224,0.010165788712186978,0.0,0.031953642655413214
IND683572AAA,0.0,0.02040816326530612,0.0,0.0,0.00510204081632653
IND686632AAA,0.022222222222222223,0.02040816326530612,0.0016983381738243817,0.0,0.011506765458794276
IND689101AAA,0.022222222222222223,0.04081632653061224,0.0050813793354210325,0.3333333333333333,0.018300326855919133
IND686507AAA,0.022222222222222223,0.04081632653061224,0.0,1.0,0.015759637188208615
IND686513AAA,0.022222222222222223,0.04081632653061224,0.0,1.0,0.015759637188208615
IND686540AAA,0.044444444444444446,0.02040816326530612,2.121028941439906e-05,0.3333333333333333,0.01622375707214484
IND686141AAA,0.022222222222222223,0.0,0.0,0.0,0.005555555555555556
IND688009AAA,0.022222222222222223,0.02040816326530612,1.8180248069484912e-05,0.0,0.010666686495916828
IND688524AAA,0.0,0.02040816326530612,0.0,0.0,0.00510204081632653
IND689650AAA,0.022222222222222223,0.02040816326530612,0.0,1.0,0.010657596371882086
IND690548AAA,0.044444444444444446,0.02040816326530612,0.0017059132771866674,0.3333333333333333,0.017066108566030976
IND689503AAB,0.022222222222222223,0.02040816326530612,0.001677127884409983,0.0,0.011496160314087078
IND689645AAA,0.022222222222222223,0.02040816326530612,0.003398191368321221,1.0,0.012356692056042697
IND691551AAA,0.044444444444444446,0.02040816326530612,0.005067744149368918,0.3333333333333333,0.018747024002122102
IND690537AAA,0.0,0.02040816326530612,0.0,0.0,0.00510204081632653
IND691001AAB,0.044444444444444446,0.08163265306122448,0.025285695023308595,0.0,0.04416212188807153
IND690573AAA,0.022222222222222223,0.0,0.0,0.0,0.005555555555555556
IND691506AAA,0.022222222222222223,0.02040816326530612,5.9085806225825956e-05,0.0,0.010687139274994999
IND695012AAA,0.11111111111111112,0.04081632653061224,0.01693187103538028,0.0,0.046447794928120976
IND691305AAA,0.022222222222222223,0.04081632653061224,0.0017286385872735234,0.3333333333333333,0.01662395648184538
IND691574AAA,0.044444444444444446,0.02040816326530612,0.003416371616390706,0.3333333333333333,0.017921337735632994
IND695614AAA,0.022222222222222223,0.02040816326530612,0.005085924397438404,0.0,0.013200558570601286
IND695101AAB,0.044444444444444446,0.04081632653061224,5.4540744208454725e-05,0.3333333333333333,0.021342463115868397
IND695012AAB,0.0,0.02040816326530612,0.0,0.0,0.00510204081632653
IND695541AAA,0.044444444444444446,0.04081632653061224,0.0050813793354210325,0.3333333333333333,0.02385588241147469
IND695582AAA,0.0,0.04081632653061224,0.0,1.0,0.01020408163265306
IND695609AAA,0.022222222222222223,0.02040816326530612,0.006755477178486101,0.0,0.014035334961125138
IND700026AAC,0.044444444444444446,0.04081632653061224,0.0,1.0,0.021315192743764172
IND700065AAA,0.044444444444444446,0.04081632653061224,0.0,1.0,0.021315192743764172
IND700053AAA,0.06666666666666667,0.08163265306122448,0.015085060835655103,0.2,0.044617360349800336
IND700136AAB,0.022222222222222223,0.02040816326530612,0.0,1.0,0.010657596371882086
IND700144AAA,0.022222222222222223,0.02040816326530612,0.0016831879670998113,1.0,0.011499190355431992
IND743513AAA,0.022222222222222223,0.02040816326530612,0.0016831879670998113,1.0,0.011499190355431992
IND700065AAB,0.0,0.02040816326530612,0.0,0.0,0.00510204081632653
IND712310AAA,0.044444444444444446,0.0,0.0,0.0,0.011111111111111112
IND700088AAA,0.022222222222222223,0.02040816326530612,0.0,0.0,0.010657596371882086
IND700136AAG,0.0,0.02040816326530612,0.0,0.0,0.00510204081632653
IND743395AAA,0.022222222222222223,0.02040816326530612,0.0016740978430650688,1.0,0.01149464529341462
IND711303AAA,0.022222222222222223,0.02040816326530612,0.006769112364538215,1.0,0.014042152554151192
IND721134AAB,0.022222222222222223,0.04081632653061224,0.00508743941811086,0.3333333333333333,0.018303356897264048
IND712103AAA,0.044444444444444446,0.04081632653061224,1.060514470719953e-05,1.0,0.021320495316117773
IND712124AAA,0.044444444444444446,0.04081632653061224,0.0,1.0,0.021315192743764172
IND712310AAE,0.11111111111111112,0.08163265306122448,0.013530649625714144,0.09523809523809523,0.05495126585594097
IND711409AAA,0.022222222222222223,0.0,0.0,0.0,0.005555555555555556
IND712410AAC,0.022222222222222223,0.02040816326530612,0.0067221467236920456,0.0,0.014018669733728107
IND713103AAA,0.022222222222222223,0.02040816326530612,0.0,1.0,0.010657596371882086
IND713145AAB,0.022222222222222223,0.04081632653061224,0.005058654025334176,0.0,0.018288964200875703
IND713205AAB,0.15555555555555556,0.22448979591836732,0.05991149249231506,0.054945054945054944,0.12496708411463825
IND721306AAA,0.08888888888888889,0.08163265306122448,0.02010129428216048,0.09523809523809523,0.052681032628608584
IND732103AAB,0.08888888888888889,0.061224489795918366,0.013603370617992083,0.047619047619047616,0.04433002998019786
IND742101AAC,0.13333333333333333,0.12244897959183673,0.054830113156894025,0.05454545454545454,0.09136063480973952
IND742102AAB,0.11111111111111112,0.1020408163265306,0.006713056599657303,0.027777777777777776,0.05664451015923908
IND743235AAA,0.022222222222222223,0.02040816326530612,0.0016831879670998113,1.0,0.011499190355431992
IND826004AAA,0.15555555555555556,0.18367346938775508,0.04006169164178246,0.07692307692307693,0.1048381020567189
IND712406AAA,0.022222222222222223,0.04081632653061224,0.006713056599657303,0.0,0.019116165488037268
IND712602AAA,0.044444444444444446,0.04081632653061224,0.003340620582767852,0.3333333333333333,0.022985503035148097
IND712612AAA,0.022222222222222223,0.02040816326530612,0.001681672946427354,0.0,0.011498432845095764
IND722154AAA,0.044444444444444446,0.04081632653061224,0.0016740978430650688,0.3333333333333333,0.022152241665296706
IND713128AAB,0.022222222222222223,0.04081632653061224,0.00503592871524732,0.3333333333333333,0.018277601545832276
IND731204AAB,0.022222222222222223,0.02040816326530612,0.0,1.0,0.010657596371882086
IND731301AAA,0.044444444444444446,0.02040816326530612,0.0050177484671778344,0.3333333333333333,0.01872202616102656
IND713130AAA,0.044444444444444446,0.04081632653061224,4.545062017371228e-06,0.3333333333333333,0.021317465274772858
IND741123AAB,0.044444444444444446,0.02040816326530612,0.003358800830837337,0.6666666666666666,0.017892552342856312
IND741126AAB,0.044444444444444446,0.02040816326530612,0.005026838591212577,0.3333333333333333,0.01872657122304393
IND741101AAB,0.022222222222222223,0.02040816326530612,0.0016877330291171825,0.0,0.011501462886440678
IND741316AAA,0.022222222222222223,0.0,0.0,0.0,0.005555555555555556
IND713148AAA,0.022222222222222223,0.02040816326530612,0.005045018839282062,0.0,0.013180105791523115
IND713303AAA,0.022222222222222223,0.02040816326530612,0.0016831879670998113,0.0,0.011499190355431992
IND722101AAA,0.022222222222222223,0.02040816326530612,0.0,1.0,0.010657596371882086
IND722101AAB,0.022222222222222223,0.02040816326530612,0.0,0.0,0.010657596371882086
IND722101AAC,0.044444444444444446,0.0,0.0,1.0,0.011111111111111112
IND722122AAA,0.044444444444444446,0.02040816326530612,0.0016740978430650688,1.0,0.017050200848970177
IND722143AAB,0.022222222222222223,0.02040816326530612,0.0,1.0,0.010657596371882086
IND722202AAA,0.022222222222222223,0.04081632653061224,0.0,1.0,0.015759637188208615
IND723130AAA,0.08888888888888889,0.04081632653061224,0.016745523492668057,0.2,0.040799065601209314
IND723133AAA,0.044444444444444446,0.02040816326530612,0.0016740978430650688,0.6666666666666666,0.017050200848970177
IND713364AAB,0.022222222222222223,0.02040816326530612,0.0016740978430650688,0.0,0.01149464529341462
IND721102AAA,0.022222222222222223,0.02040816326530612,0.009990046314181959,1.0,0.015652619528973066
IND721133AAA,0.022222222222222223,0.02040816326530612,0.0033648609135271653,0.0,0.01234002682864567
IND721434AAB,0.022222222222222223,0.02040816326530612,0.0033557707894924225,0.0,0.012335481766628298
IND721139AAC,0.044444444444444446,0.04081632653061224,0.0033921312856313927,0.3333333333333333,0.02301125838657987
IND721602AAB,0.044444444444444446,0.02040816326530612,1.5150206724570758e-06,1.0,0.01621390943777387
IND721636AAB,0.022222222222222223,0.02040816326530612,0.0,1.0,0.010657596371882086
IND721212AAA,0.0,0.02040816326530612,0.0,0.0,0.00510204081632653
IND721253AAC,0.044444444444444446,0.04081632653061224,0.0016831879670998113,1.0,0.022156786727314078
IND721501AAC,0.022222222222222223,0.04081632653061224,0.0,1.0,0.015759637188208615
IND721507AAA,0.022222222222222223,0.0,0.0,0.0,0.005555555555555556
IND721401AAA,0.022222222222222223,0.02040816326530612,0.00334668066545768,0.0,0.012330936704610926
IND722140AAA,0.022222222222222223,0.04081632653061224,0.0033557707894924225,0.6666666666666666,0.017437522582954827
IND722151AAA,0.022222222222222223,0.02040816326530612,0.00334668066545768,1.0,0.012330936704610926
IND723101AAA,0.022222222222222223,0.02040816326530612,0.011686869467333882,0.0,0.016501031105549027
IND723202AAA,0.022222222222222223,0.02040816326530612,0.01167777934329914,0.0,0.016496486043531655
IND723131AAA,0.022222222222222223,0.02040816326530612,0.0033648609135271653,1.0,0.01234002682864567
IND731224AAA,0.022222222222222223,0.02040816326530612,0.00671457162032976,0.0,0.014014882182046967
IND742147AAA,0.022222222222222223,0.02040816326530612,0.006705481496295017,0.0,0.014010337120029595
IND731237AAB,0.044444444444444446,0.02040816326530612,0.006723661744364502,0.0,0.019574982799619892
IND732103AAA,0.044444444444444446,0.02040816326530612,0.006747902075123815,0.3333333333333333,0.019587102964999548
IND732138AAA,0.022222222222222223,0.061224489795918366,0.005078349294076118,0.3333333333333333,0.023400852651573205
IND732123AAC,0.06666666666666667,0.02040816326530612,0.001699853194496839,0.6666666666666666,0.022618634080241614
IND732202AAA,0.022222222222222223,0.02040816326530612,0.0017028832358417531,0.0,0.011509037989802962
IND733128AAA,0.022222222222222223,0.04081632653061224,0.005104104645507888,0.3333333333333333,0.018311689510962563
IND732139AAA,0.044444444444444446,0.04081632653061224,2.7270372104227363e-05,0.6666666666666666,0.021328827929816288
IND733102AAA,0.044444444444444446,0.02040816326530612,4.090555815634104e-05,0.3333333333333333,0.016233604706515813
IND733124AAA,0.022222222222222223,0.0,0.0,0.0,0.005555555555555556
IND733140AAA,0.022222222222222223,0.04081632653061224,1.5150206724570758e-06,0.6666666666666666,0.015760394698544844
IND732204AAB,0.022222222222222223,0.04081632653061224,1.060514470719953e-05,0.3333333333333333,0.015764939760562216
IND733129AAB,0.044444444444444446,0.02040816326530612,0.0017195484632387809,0.3333333333333333,0.017072926159057034
IND733134AAA,0.022222222222222223,0.02040816326530612,0.0,1.0,0.010657596371882086
IND733129AAA,0.022222222222222223,0.02040816326530612,2.7270372104227363e-05,0.0,0.010671231557934199
IND733201AAA,0.0,0.02040816326530612,0.0,0.0,0.00510204081632653
IND733202AAB,0.022222222222222223,0.02040816326530612,1.5150206724570758e-06,0.0,0.010658353882218315
IND733210AAA,0.044444444444444446,0.0,0.0,0.0,0.011111111111111112
IND733202AAC,0.0,0.02040816326530612,0.0,0.0,0.00510204081632653
IND734214AAB,0.0,0.02040816326530612,0.0,0.0,0.00510204081632653
IND735224AAA,0.0,0.02040816326530612,0.0,0.0,0.00510204081632653
IND736146AAA,0.022222222222222223,0.02040816326530612,4.545062017371228e-06,0.0,0.010659868902890772
IND736135AAA,0.022222222222222223,0.04081632653061224,6.060082689828303e-06,0.0,0.01576266722955353
IND736101AAA,0.022222222222222223,0.0,0.0,0.0,0.005555555555555556
IND736165AAA,0.022222222222222223,0.0,0.0,0.0,0.005555555555555556
IND741502AAB,0.022222222222222223,0.0,0.0,0.0,0.005555555555555556
IND741121AAA,0.0,0.02040816326530612,0.0,0.0,0.00510204081632653
IND741201AAC,0.022222222222222223,0.02040816326530612,0.001677127884409983,0.0,0.011496160314087078
IND741156AAA,0.022222222222222223,0.04081632653061224,0.0050177484671778344,0.0,0.018268511421797536
IND741165AAB,0.022222222222222223,0.02040816326530612,0.001677127884409983,0.0,0.011496160314087078
IND742121AAB,0.044444444444444446,0.04081632653061224,0.005026838591212577,0.3333333333333333,0.02382861203937046
IND742202AAA,0.022222222222222223,0.04081632653061224,0.008423514938861343,0.3333333333333333,0.019971394657639287
IND742303AAB,0.044444444444444446,0.02040816326530612,0.0016862180084447253,0.0,0.017056260931660003
IND742121AAA,0.022222222222222223,0.04081632653061224,4.545062017371228e-06,0.6666666666666666,0.0157619097192173
IND742137AAA,0.022222222222222223,0.02040816326530612,0.006696391372260275,0.0,0.014005792058012223
IND742401AAA,0.022222222222222223,0.04081632653061224,0.006687301248225533,0.0,0.01910328781232138
IND742148AAA,0.022222222222222223,0.02040816326530612,0.0,1.0,0.010657596371882086
IND742225AAA,0.044444444444444446,0.02040816326530612,0.003360315851509794,0.3333333333333333,0.017893309853192537
IND742149AAA,0.0,0.04081632653061224,0.0,1.0,0.01020408163265306
IND742223AAA,0.022222222222222223,0.02040816326530612,0.00503592871524732,0.0,0.013175560729505747
IND742226AAA,0.022222222222222223,0.04081632653061224,0.006708511537639932,0.0,0.019113892957028582
IND743270AAA,0.022222222222222223,0.02040816326530612,0.0016740978430650688,1.0,0.01149464529341462
IND743347AAA,0.022222222222222223,0.02040816326530612,0.0016740978430650688,1.0,0.01149464529341462
IND754103AAA,0.022222222222222223,0.02040816326530612,0.005040473777264691,0.0,0.013177833260514433
IND756100AAC,0.06666666666666667,0.08163265306122448,0.025088742335889175,0.3,0.049619201099917375
IND760003AAB,0.022222222222222223,0.04081632653061224,0.0033663759341996226,0.3333333333333333,0.017442825155308428
IND751014AAA,0.0,0.02040816326530612,0.0,0.0,0.00510204081632653
IND751015AAA,0.0,0.08163265306122448,0.0,0.8333333333333334,0.02040816326530612
IND752050AAA,0.044444444444444446,0.04081632653061224,1.5150206724570758e-06,0.8333333333333334,0.0213159502541004
IND752055AAA,0.022222222222222223,0.04081632653061224,0.0,1.0,0.015759637188208615
IND752056AAA,0.044444444444444446,0.02040816326530612,0.0,1.0,0.016213151927437643
IND751021AAA,0.0,0.02040816326530612,0.0,0.0,0.00510204081632653
IND752030AAA,0.0,0.02040816326530612,0.0,0.0,0.00510204081632653
IND754022AAA,0.044444444444444446,0.02040816326530612,0.0033481956861301375,0.3333333333333333,0.01788724977050271
IND754142AAA,0.044444444444444446,0.02040816326530612,0.006708511537639932,0.0,0.01956740769625761
IND754211AAA,0.022222222222222223,0.02040816326530612,0.006699421413605189,0.0,0.01400730707868468
IND754160AAA,0.0,0.02040816326530612,0.0,0.0,0.00510204081632653
IND754202AAA,0.022222222222222223,0.02040816326530612,0.0066903312895704465,0.0,0.014002762016667308
IND756019AAA,0.06666666666666667,0.1020408163265306,0.02504329171571546,0.09523809523809523,0.054698516606157044
IND756029AAA,0.022222222222222223,0.02040816326530612,0.018301449723281474,0.0,0.019808321233522823
IND756032AAA,0.022222222222222223,0.02040816326530612,0.0,0.0,0.010657596371882086
IND757001AAA,0.06666666666666667,0.02040816326530612,0.0016740978430650688,0.6666666666666666,0.02260575640452573
IND757025AAA,0.022222222222222223,0.02040816326530612,0.0,1.0,0.010657596371882086
IND757041AAA,0.044444444444444446,0.04081632653061224,0.00334668066545768,1.0,0.022988533076493012
IND756045AAB,0.022222222222222223,0.02040816326530612,0.018354475446817474,0.0,0.019834834095290823
IND757037AAA,0.06666666666666667,0.04081632653061224,0.0033451656447852232,1.0,0.02854333112171234
IND758001AAA,0.08888888888888889,0.04081632653061224,0.00335728581016488,0.5,0.034104946759957726
IND758034AAA,0.022222222222222223,0.061224489795918366,0.0,1.0,0.020861678004535148
IND757024AAA,0.0,0.02040816326530612,0.0,0.0,0.00510204081632653
IND758035AAA,0.022222222222222223,0.02040816326530612,0.0,0.0,0.010657596371882086
IND759122AAC,0.022222222222222223,0.02040816326530612,7.575103362285379e-06,0.0,0.01066138392356323
IND767017AAA,0.044444444444444446,0.04081632653061224,2.4240330759313213e-05,0.0,0.02132731290914383
IND761020AAA,0.022222222222222223,0.0,0.0,0.0,0.005555555555555556
IND762001AAA,0.022222222222222223,0.02040816326530612,7.575103362285379e-06,0.0,0.01066138392356323
IND764059AAA,0.022222222222222223,0.02040816326530612,0.006706996516967474,0.0,0.014011094630365824
IND764071AAB,0.022222222222222223,0.04081632653061224,0.0066979063929327315,0.0,0.01910859038467498
IND764073AAA,0.022222222222222223,0.0,0.0,0.0,0.005555555555555556
IND767001AAA,0.06666666666666667,0.04081632653061224,2.4240330759313213e-05,0.0,0.02688286846469938
IND768004AAD,0.022222222222222223,0.04081632653061224,1.5150206724570758e-05,0.0,0.015767212291570902
IND768028AAA,0.022222222222222223,0.02040816326530612,6.060082689828303e-06,0.0,0.010660626413227
IND768028AAB,0.022222222222222223,0.02040816326530612,0.0,0.0,0.010657596371882086
IND768201AAA,0.0,0.02040816326530612,0.0,0.0,0.00510204081632653
IND770001AAA,0.044444444444444446,0.02040816326530612,3.0300413449141517e-06,0.0,0.0162146669481101
IND768216AAA,0.0,0.02040816326530612,0.0,0.0,0.00510204081632653
IND770017AAB,0.022222222222222223,0.0,0.0,0.0,0.005555555555555556
IND781001AAA,0.0,0.02040816326530612,0.0,0.0,0.00510204081632653
IND781003AAA,0.022222222222222223,0.02040816326530612,0.0,0.0,0.010657596371882086
IND781005AAA,0.022222222222222223,0.02040816326530612,0.0,0.0,0.010657596371882086
IND781014AAA,0.0,0.04081632653061224,0.0,0.0,0.01020408163265306
IND781102AAA,0.044444444444444446,0.02040816326530612,0.0016756128637375257,0.0,0.017050958359306406
IND781124AAA,0.022222222222222223,0.02040816326530612,0.0,0.0,0.010657596371882086
IND781018AAA,0.0,0.02040816326530612,0.0,0.0,0.00510204081632653
IND781022AAA,0.022222222222222223,0.02040816326530612,0.0,0.0,0.010657596371882086
IND781354AAA,0.022222222222222223,0.02040816326530612,0.013417023075279864,0.0,0.01736610790952202
IND784001AAA,0.06666666666666667,0.08163265306122448,0.006713056599657303,0.19047619047619047,0.04043135823180144
IND784125AAA,0.022222222222222223,0.02040816326530612,0.0016831879670998113,1.0,0.011499190355431992
IND784168AAB,0.06666666666666667,0.04081632653061224,0.016737948389305774,0.3,0.035239722493972614
IND785001AAA,0.11111111111111112,0.061224489795918366,0.036627139777322265,0.13333333333333333,0.061397470115418504
IND785612AAB,0.044444444444444446,0.04081632653061224,0.033083506424445165,0.3333333333333333,0.03785694595598675
IND785621AAA,0.044444444444444446,0.02040816326530612,0.00017725741867747786,0.6666666666666666,0.01630178063677638
IND788026AAC,0.08888888888888889,0.08163265306122448,0.02010280930283294,0.19047619047619047,0.052681790138944806
IND793001AAA,0.022222222222222223,0.04081632653061224,0.0016831879670998113,1.0,0.01660123117175852
IND781335AAA,0.022222222222222223,0.02040816326530612,0.013407932951245122,0.0,0.017361562847504647
IND783129AAA,0.022222222222222223,0.02040816326530612,0.01503052009144665,0.0,0.01817285641760541
IND794101AAA,0.022222222222222223,0.02040816326530612,0.015021429967411905,0.0,0.018168311355588038
IND783301AAA,0.044444444444444446,0.02040816326530612,0.015048700339516134,0.0,0.023737502097195707
IND783348AAA,0.022222222222222223,0.02040816326530612,0.015039610215481392,0.0,0.018177401479622782
IND783370AAB,0.0,0.02040816326530612,0.0,0.0,0.00510204081632653
IND784101AAA,0.022222222222222223,0.02040816326530612,0.0,1.0,0.010657596371882086
IND790114AAA,0.044444444444444446,0.0,0.0,1.0,0.011111111111111112
IND791111AAC,0.044444444444444446,0.0,0.0,1.0,0.011111111111111112
IND784110AAA,0.022222222222222223,0.04081632653061224,0.0016740978430650688,0.6666666666666666,0.01659668610974115
IND784176AAA,0.022222222222222223,0.02040816326530612,0.016716738099891375,1.0,0.019015965421827773
IND785112AAC,0.022222222222222223,0.04081632653061224,0.0016831879670998113,1.0,0.01660123117175852
IND785682AAA,0.044444444444444446,0.04081632653061224,0.0332410685743807,0.0,0.03793572703095452
IND798601AAA,0.022222222222222223,0.02040816326530612,0.0,0.0,0.010657596371882086
IND785634AAA,0.022222222222222223,0.02040816326530612,0.0,1.0,0.010657596371882086
IND785675AAA,0.022222222222222223,0.02040816326530612,0.03143819397415678,0.0,0.026376693358960476
IND785690AAB,0.022222222222222223,0.02040816326530612,0.0,0.0,0.010657596371882086
IND786001AAB,0.13333333333333333,0.14285714285714285,0.04994417148821996,0.10606060606060606,0.09401970479172903
IND786125AAA,0.044444444444444446,0.02040816326530612,0.0,1.0,0.016213151927437643
IND786171AAA,0.022222222222222223,0.02040816326530612,0.005040473777264691,1.0,0.013177833260514433
IND786184AAA,0.022222222222222223,0.04081632653061224,0.0,1.0,0.015759637188208615
IND786190AAA,0.06666666666666667,0.04081632653061224,0.00334668066545768,0.6666666666666666,0.02854408863204857
IND786602AAA,0.022222222222222223,0.0,0.0,0.0,0.005555555555555556
IND792103AAB,0.044444444444444446,0.02040816326530612,0.0033648609135271653,0.6666666666666666,0.017895582384201223
IND786181AAC,0.06666666666666667,0.061224489795918366,0.008382609380705001,0.16666666666666666,0.03616409380599876
IND792120AAB,0.022222222222222223,0.02040816326530612,0.0,0.0,0.010657596371882086
IND792121AAB,0.022222222222222223,0.02040816326530612,0.0,0.0,0.010657596371882086
IND787001AAA,0.044444444444444446,0.02040816326530612,0.003363345892854708,0.0,0.017894824873864994
IND787057AAA,0.022222222222222223,0.02040816326530612,0.005040473777264691,0.0,0.013177833260514433
IND787059AAB,0.022222222222222223,0.02040816326530612,0.00671457162032976,0.0,0.014014882182046967
IND791102AAA,0.044444444444444446,0.02040816326530612,0.010062767306459898,0.0,0.02124453558066759
IND788121AAA,0.022222222222222223,0.02040816326530612,0.0016831879670998113,1.0,0.011499190355431992
IND788151AAA,0.022222222222222223,0.04081632653061224,0.003363345892854708,1.0,0.01744131013463597
IND799250AAA,0.022222222222222223,0.02040816326530612,0.0016862180084447253,0.0,0.01150070537610445
IND796081AAA,0.022222222222222223,0.02040816326530612,0.0016740978430650688,1.0,0.01149464529341462
IND788713AAA,0.044444444444444446,0.04081632653061224,0.0,1.0,0.021315192743764172
IND788806AAA,0.044444444444444446,0.04081632653061224,0.00334668066545768,1.0,0.022988533076493012
IND790001AAB,0.0,0.02040816326530612,0.0,0.0,0.00510204081632653
IND791109AAA,0.0,0.02040816326530612,0.0,0.0,0.00510204081632653
IND791110AAA,0.0,0.02040816326530612,0.0,0.0,0.00510204081632653
IND791125AAB,0.0,0.02040816326530612,0.0,0.0,0.00510204081632653
IND792001AAA,0.022222222222222223,0.04081632653061224,0.0033557707894924225,0.6666666666666666,0.017437522582954827
IND792110AAA,0.022222222222222223,0.02040816326530612,0.0,1.0,0.010657596371882086
IND792130AAB,0.0,0.02040816326530612,0.0,0.0,0.00510204081632653
IND793150AAA,0.022222222222222223,0.02040816326530612,0.0,1.0,0.010657596371882086
IND796009AAA,0.022222222222222223,0.02040816326530612,0.0,0.0,0.010657596371882086
IND796321AAB,0.022222222222222223,0.02040816326530612,0.0,0.0,0.010657596371882086
IND799008AAA,0.022222222222222223,0.0,0.0,0.0,0.005555555555555556
IND801103AAA,0.0,0.02040816326530612,0.0,0.0,0.00510204081632653
IND802301AAA,0.022222222222222223,0.02040816326530612,1.5150206724570758e-06,0.0,0.010658353882218315
IND802101AAA,0.022222222222222223,0.04081632653061224,0.0033648609135271653,0.6666666666666666,0.0174420676449722
IND802119AAA,0.022222222222222223,0.02040816326530612,0.0,1.0,0.010657596371882086
IND802158AAB,0.044444444444444446,0.02040816326530612,0.00334668066545768,0.6666666666666666,0.017886492260166482
IND802212AAA,0.022222222222222223,0.02040816326530612,0.00334668066545768,0.0,0.012330936704610926
IND802213AAB,0.022222222222222223,0.02040816326530612,0.0033557707894924225,0.0,0.012335481766628298
IND804401AAA,0.022222222222222223,0.0,0.0,0.0,0.005555555555555556
IND803101AAA,0.022222222222222223,0.02040816326530612,9.090124034742456e-06,0.0,0.010662141433899458
IND805110AAD,0.022222222222222223,0.02040816326530612,9.090124034742456e-06,0.0,0.010662141433899458
IND803116AAA,0.022222222222222223,0.02040816326530612,6.060082689828303e-06,0.0,0.010660626413227
IND803108AAB,0.022222222222222223,0.0,0.0,0.0,0.005555555555555556
IND803213AAA,0.0,0.04081632653061224,0.0,1.0,0.01020408163265306
IND803212AAB,0.044444444444444446,0.0,0.0,1.0,0.011111111111111112
IND811105AAA,0.022222222222222223,0.02040816326530612,0.0,1.0,0.010657596371882086
IND804420AAA,0.022222222222222223,0.02040816326530612,6.060082689828303e-06,0.0,0.010660626413227
IND804452AAA,0.0,0.02040816326530612,0.0,0.0,0.00510204081632653
IND811201AAB,0.044444444444444446,0.04081632653061224,0.0,0.6666666666666666,0.021315192743764172
IND811213AAA,0.044444444444444446,0.04081632653061224,1.5150206724570758e-06,0.6666666666666666,0.0213159502541004
IND813213AAA,0.044444444444444446,0.0,0.0,1.0,0.011111111111111112
IND811307AAA,0.0,0.04081632653061224,0.0,1.0,0.01020408163265306
IND812002AAA,0.022222222222222223,0.02040816326530612,0.0,1.0,0.010657596371882086
IND813203AAA,0.044444444444444446,0.0,0.0,1.0,0.011111111111111112
IND813102AAA,0.0,0.04081632653061224,0.0,1.0,0.01020408163265306
IND814101AAB,0.022222222222222223,0.02040816326530612,0.0033557707894924225,0.0,0.012335481766628298
IND816107AAA,0.022222222222222223,0.02040816326530612,0.00334668066545768,0.0,0.012330936704610926
IND814112AAA,0.06666666666666667,0.04081632653061224,0.005040473777264691,0.5,0.029390985187952072
IND814133AAA,0.022222222222222223,0.02040816326530612,0.0,0.0,0.010657596371882086
IND814133AAB,0.06666666666666667,0.02040816326530612,0.0033527407481475087,0.5,0.02344507785706695
IND816109AAA,0.044444444444444446,0.02040816326530612,0.005019263487850293,0.0,0.018722783671362788
IND815301AAA,0.022222222222222223,0.061224489795918366,0.0,0.8333333333333334,0.020861678004535148
IND815353AAA,0.044444444444444446,0.061224489795918366,0.0016680377603752405,0.8333333333333334,0.027251252440278324
IND815351AAA,0.022222222222222223,0.02040816326530612,0.0033648609135271653,0.0,0.01234002682864567
IND821109AAA,0.022222222222222223,0.02040816326530612,0.0033648609135271653,0.0,0.01234002682864567
IND824101AAA,0.044444444444444446,0.04081632653061224,0.00335728581016488,0.0,0.022993835648846613
IND821307AAA,0.022222222222222223,0.02040816326530612,0.0,0.0,0.010657596371882086
IND825102AAA,0.022222222222222223,0.02040816326530612,0.0,1.0,0.010657596371882086
IND827013AAA,0.044444444444444446,0.02040816326530612,0.0033557707894924225,0.6666666666666666,0.017891037322183855
IND825301AAA,0.022222222222222223,0.02040816326530612,0.0033557707894924225,0.0,0.012335481766628298
IND825409AAA,0.022222222222222223,0.02040816326530612,0.00334668066545768,0.0,0.012330936704610926
IND826001AAC,0.0,0.02040816326530612,0.0,0.0,0.00510204081632653
IND828111AAA,0.044444444444444446,0.02040816326530612,0.0016756128637375257,0.0,0.017050958359306406
IND828205AAA,0.022222222222222223,0.0,0.0,0.0,0.005555555555555556
IND828401AAB,0.022222222222222223,0.02040816326530612,0.0,0.0,0.010657596371882086
IND829121AAA,0.022222222222222223,0.02040816326530612,0.00334668066545768,1.0,0.012330936704610926
IND829122AAA,0.022222222222222223,0.02040816326530612,0.0033648609135271653,0.0,0.01234002682864567
IND832109AAB,0.022222222222222223,0.02040816326530612,0.0,0.0,0.010657596371882086
IND841101AAA,0.0,0.02040816326530612,0.0,0.0,0.00510204081632653
IND841207AAB,0.044444444444444446,0.0,0.0,0.0,0.011111111111111112
IND841226AAB,0.044444444444444446,0.02040816326530612,3.0300413449141517e-06,0.3333333333333333,0.0162146669481101
IND841428AAA,0.044444444444444446,0.0,0.0,1.0,0.011111111111111112
IND841301AAC,0.022222222222222223,0.02040816326530612,3.0300413449141517e-06,0.0,0.010659111392554543
IND841405AAA,0.0,0.02040816326530612,0.0,0.0,0.00510204081632653
IND841424AAA,0.0,0.04081632653061224,0.0,1.0,0.01020408163265306
IND843105AAB,0.022222222222222223,0.02040816326530612,0.0,1.0,0.010657596371882086
IND843109AAB,0.044444444444444446,0.04081632653061224,0.0,1.0,0.021315192743764172
IND843126AAA,0.044444444444444446,0.04081632653061224,0.0,1.0,0.021315192743764172
IND843301AAA,0.044444444444444446,0.02040816326530612,0.0016740978430650688,0.6666666666666666,0.017050200848970177
IND843320AAA,0.044444444444444446,0.02040816326530612,0.005026838591212577,0.6666666666666666,0.01872657122304393
IND843329AAB,0.022222222222222223,0.02040816326530612,0.0,1.0,0.010657596371882086
IND845401AAA,0.044444444444444446,0.02040816326530612,0.0033557707894924225,0.6666666666666666,0.017891037322183855
IND845412AAB,0.022222222222222223,0.02040816326530612,0.0,1.0,0.010657596371882086
IND845418AAB,0.044444444444444446,0.04081632653061224,1.5150206724570758e-06,1.0,0.0213159502541004
IND845438AAA,0.044444444444444446,0.02040816326530612,0.0016831879670998113,1.0,0.01705474591098755
IND846004AAA,0.022222222222222223,0.04081632653061224,0.0033648609135271653,0.6666666666666666,0.0174420676449722
IND847212AAA,0.022222222222222223,0.02040816326530612,0.0016831879670998113,1.0,0.011499190355431992
IND848101AAA,0.044444444444444446,0.02040816326530612,0.0033557707894924225,0.6666666666666666,0.017891037322183855
IND848114AAA,0.022222222222222223,0.02040816326530612,0.005046533859954519,1.0,0.013180863301859344
IND854326AAB,0.17777777777777778,0.16326530612244897,0.07886894616677045,0.15384615384615385,0.1246952440584419
IND847223AAA,0.022222222222222223,0.02040816326530612,0.0050177484671778344,1.0,0.013166470605471003
IND844101AAB,0.0,0.02040816326530612,0.0,0.0,0.00510204081632653
IND844505AAB,0.022222222222222223,0.02040816326530612,0.00334668066545768,1.0,0.012330936704610926
IND845305AAA,0.022222222222222223,0.02040816326530612,0.00334668066545768,1.0,0.012330936704610926
IND845455AAB,0.022222222222222223,0.04081632653061224,0.0016740978430650688,1.0,0.01659668610974115
IND847103AAA,0.022222222222222223,0.02040816326530612,0.0033557707894924225,1.0,0.012335481766628298
IND847404AAB,0.044444444444444446,0.02040816326530612,0.00334668066545768,0.6666666666666666,0.017886492260166482
IND847226AAA,0.022222222222222223,0.02040816326530612,0.0016740978430650688,1.0,0.01149464529341462
IND848210AAA,0.022222222222222223,0.04081632653061224,0.005037443735919777,0.6666666666666666,0.018278359056168505
IND851127AAA,0.022222222222222223,0.04081632653061224,0.0016847029877722682,0.3333333333333333,0.01660198868209475
IND851112AAB,0.022222222222222223,0.0,0.0,0.0,0.005555555555555556
IND852111AAA,0.044444444444444446,0.08163265306122448,3.0300413449141517e-06,0.5,0.03152078939708969
IND852118AAA,0.044444444444444446,0.04081632653061224,0.0,0.6666666666666666,0.021315192743764172
IND854311AAA,0.044444444444444446,0.061224489795918366,0.00839775958742957,0.6666666666666666,0.03061611335380549
IND854335AAA,0.044444444444444446,0.061224489795918366,0.0016831879670998113,0.6666666666666666,0.02725882754364061
IND852113AAA,0.044444444444444446,0.04081632653061224,0.0,0.6666666666666666,0.021315192743764172
IND852139AAB,0.044444444444444446,0.02040816326530612,0.0033421356034403094,0.6666666666666666,0.017884219729157796
IND852201AAA,0.06666666666666667,0.061224489795918366,3.0300413449141517e-06,0.6666666666666666,0.031974304136318715
IND852118A1B,0.06666666666666667,0.02040816326530612,0.0033375905414229383,0.8333333333333334,0.023437502753704664
IND852131AAA,0.044444444444444446,0.04081632653061224,0.001681672946427354,0.6666666666666666,0.02215602921697785
IND853204AAA,0.044444444444444446,0.02040816326530612,1.5150206724570758e-06,0.3333333333333333,0.01621390943777387
IND851204AAA,0.044444444444444446,0.0,0.0,1.0,0.011111111111111112
IND854105AAA,0.022222222222222223,0.02040816326530612,0.0,0.0,0.010657596371882086
IND854105AAB,0.022222222222222223,0.04081632653061224,0.0033724360168894507,0.3333333333333333,0.017445855196653343
IND854334AAA,0.044444444444444446,0.061224489795918366,0.005040473777264691,0.6,0.028937470448723048
